PeakID	Chr	Start	End	Conc	Conc_KO	Conc_WT	Fold	p-value	FDR
3957	chr15	59537192	59544995	9.51443009033857	8.52398846944681	10.0961923398719	-1.43221737262032	2.34666139012843e-25	2.43351503405168e-21
4497	chr16	32738162	32744354	9.31521899689576	9.89493327165368	8.33085008623333	1.42303866667573	4.11901664531429e-25	2.43351503405168e-21
10365	chr7	140318184	140331833	10.3067889777821	9.50757134315333	10.8180943408262	-1.21448609290126	2.14287957183097e-24	8.44008834025158e-21
10366	chr7	140352466	140362666	8.9433956792653	7.85172464691428	9.5576649185623	-1.52508936140037	2.29803480422775e-23	6.78839481168878e-20
1432	chr11	4364704	4371110	8.07372993550509	6.7978280601452	8.74006213598163	-1.68485767335784	5.20295514719021e-22	1.22956236038399e-18
10367	chr7	140368728	140381330	10.4747777123081	9.78267287993992	10.94054308893	-1.07383735403402	2.02259075040621e-21	3.98315538446662e-18
3961	chr15	59725361	59732606	9.15837565531705	8.45894621321636	9.62741169985674	-1.08127475203868	3.06339539202182e-21	5.17101142173283e-18
6476	chr2	104558588	104564386	8.7896007871413	7.81390857555837	9.36636881873824	-1.3919539140851	4.2321084052714e-21	6.25082411458585e-18
7475	chr4	32286442	32294967	9.6609932332869	10.11964218116	8.98464171070859	1.05344746567778	4.91514339811008e-21	6.45303715467429e-18
6407	chr2	85008015	85017725	10.0608736026851	10.5773294733432	9.24880115900206	1.21221344082758	5.87666885367418e-21	6.94387191750141e-18
10364	chr7	140203194	140215343	10.1325663622123	9.21612768644821	10.6885638065874	-1.32350909529094	1.42198541053431e-20	1.52747087371577e-17
6131	chr2	27019682	27029798	9.68695882086608	9.05441278220503	10.1252122111997	-0.994674262165389	5.62784948901841e-20	5.54155579685346e-17
1000	chr10	60157364	60173859	10.7452463221134	10.0783222245235	11.1995821387812	-1.03673248219663	1.58509497180822e-19	1.44072939899122e-16
10363	chr7	140185517	140197824	9.57155973073838	8.61809211819869	10.1406718299878	-1.34785557695714	5.01466593540544e-19	4.23237804948219e-16
10344	chr7	132744720	132784502	11.7968408479899	11.2533089453956	12.1907081653222	-0.878838227393116	6.10523591287844e-19	4.80929783643811e-16
3956	chr15	59519437	59527517	9.97741247396212	9.34044796663814	10.4177645540054	-0.994784492847009	8.29567113654928e-19	6.12635313434164e-16
3503	chr14	45071284	45104564	11.8817025687395	11.4126484225998	12.235095780128	-0.778716362973395	1.75037982719687e-18	1.21661694342107e-15
636	chr1	171766065	171774726	9.61430297167684	8.99019684727793	10.0485210839273	-0.977996984018461	2.61160607129138e-18	1.71437429657661e-15
3499	chr14	44998986	45012451	10.0637598650847	9.44385458769686	10.4959564193251	-0.972245812736612	2.90401372709056e-18	1.80599085259485e-15
2834	chr12	113225790	113258308	10.6567916626265	10.0971007879	11.0590253809117	-0.894922291312477	9.1635547435264e-18	5.4138281424754e-15
3977	chr15	62480916	62485154	7.84744391409158	6.8708438716091	8.42452132029152	-1.35543774655023	1.04043449404303e-17	5.85417808648211e-15
7626	chr4	63926497	63948196	10.8813882973031	10.0992833191187	11.3857364409092	-1.15648595959535	1.39174470381737e-17	7.47493428195731e-15
6374	chr2	73561082	73565638	7.94721790565112	8.60803853879087	6.69230319693534	1.59229173563269	1.76695722372608e-17	9.07755067632496e-15
4632	chr16	76221785	76230796	9.59150477905359	10.0628171655065	8.8869455987935	1.06295186246917	4.89501226268756e-17	2.40997770399651e-14
222	chr1	69678173	69693999	10.7990353227869	11.2296414458079	10.1824223052928	0.960787331511217	9.3753658309351e-17	4.41445829166163e-14
2409	chr12	16552720	16564580	10.3992251877738	10.8238278025859	9.79494007648261	0.944367743894097	9.71360152193657e-17	4.41445829166163e-14
6563	chr2	126307260	126343599	11.6459126804051	11.0736481849903	12.0545590186387	-0.906171924192622	1.08714457840361e-16	4.75766679200631e-14
3502	chr14	45059329	45070531	8.61680565481254	7.76188759221887	9.14997353840001	-1.22325266079561	1.14759247789605e-16	4.84284025672134e-14
4007	chr15	67281063	67296540	10.7842008884019	10.2791356132275	11.1575668013865	-0.820490603795096	2.28459230127899e-16	9.30853194203883e-14
4614	chr16	57552778	57558613	8.87804981926207	8.06278159917199	9.39577619774906	-1.18007198732685	2.71774569981604e-16	1.07042943963421e-13
4005	chr15	67123807	67164815	11.767788021867	11.3096607029813	12.1149654813735	-0.756810978430749	7.20679237738461e-16	2.74695028165086e-13
10735	chr8	81849534	81873359	11.4863063729055	11.0448335287397	11.8238662483288	-0.7333929745879	1.05470267838593e-15	3.89448963994004e-13
8622	chr5	113968581	113982394	10.7885691187103	11.2144110625414	10.1817519106426	0.94138810877983	1.29923432683213e-15	4.59868926659781e-13
4074	chr15	78500749	78505562	8.35820493512868	8.94119144875115	7.36411670967279	1.34230530214421	1.32325182011108e-15	4.59868926659781e-13
104	chr1	40044115	40060863	10.588501056147	9.97200597947524	11.0190501041417	-0.950389769309826	3.8429209868509e-15	1.29737012516086e-12
8346	chr5	53417799	53429229	8.91007172633981	8.15570038861047	9.40289434996626	-1.10439361136352	4.22380205909519e-15	1.38634569806302e-12
5166	chr17	57122646	57130438	8.79857457885133	8.12613020463213	9.25544095419727	-1.01277940225706	7.30135881615612e-15	2.33169880464056e-12
2821	chr12	112627294	112630349	8.17182561590037	8.69547453690219	7.3415283497755	1.17554459272833	8.91438704933971e-15	2.76232434125688e-12
4099	chr15	79954356	79959167	8.26942062800159	8.78586986134006	7.45736485357001	1.15825467417649	9.11735352987629e-15	2.76232434125688e-12
484	chr1	135815397	135824978	9.2936047706386	8.71019296613298	9.70786629631805	-0.908127461657195	1.46874440380616e-14	4.33867096884339e-12
7537	chr4	43832854	43839657	8.81520579776584	9.22867251683958	8.23337973603553	0.902198257878803	3.58390445537709e-14	1.03286378157892e-11
9442	chr6	114654783	114662425	9.50040093679912	8.87200069499981	9.93667650568188	-0.954337090208016	6.16371942035621e-14	1.73405973026021e-11
11157	chr9	33029195	33039225	9.31442257662753	8.60349245979683	9.78854588605552	-1.04588158798373	9.97018445486101e-14	2.7397139422939e-11
4584	chr16	51669790	51723046	13.3070968354932	13.6089458448168	12.9249156792208	0.645349039495124	1.82524374011668e-13	4.90160909845879e-11
5273	chr17	83524367	83529665	8.32597649171962	8.75877478944942	7.70482266963129	0.94135075680917	1.98600498454766e-13	5.20496639017044e-11
4585	chr16	51746263	51773378	12.0648370898935	12.4333473458828	11.5686559183531	0.794732296693457	2.02630715934191e-13	5.20496639017044e-11
10901	chr8	114970844	114986593	10.0964588557392	10.5104850708802	9.51351679913933	0.898212302687363	2.09970363629753e-13	5.2787442907429e-11
3026	chr13	43784251	43790953	8.80161417252925	8.09952159856343	9.27183345102512	-1.02856677509481	2.22522158358367e-13	5.47775379825513e-11
8426	chr5	73205373	73216740	10.2270325713438	10.5720942303753	9.77259521256331	0.740818818887948	2.34082677622334e-13	5.64473656895001e-11
5544	chr18	65186445	65192585	8.73945688329348	9.28402018190297	7.85428025268306	1.20637809786763	2.4107233068923e-13	5.69702131884789e-11
4581	chr16	49963532	49974006	10.3271925214603	9.81766352883558	10.7029807249916	-0.811154292407763	2.49847267599687e-13	5.78861826266256e-11
9561	chr6	129580579	129585502	8.7954492948355	9.22903292900703	8.1726635831896	0.941629817106464	2.6375636243048e-13	5.99335611245875e-11
333	chr1	91826225	91832777	8.51287233899808	7.73679389593052	9.01474256407004	-1.10318831818953	2.89352380433501e-13	6.45092024000424e-11
7021	chr3	58674193	58699766	11.3746003724772	10.9957379018324	11.6743798906358	-0.639968497406065	4.23029451830131e-13	9.25651111634228e-11
8589	chr5	110593866	110599889	9.1481978070817	8.57794576799915	9.55582344219207	-0.882603509838542	4.66169180907236e-13	1.00150091665453e-10
9506	chr6	122288131	122298936	9.76332232883562	9.23911210016423	10.1469965947089	-0.826593253898097	5.30170197249416e-13	1.11865911619627e-10
223	chr1	69756973	69775052	11.827534937571	12.2117546933298	11.3023006536192	0.82764681118642	6.25031529385722e-13	1.29567939495117e-10
6390	chr2	79032558	79063926	11.9555739013263	12.3404276321064	11.4291480465644	0.828060233720999	7.84024563033458e-13	1.59724728220747e-10
10829	chr8	105603815	105608663	8.5793811501378	9.09379099555351	7.77243446573863	1.12519853640872	8.12415623252329e-13	1.62703440751687e-10
9196	chr6	52987152	52992870	8.50676895698232	7.84283293325362	8.95972910027532	-0.983336124200599	9.39533121741249e-13	1.85025389441577e-10
7656	chr4	87992665	88036385	11.8316867024269	11.4551959537711	12.1299824986511	-0.634915832927431	1.02120791337659e-12	1.97812995155045e-10
10734	chr8	81818372	81842242	10.5299578711509	10.0777085970153	10.8737608663652	-0.734887650779007	1.26057904982144e-12	2.40241968591777e-10
3874	chr15	36435886	36459112	11.2258520685404	10.7838624358899	11.5637130209168	-0.722267394464204	1.49922252775357e-12	2.81187514094225e-10
2766	chr12	106307750	106314175	8.48072381762576	8.99913477806289	7.66372952270164	1.12788118927733	1.58669566202146e-12	2.92943686600712e-10
4933	chr17	29767358	29771820	8.80912007561712	9.29681226587964	8.06685475974331	1.05716964306026	1.64908185556386e-12	2.99777710851424e-10
8345	chr5	53406994	53416858	9.09985416491401	8.53828891086673	9.50304919115655	-0.86593265381822	1.72556385787429e-12	3.08928220373373e-10
5926	chr19	43915113	43923119	9.23245971110245	9.67543908145841	8.58993558881122	0.954404379007843	1.80352036283664e-12	3.18065621004146e-10
9327	chr6	87444649	87450353	8.80463583088009	9.2596217170011	8.13629658008499	0.981575455581782	1.9744864755212e-12	3.38665828914102e-10
5465	chr18	38378697	38382428	8.87532436801085	9.27624535912163	8.31818713898998	0.860325365975933	1.97765252158709e-12	3.38665828914102e-10
5337	chr17	88595406	88601243	8.69259835624664	9.15350074406753	8.01128547137377	0.994516162476767	2.0120280033626e-12	3.39630326967606e-10
5306	chr17	84852922	84862179	10.4847711494106	10.9372253128724	9.82193188468892	0.975852127387621	2.57358986414253e-12	4.28303349784621e-10
3714	chr14	77842282	77853734	9.0363727958232	8.40272280649156	9.47515143089452	-0.94586183054892	2.79294921202641e-12	4.58353998462556e-10
9460	chr6	115757904	115766595	8.51685750072825	8.96783332192278	7.85721571660881	0.972501498731218	3.20137372220785e-12	5.18183998652164e-10
4870	chr17	27100102	27105796	8.3791929120351	8.79213882541634	7.79840450803284	0.883367735735581	4.24002055631744e-12	6.77028147208742e-10
5578	chr18	70543614	70547384	9.06583041925261	9.50664291520342	8.42789390239859	0.944256425352	4.97680475619622e-12	7.84078999989527e-10
5546	chr18	65310317	65315633	8.64121518064626	9.0462858408225	8.07598213926865	0.866069540204744	5.93142268486747e-12	9.22180137426238e-10
6956	chr3	32415871	32424697	9.04565312236287	8.55448976850555	9.41140033238435	-0.778712031075675	6.27023921884197e-12	9.62196709218659e-10
1298	chr10	116908794	116925908	11.4287834576001	11.7871818922369	10.9508353273993	0.762886594195572	6.55722646874106e-12	9.93335743008261e-10
8263	chr5	33514626	33523129	10.2234066628229	10.6481187121856	9.61889822999326	0.907935290740668	7.28543368785329e-12	1.08967955007183e-09
2923	chr13	24505471	24517129	9.74998325511812	10.1641891003196	9.16668262568939	0.884130308326534	8.01970773782067e-12	1.18451083287611e-09
501	chr1	138321673	138329605	9.63029758461742	9.99184096672167	9.14671697331696	0.767172051876169	1.07167812072858e-11	1.56332699685542e-09
8517	chr5	100640029	100646716	9.05544991796988	9.47830145952056	8.4547312057737	0.89983910224127	1.18234750198034e-11	1.70373391260972e-09
1159	chr10	81427701	81436373	9.24536131250246	9.65664889529943	8.66786952996835	0.875697960855975	1.28527059718162e-11	1.82972980437326e-09
8391	chr5	65664457	65677480	9.22766999110307	8.63551680726267	9.64628943651656	-0.893039595983371	1.48933033118086e-11	2.09499133252775e-09
9399	chr6	108301783	108345189	11.9964650312941	11.5371503232314	12.3443215244179	-0.737811109444191	1.57461303576947e-11	2.188897368312e-09
5617	chr18	79061379	79083454	11.6419739991291	12.0159365498807	11.1358112357499	0.794276188267493	1.61926733715505e-11	2.22479800649116e-09
4615	chr16	57564613	57575631	9.58206497890788	8.91259321835583	10.0375704286538	-0.973135298709409	1.83094234922906e-11	2.48671434465409e-09
7920	chr4	132936596	132952631	11.0324575321867	11.3582952957623	10.6108802811797	0.689204001437259	1.8774062775973e-11	2.50384392035548e-09
4692	chr16	93571647	93577051	9.3965580941356	9.82801085926357	8.77819387872969	0.917429024824006	1.88593524806734e-11	2.50384392035548e-09
7709	chr4	106926473	106951526	10.6143567107855	10.1174788120851	10.9832494410682	-0.782323397047065	2.28950228435111e-11	3.00586211021031e-09
11653	chr9	123805028	123817434	9.24170017572774	8.61204622307886	9.67857473407112	-0.928970160944308	2.65043309524491e-11	3.44148543444109e-09
4443	chr16	21206307	21212155	8.17790501611459	8.68798686469135	7.38171761098852	1.08757217528084	2.69807320091532e-11	3.46526445021906e-09
2177	chr11	106561973	106573131	10.2559076394077	10.6277217212028	9.75369086438935	0.786542435284448	2.99219042530246e-11	3.80169054466386e-09
801	chr10	8211717	8216447	8.99277123501596	9.35407498520075	8.50962100313028	0.764760978378525	3.19220901265015e-11	4.01267464824193e-09
6197	chr2	31458475	31461808	7.63633319520379	8.18520082327531	6.73949647266833	1.17043199485538	3.39807387742672e-11	4.18534208419981e-09
4258	chr15	99274542	99277828	8.35881885958799	8.85062737168008	7.60685196178286	1.04416570684051	3.40041333855096e-11	4.18534208419981e-09
7598	chr4	59317206	59323724	9.35646141292059	9.75975568492652	8.79470243735895	0.853462442778142	3.63756143582154e-11	4.43107483769766e-09
9314	chr6	86578627	86585949	8.74476793949261	9.18669954113365	8.10446478627465	0.936500034376106	3.84664152567295e-11	4.63795063952568e-09
1572	chr11	34097914	34106663	8.92284945849573	8.33048282033517	9.34157482537896	-0.885625912402476	4.09010610683229e-11	4.88168623821519e-09
8770	chr5	124048911	124051312	8.43116784600563	8.84249544412645	7.85359664956506	0.868894866629599	4.18550357507953e-11	4.94559102431397e-09
5305	chr17	84843428	84847828	8.83370837628407	9.21700499237099	8.31020646230732	0.808982230478642	5.098022380232e-11	5.96418143018033e-09
7658	chr4	88113459	88116663	7.78334420410036	6.95868023823439	8.3047832627039	-1.11022831651429	6.06660622007366e-11	7.02774697023435e-09
6018	chr2	4557888	4571810	10.4355408741739	10.8054931882016	9.93673007894357	0.779009466571469	7.52912380294831e-11	8.63729386947934e-09
6483	chr2	106995834	107000470	8.06217780279398	8.48057185752192	7.47047867198224	0.885369049823006	7.96544571911658e-11	9.04997179010399e-09
8374	chr5	64800547	64821621	10.7964864615786	11.1952167488905	10.243595613288	0.84033115883451	8.46161264097568e-11	9.52213475864463e-09
7369	chr3	144201396	144206685	8.76726552019317	9.1527569663332	8.23963954181899	0.812053549078019	1.02433138038166e-10	1.14183958401789e-08
7338	chr3	135577654	135583099	9.25520612913399	9.72561685566139	8.55268199067251	0.990704609792178	1.05027606700793e-10	1.15981887923044e-08
7474	chr4	32275663	32285690	10.1265800582394	10.4844434735825	9.64958672406176	0.75130644941435	1.27208159535242e-10	1.39175149358187e-08
7473	chr4	32245067	32269894	11.9462281375275	12.2814815414057	11.5087045798787	0.704425538356022	1.38941615219876e-10	1.50617809673216e-08
2288	chr11	118152687	118156378	8.15184641706617	8.67799981029123	7.31512763114283	1.10448403347696	1.42520658215499e-10	1.53093099770394e-08
6628	chr2	132507495	132529514	11.8151678129275	12.0794811725164	11.4913191590228	0.552913690749287	1.5201727837563e-10	1.61823077593373e-08
10113	chr7	99427387	99435752	8.9669635553711	8.41734672608511	9.36399808894439	-0.832525362396167	1.73581929919028e-10	1.83128936064575e-08
8797	chr5	125135962	125143417	9.47389440513319	9.84599290602005	8.97115620788821	0.779871431593842	1.75177618667628e-10	1.83176879838645e-08
2998	chr13	41444859	41461708	9.78233495983585	9.22745937309702	10.1820903885405	-0.838282667287187	1.90101012579134e-10	1.9703803198553e-08
3960	chr15	59644642	59656618	10.0572708841396	9.60020708487658	10.4038394010553	-0.726522365188417	1.94088474281905e-10	1.99421688009999e-08
2194	chr11	107440409	107471594	12.2353327954333	12.541144142924	11.8467627857026	0.640777100686206	2.02325228248295e-10	2.06092663532918e-08
10111	chr7	99389718	99396897	8.38068217517422	7.83751034102853	8.77436143863199	-0.824295490378658	2.06331799049109e-10	2.083774818431e-08
764	chr1	192769087	192773600	8.92970252200213	9.32199288991617	8.38918578942689	0.821553354945263	2.11976085789853e-10	2.12263510990924e-08
8779	chr5	124335931	124341116	8.33938726432681	8.85793578399307	7.52204578537919	1.08351556637868	2.26340298168012e-10	2.2399282837666e-08
2298	chr11	119075182	119079116	8.0554923489031	8.47408073157414	7.46340175414445	0.877021543771225	2.27480868358152e-10	2.2399282837666e-08
5057	chr17	44761523	44781045	11.3297479006969	11.6345889642148	10.9427466141062	0.638649105373322	2.39150130468852e-10	2.32301358213188e-08
8043	chr4	144974886	144989735	9.76858982809334	9.27856912428952	10.133705754565	-0.764595963244817	2.3985075915715e-10	2.32301358213188e-08
5933	chr19	44251667	44259628	8.59164414996267	9.0082241840925	8.00359162285313	0.872494496180833	2.71308772503148e-10	2.60632882593268e-08
8429	chr5	73283313	73290077	9.57954923659302	9.89885444248051	9.16887264997593	0.668078972495068	2.73899058564554e-10	2.60999296451514e-08
4341	chr16	10563910	10571387	8.79038799534012	8.22125038050453	9.19744747850954	-0.850830326649711	2.92938753365424e-10	2.76909144781268e-08
7595	chr4	59250465	59268015	11.6267820192898	11.9473762564186	11.2139648794158	0.670794363795042	3.01126928360348e-10	2.82390141706815e-08
11607	chr9	119241738	119261182	11.0401167059657	10.6819537843754	11.3268117422645	-0.599546799345656	3.29177294721661e-10	3.06264481451271e-08
7125	chr3	89869985	89873092	7.78516210709785	7.09683884993064	8.24922945927334	-0.969874558085419	3.31850913836201e-10	3.06339874835043e-08
4801	chr17	23744702	23750703	8.43589734018914	8.89304795603462	7.76283098261096	0.953720397930024	3.4548124284505e-10	3.16450105849388e-08
7	chr1	9875509	9885768	9.75764630101548	10.1315961067641	9.25150699496809	0.780190569018819	3.64031351948087e-10	3.30876496509123e-08
10779	chr8	88172936	88178642	9.21111846600802	9.57504578677207	8.72324538204577	0.760188119597696	4.00817057208878e-10	3.61530866258023e-08
5047	chr17	44454788	44460854	8.85072018801077	8.2290821006705	9.283751672625	-0.901714965295047	4.18466904595376e-10	3.74591283689316e-08
2193	chr11	107405511	107423626	11.0370090337675	11.427735308074	10.4994734350538	0.815543504135184	4.45716484114781e-10	3.95410008507164e-08
9198	chr6	54456966	54461921	8.54765751708179	8.97825150561306	7.93106957570492	0.895517569865914	4.48416901996953e-10	3.95410008507164e-08
6373	chr2	73544219	73550007	8.4567404248509	8.82396042309973	7.96290578867872	0.767739645592344	5.06120376719139e-10	4.41101863259556e-08
2242	chr11	115222345	115234211	10.8341289136176	11.2413626420098	10.2646484494418	0.848780397280349	5.07700181138284e-10	4.41101863259556e-08
8419	chr5	72742014	72754773	10.5920672621968	10.9209246398483	10.1654064825007	0.685848166435414	5.40485629377342e-10	4.66158992461509e-08
1645	chr11	52073546	52078952	9.26307957749814	9.63129802831683	8.76742961708263	0.766929459638611	5.5333121026975e-10	4.73779824677345e-08
4990	chr17	34091879	34095187	7.71711054548233	8.22039074382315	6.937607269511	1.04114738910909	5.95761587383005e-10	5.05024049997621e-08
9887	chr7	45080059	45085706	9.64409299515457	9.99937745508576	9.17168827792567	0.739988127786462	5.98369727485333e-10	5.05024049997621e-08
6482	chr2	106982305	106991919	10.2889755632772	10.6383712547646	9.82696364412443	0.728185784969195	6.04511038740918e-10	5.06588825089552e-08
5442	chr18	35885146	35891805	8.70804669181575	9.14580811881298	8.07653352387917	0.909778076331126	6.69730935239784e-10	5.56543084076949e-08
7689	chr4	102602132	102609047	8.50533670225011	7.96367742093191	8.89822521977765	-0.819117882639922	6.73541477852097e-10	5.56543084076949e-08
2405	chr12	16005853	16010837	8.24008213105921	7.70399366986578	8.63004736531432	-0.810577106517555	7.47666160425102e-10	6.13501621637709e-08
11205	chr9	44553044	44558402	8.01938100843436	8.45001294114748	7.40271465264759	0.892345821663645	8.37076947995219e-10	6.8213111844907e-08
6999	chr3	51651823	51656770	8.67942813041468	9.06512064573669	8.15142344052562	0.798811264514615	8.91669181140754e-10	7.21641304408161e-08
2977	chr13	36384790	36417847	11.368189389937	11.6427791502947	11.0287528504278	0.571195564473199	8.99000711630696e-10	7.22625333920293e-08
1255	chr10	96348988	96353187	8.23292283391696	8.63411824509814	7.67525234159116	0.831647129358061	9.24520230018484e-10	7.38116962020163e-08
107	chr1	40390212	40405649	10.5406111462307	10.1350627476411	10.8568156771948	-0.657894954258746	1.04356350268005e-09	8.27566868970973e-08
1972	chr11	85489993	85496477	8.7505846577576	8.21673404426814	9.1393707260603	-0.805655074930856	1.05719441046639e-09	8.32787276938059e-08
6370	chr2	73343239	73350000	9.30815548078782	9.75890281317605	8.64900696757849	0.930919991517752	1.10385326386147e-09	8.63783454687891e-08
1795	chr11	70025682	70032528	9.58552082141028	9.93269971778725	9.12739099156846	0.720904239494294	1.13357138498039e-09	8.75499491498969e-08
9199	chr6	54483486	54509395	11.4145822666352	11.7748226409038	10.9333394516566	0.748423311101731	1.13477060217603e-09	8.75499491498969e-08
5865	chr19	32270629	32277703	8.93000269926666	8.34422511064626	9.34544756987077	-0.860663754261947	1.14105383963136e-09	8.75499491498969e-08
10577	chr8	46856743	46863376	9.70301349134519	10.0716669774593	9.20657146835968	0.764235804313199	1.197197569333e-09	9.12650740596043e-08
3974	chr15	62235417	62247146	9.37385003799719	8.93166442012489	9.71182512521216	-0.701366637372358	1.2177361822047e-09	9.22357098008383e-08
2411	chr12	16577215	16595632	10.8263562128981	11.2040023072163	10.3133890746054	0.783248094681203	1.26119810852938e-09	9.49192156075362e-08
8623	chr5	113983089	113993811	10.6363386037795	11.0010887697533	10.1469792996402	0.756425748497327	1.33057315539436e-09	9.95066607856946e-08
9321	chr6	86975123	86980025	8.49739146393924	8.93020384825524	7.87620839470568	0.890777401060885	1.35430756078621e-09	1.0064464237893e-07
2176	chr11	106553173	106559782	8.39795279250458	8.82190552824005	7.79499281992416	0.875404973822324	1.45753669866153e-09	1.07639085196154e-07
3500	chr14	45032505	45044125	10.4217271560901	10.0471929103921	10.7187959971399	-0.617290463531085	1.4795771469816e-09	1.0841293902157e-07
11631	chr9	121737274	121744497	8.96292509484488	8.4991434782475	9.31332823519404	-0.729086961518871	1.48636561624021e-09	1.0841293902157e-07
294	chr1	86490670	86493764	7.88304890634022	8.36565988988195	7.1526323193218	0.98945197408182	1.53770751492912e-09	1.11469644149708e-07
6852	chr2	170342192	170348557	9.65098329473496	10.0345476214611	9.12697932142033	0.792669105892724	1.60083918391338e-09	1.15338510958052e-07
1971	chr11	85405606	85410692	8.33823558043753	7.62744482123136	8.81229759497011	-0.974698668898042	1.64609680477325e-09	1.17880483910307e-07
8363	chr5	63765942	63769375	7.78172110161843	8.27449433246342	7.0274670053429	1.00806132042206	1.67942381693929e-09	1.19542601331052e-07
5307	chr17	84877900	84883389	8.14622097973563	8.55545141042538	7.57280296012122	0.845222947001411	1.78062173925888e-09	1.25905966314171e-07
4262	chr15	99455258	99459024	7.73950711716004	8.18489432324666	7.09185993653256	0.916452290163192	1.79013222247636e-09	1.25905966314171e-07
8545	chr5	105684998	105689963	8.23123146616839	8.631729830573	7.67491491754143	0.828104290846984	2.22917464740949e-09	1.55182639518876e-07
1323	chr10	118552595	118558620	9.19340218694357	9.62464372271392	8.57547517448328	0.885448186949408	2.23265476626683e-09	1.55182639518876e-07
7342	chr3	135661413	135671295	9.84061484856254	10.2009448174645	9.3592114758136	0.745106186968935	2.26191134481334e-09	1.5629675117143e-07
8651	chr5	115512452	115537559	11.4015390703983	11.7518762959054	10.9378733448475	0.724672413360756	2.50662801938313e-09	1.72199515564134e-07
7942	chr4	133657718	133662998	8.68860081382724	9.0594734487968	8.18810790722326	0.763177012779802	2.66917689480527e-09	1.82306324792018e-07
3024	chr13	43750061	43753441	7.68892745566884	6.98935709041542	8.15802619169152	-0.961386707054218	2.78228959897434e-09	1.88939850008511e-07
7562	chr4	46421560	46424716	7.70690650705299	8.22230931024673	6.89747541943983	1.04636623898346	3.02785092947129e-09	2.03881705659201e-07
1333	chr10	121372863	121377207	8.13706872390923	8.56636156218959	7.52316588326517	0.87858397836956	3.03682973899961e-09	2.03881705659201e-07
4856	chr17	26527766	26534251	9.64927982368001	9.99565860530321	9.1925471457458	0.714683851493872	3.05853160613212e-09	2.04178584508798e-07
9572	chr6	134330724	134352526	11.5236651762779	11.1783045621639	11.8021124557255	-0.576796100216452	3.20917982002184e-09	2.1303184692909e-07
7478	chr4	32359476	32366988	9.03754307742678	9.39107722404872	8.56823966724456	0.729417984213071	3.29085077002991e-09	2.17232920104321e-07
3094	chr13	52873846	52876658	7.7344071172507	8.24535702988934	6.93607073357264	1.03774052119882	3.67864542735536e-09	2.41125132389794e-07
8023	chr4	140812348	140817484	8.52481519924592	8.93259231517359	7.95426476219314	0.837368030493527	3.69360603948483e-09	2.41125132389794e-07
1490	chr11	11833377	11838870	8.48752724851836	8.94482941364139	7.81412910664189	0.931879314830619	3.77466932609601e-09	2.4506314701731e-07
8324	chr5	43725132	43730343	9.03951278683355	9.46826769086424	8.42671788212964	0.875578945937304	3.88295843789908e-09	2.50716048645987e-07
8721	chr5	121995091	121998625	7.87762364241458	8.38239022759529	7.09449746027983	1.02056446203281	3.99644925230129e-09	2.56641545463e-07
5165	chr17	57102062	57111174	9.96474374093471	9.55315191592593	10.2846004741646	-0.660282183615959	4.02862139365463e-09	2.57309137229314e-07
5222	chr17	73244074	73254066	10.2580896016646	10.6352568858181	9.74600973999159	0.775324929664516	4.07933673507715e-09	2.59147542267052e-07
2597	chr12	77530924	77536667	8.13858367625053	8.53590017665671	7.58842323032354	0.812843487429107	4.1029331078546e-09	2.5925271445139e-07
6457	chr2	102730759	102738004	9.09811526704932	8.69787271180755	9.41109301631884	-0.646919662209692	4.1615247647526e-09	2.61556258618706e-07
4454	chr16	23268252	23276381	9.15360629392679	8.75383770046649	9.46629487036818	-0.645260009268707	4.37362293257778e-09	2.73432426303381e-07
5889	chr19	37558222	37563390	9.71545243741138	10.1085847617979	9.17332705546357	0.805534370072272	4.53832287625549e-09	2.82235911083342e-07
10145	chr7	101633115	101640602	9.78845291118848	10.1928838195047	9.22447248373996	0.827446922181304	4.71923592059153e-09	2.91950217998479e-07
4894	chr17	28266430	28271388	7.8822899803418	8.36236119025814	7.15774404825587	0.97189048647915	4.78288553215719e-09	2.9434674712484e-07
9501	chr6	121192433	121196170	7.98596317807417	8.4723674577481	7.24671428271283	0.982537991794349	5.02528109713166e-09	3.07661769138382e-07
1822	chr11	72171741	72182314	9.30962661979613	8.8502898019385	9.65749574854532	-0.716425163662983	5.58930885537663e-09	3.40429244510981e-07
6788	chr2	164916015	164918897	7.77823551104367	8.23340394877982	7.10949849431428	0.924196987167827	6.21196993066036e-09	3.76413521541963e-07
6938	chr3	27452902	27464421	9.9500363887692	10.3302452313995	9.43230593005602	0.778375498849838	6.27045938708916e-09	3.78019123050232e-07
2184	chr11	106758316	106767551	10.2881139518457	10.5740235646839	9.93117825051722	0.589626620396627	6.39608566736997e-09	3.83635270282455e-07
6589	chr2	128331332	128348419	10.6373394250907	10.9332474737388	10.2646522116929	0.609770305109959	6.49131776883408e-09	3.87380862406785e-07
1501	chr11	19947135	19952372	8.56050723862222	9.02905057818344	7.86218464798893	0.946651097667858	6.54585232801553e-09	3.88672317124781e-07
2287	chr11	118142112	118152017	10.6919907897854	10.9724497063943	10.3435248677898	0.578085941565562	7.34722468625983e-09	4.34074034464231e-07
9964	chr7	66243518	66254743	9.87789376818168	10.2067219618022	9.45128225673099	0.67471470228695	7.65204007646894e-09	4.49833360913219e-07
7794	chr4	120066754	120083416	9.22793805204552	8.76630159876257	9.57711974974854	-0.717708716603113	7.69133366395331e-09	4.49904943432041e-07
10931	chr8	120532581	120540292	9.15737842441345	9.53715242180093	8.64045790789397	0.778394626899312	7.75524184248357e-09	4.51408559659044e-07
9906	chr7	46599036	46608037	8.94382298670207	9.33888662038713	8.39799727852849	0.804337817552068	8.05657339519857e-09	4.6664936881209e-07
9188	chr6	50517775	50527432	9.5307974450161	9.88561790197986	9.05921589162915	0.725973688768137	8.45667344455996e-09	4.85872640072168e-07
7486	chr4	33233319	33236483	7.78514019990445	8.27884825499771	7.0286648528087	0.994105399803221	8.47069768575378e-09	4.85872640072168e-07
8437	chr5	74346462	74352044	8.85243307403472	8.3881305973972	9.20313235913277	-0.720991603389694	8.6229817772791e-09	4.92218128890482e-07
2804	chr12	111178697	111191268	9.36414233818864	8.91448574095289	9.70645003411057	-0.701477972511247	9.06679350682527e-09	5.15063615753112e-07
8776	chr5	124211197	124222190	10.605436732438	10.9279648564259	10.1893986297534	0.661981630149749	9.14668123342599e-09	5.17115719876371e-07
11186	chr9	41081858	41085757	8.9817499193774	9.36061021367768	8.46652899095375	0.770587880630682	1.1282944948568e-08	6.34853702439428e-07
4044	chr15	76292981	76301489	9.7670367004117	10.1654535918035	9.21475178074672	0.810916694485822	1.15942769421157e-08	6.4927950875848e-07
4872	chr17	27126932	27134394	9.22554014236071	9.64178545821093	8.63815897072477	0.842596740985307	1.17872866694205e-08	6.5697443059374e-07
7006	chr3	52926613	52931629	8.0857104796305	8.45072417474165	7.59587468680541	0.746139107309347	1.20688019778393e-08	6.65512943824036e-07
3702	chr14	75067717	75071260	8.36035180997464	8.74626645761147	7.83192855939302	0.783980620465056	1.20777118895984e-08	6.65512943824036e-07
4165	chr15	85652468	85659099	9.06648778413932	9.40927080049487	8.6160078322233	0.699938923249677	1.2109451838369e-08	6.65512943824036e-07
9443	chr6	114673114	114687025	10.5655889205972	10.2028032251982	10.855232731207	-0.596575045723407	1.21936853486349e-08	6.67039750367916e-07
4072	chr15	78446593	78462592	10.6578059266083	10.9991161407979	10.2098747703211	0.698456257407611	1.22721833745259e-08	6.68240178587088e-07
10343	chr7	132712354	132740625	11.2520927167724	10.9315573815804	11.5141978686075	-0.539459520438894	1.24925912300039e-08	6.77121366851953e-07
5120	chr17	50586854	50593510	9.07935816294312	9.50252079723782	8.47800680983427	0.855204529361473	1.28023318617001e-08	6.90741339168255e-07
7659	chr4	88117790	88124142	8.8541940781741	8.34640792463981	9.22903788437974	-0.765474073094454	1.30452290484337e-08	7.00647392892237e-07
5575	chr18	69641243	69650812	9.92245163615574	10.2628003822705	9.47618054679954	0.695195872126155	1.31138402903252e-08	7.01145415703543e-07
7793	chr4	120049595	120060740	9.55396889302946	9.13443777711514	9.87858645491718	-0.667051756891575	1.34560209215321e-08	7.16199744183889e-07
2700	chr12	99608141	99613436	8.32096247324267	8.6768016642013	7.8475726715114	0.727624506590702	1.35752760818905e-08	7.1854274467122e-07
5952	chr19	46526337	46531926	8.79702514306872	9.20410214349061	8.22785306639636	0.823667287266347	1.36508080454639e-08	7.1854274467122e-07
5247	chr17	78348389	78354681	9.01510000098295	9.44402371116279	8.40195755714547	0.865198582359808	1.36824744034381e-08	7.1854274467122e-07
9477	chr6	119193839	119205916	10.3322154933825	10.6847590965484	9.86466257360511	0.719522452548031	1.37985311525275e-08	7.21431168576393e-07
5098	chr17	47736739	47742020	9.01952068269645	9.40016407741837	8.50098012918667	0.774477102083805	1.40410545026978e-08	7.30877092528093e-07
1912	chr11	79028609	79079740	12.0466871858851	11.7118651236846	12.3182539901847	-0.557845441192404	1.43744420179646e-08	7.44949153001183e-07
3793	chr14	121985794	122026794	12.6922348412409	13.0135858515638	12.2781586368957	0.658299534452519	1.5891080034594e-08	8.19951972440012e-07
4902	chr17	28511438	28526820	10.8421284738642	11.159932963727	10.4339375653677	0.650896817946416	1.64478952978906e-08	8.44992742782068e-07
1431	chr11	4332096	4347308	10.6160540349997	10.304625354924	10.8720461386944	-0.525191210459833	1.65610152811846e-08	8.47121024079987e-07
4617	chr16	58471597	58484725	9.06224192655385	8.59977889487418	9.41189461044025	-0.714035461990695	1.75063933921544e-08	8.91618725524554e-07
1341	chr10	122696371	122704244	9.0172488780556	9.39480554939312	8.50444751208796	0.765096898968473	1.772579599883e-08	8.98918478635944e-07
999	chr10	60148670	60152752	7.49888355085137	6.74465361959545	7.99164660047944	-0.981298263713205	1.80836137818472e-08	9.12214914613027e-07
2388	chr12	11228748	11233837	8.15856514705343	8.573211136546	7.57438534731228	0.836486282024895	1.81423920898833e-08	9.12214914613027e-07
10458	chr8	13249468	13254615	8.77387229320158	9.17732697501488	8.21180012454684	0.813247991652856	1.84539372325153e-08	9.2394797601441e-07
4020	chr15	73723826	73736313	10.4584584381515	10.7962675911147	10.0165577383234	0.689012829916302	1.91600368965363e-08	9.55253147550517e-07
8700	chr5	120575912	120585465	10.0037106844073	10.2902323093641	9.64581886447962	0.586595043134883	1.9283373425563e-08	9.55357832484474e-07
2080	chr11	98390572	98394575	7.68211422265438	8.17504995355728	6.92747435618187	0.982051694907656	1.93238424139971e-08	9.55357832484474e-07
2039	chr11	95348256	95359732	10.4011762745304	10.7317018432247	9.97169480709214	0.674168503833042	1.98667834805501e-08	9.78107973359085e-07
4877	chr17	27374755	27377182	7.47850304276195	8.00125669796197	6.6504916468212	1.02958583213077	2.00722626873567e-08	9.84123883459778e-07
4210	chr15	93909065	93918102	9.31512734763424	9.65979329626053	8.86137846273246	0.701297582700179	2.08293919621037e-08	1.01702518770338e-06
11198	chr9	44236018	44239798	7.95345789088504	8.45477610918158	7.17871715434811	0.990697180993689	2.10022804027952e-08	1.0212466882281e-06
8172	chr5	21028177	21048202	10.8999059278692	10.5729113868563	11.1663081067583	-0.54637135994415	2.30706464587733e-08	1.11722442031502e-06
320	chr1	88697163	88703245	9.34278950305188	9.71025388950517	8.84851086263127	0.744580428932829	2.35425877814995e-08	1.13542537643346e-06
3752	chr14	105270696	105275773	8.39991966761691	8.77592589436334	7.88998786223556	0.760367141289876	2.38688077397747e-08	1.14326216164054e-06
8044	chr4	144993514	145000797	8.54069463234431	8.09466700464201	8.88090222475044	-0.692350588140837	2.38985912258983e-08	1.14326216164054e-06
231	chr1	73919328	73941945	10.5326592007465	10.1815140626517	10.814848009005	-0.578897770979664	2.43107755117989e-08	1.15037744902802e-06
1666	chr11	53799094	53806883	8.99700833789701	9.30526844025735	8.60446695066763	0.629446166888422	2.44701859678332e-08	1.15037744902802e-06
5223	chr17	73269618	73274522	8.36929259993581	8.74603442650008	7.8580004435061	0.761946547326798	2.45067594808253e-08	1.15037744902802e-06
6467	chr2	103636068	103644827	9.8352881212964	9.46868440674433	10.1273557378084	-0.598754191609335	2.45219069133988e-08	1.15037744902802e-06
2475	chr12	36038488	36043860	8.85814892294216	9.22557608005384	8.36393793443265	0.74538807128874	2.45341162114981e-08	1.15037744902802e-06
2806	chr12	111220200	111232907	9.35830113435036	8.92556046984464	9.6907477857249	-0.678033720905698	2.46983754592597e-08	1.15350199378108e-06
5545	chr18	65206870	65211836	8.71779625563469	9.13254071186898	8.13341966249263	0.83206230213601	2.48989601553791e-08	1.15829178423606e-06
7436	chr4	10917577	10924438	8.86666859476983	9.30168727486491	8.24089385164267	0.870427069426372	2.52191314756851e-08	1.16858532359488e-06
7792	chr4	120030247	120047728	10.1100614291926	9.73350211238105	10.4084001765566	-0.61033723976432	2.58285910920864e-08	1.19215090759411e-06
11363	chr9	70239730	70247197	9.71816322317181	10.0614669671361	9.26678041041096	0.697075596006332	2.67226888782382e-08	1.22861981239402e-06
598	chr1	165173070	165196415	11.714715196562	12.0269432098718	11.3157009607213	0.637423980115096	2.76465569685105e-08	1.26616944627876e-06
6587	chr2	128315482	128321881	8.73347585296	9.09388862893435	8.25192406130794	0.73129562509815	2.92170517633077e-08	1.33292928044495e-06
6588	chr2	128323872	128326586	7.78930438781119	8.19411895131392	7.22457297285818	0.815124747930101	3.1927797444885e-08	1.44779821652094e-06
10571	chr8	46637228	46648376	9.6204172376249	9.22496549213851	9.93046496783437	-0.632232555960214	3.19799707609991e-08	1.44779821652094e-06
4100	chr15	80005808	80016113	8.86537506941514	9.27877676532686	8.28367862164218	0.828000664868116	3.235317860425e-08	1.45910365796877e-06
9464	chr6	115942387	115951118	9.08767173204929	9.40294854312856	8.68365201284453	0.641361943938072	3.32877432118952e-08	1.49554362658462e-06
4586	chr16	51876308	51888295	9.2719368675503	9.58967023562902	8.86386358973803	0.647242454937113	3.8473600252958e-08	1.72198507798845e-06
10516	chr8	25903502	25911461	9.47582801363307	9.78428461532319	9.0829671777956	0.628496973431474	3.92807866268475e-08	1.75147839540691e-06
6357	chr2	70832397	70847133	10.5750448241717	10.8646301348068	10.2123510749937	0.590088942568923	3.97773114414807e-08	1.76458409775719e-06
2410	chr12	16567893	16572206	9.01766876237593	9.3877997114578	8.51853170519017	0.745278065457337	3.98733881263684e-08	1.76458409775719e-06
5375	chr18	11887420	11956992	13.2361864421609	13.4411063036467	12.9972634767813	0.416290211803918	4.08068623434477e-08	1.7991562889932e-06
5050	chr17	44598668	44616851	11.3384093966461	11.0017920152127	11.6111542216658	-0.556810455268395	4.11398326274025e-08	1.80709391199029e-06
8767	chr5	124011006	124017305	8.66216265179435	9.05818602490093	8.11449272983605	0.796424929673147	4.1765228041396e-08	1.82777012791531e-06
6300	chr2	59039979	59056448	10.9030099136126	11.2088830505577	10.5143399111744	0.622821899951331	4.30179148536026e-08	1.87564458269435e-06
4481	chr16	31878364	31901726	9.69849414826899	10.0989164506011	9.14232522619353	0.803923470734503	4.55078433952749e-08	1.97691425573003e-06
7433	chr4	9078207	9084206	8.68688401244439	9.11334572808255	8.07879805033869	0.848583647203899	4.69745723937626e-08	2.02841273956023e-06
4583	chr16	51311656	51317287	8.48056235175529	8.81508917774728	8.04427934655345	0.677072671906713	4.70366528977238e-08	2.02841273956023e-06
1918	chr11	79651518	79663765	9.98139386676897	10.3005380156999	9.57098437250894	0.647942927117008	4.75726075114337e-08	2.04406520129127e-06
4459	chr16	24180215	24195882	10.7998201810219	11.0805845306795	10.4508818063093	0.572235033388022	4.7756038805855e-08	2.04451215409414e-06
8991	chr5	148487989	148505042	10.7571157826144	11.0380266796262	10.4079506337347	0.572458147071436	4.92225030223754e-08	2.08763068997682e-06
7862	chr4	128615546	128620451	8.2767067230005	8.61644095605492	7.83149507109727	0.688348244605559	4.92465866558402e-08	2.08763068997682e-06
1797	chr11	70195179	70207140	10.1846324173475	10.4453604610524	9.86615696711332	0.531461937799552	4.92932432721337e-08	2.08763068997682e-06
66	chr1	36569127	36573858	8.0885773352293	8.50215782299016	7.50652445055043	0.822949574062378	5.05614817944094e-08	2.13369453172408e-06
4671	chr16	90996238	91002166	8.06647257703416	7.55215501522917	8.44484654482153	-0.761188171896522	5.18503830532969e-08	2.18029938134433e-06
11304	chr9	62636293	62643443	8.91274065634894	8.40821467374057	9.28581313181786	-0.749358738460287	5.28625251241195e-08	2.21497729385318e-06
6993	chr3	51339082	51342498	7.85352790891403	8.2488145327564	7.30727402740595	0.793646037492727	5.49584117523396e-08	2.28541672964744e-06
2625	chr12	80328855	80335329	9.28487080897678	9.61372225036975	8.85822005104133	0.664670355909707	5.51711696979685e-08	2.28541672964744e-06
5284	chr17	84001079	84012473	11.1312640972444	11.4425285391735	10.7338260452009	0.632045518517327	5.5321814745731e-08	2.28541672964744e-06
7272	chr3	115812319	115821287	10.0525438649084	10.3246342464535	9.7169243208026	0.55450250781629	5.53256009230002e-08	2.28541672964744e-06
3447	chr14	30128803	30135646	9.45372077812035	9.8208679075394	8.96001848897212	0.737745588253257	5.55107144049438e-08	2.28541672964744e-06
11173	chr9	37253782	37258155	9.01809955198329	9.37539236523262	8.54212342936958	0.718445980032848	5.57398792476736e-08	2.28688337913372e-06
8543	chr5	105603342	105618981	10.6923924637466	10.9496045116967	10.3791540833899	0.523930912245779	5.67390432808401e-08	2.31982192182147e-06
2609	chr12	79533915	79555394	11.1818327575143	11.486199710501	10.7955969940502	0.618175957322854	5.71231644053044e-08	2.32747348487268e-06
2007	chr11	88474784	88486516	8.74928197021823	8.29272956669683	9.09555742429024	-0.700361181043486	5.92471776366937e-08	2.40572045001778e-06
465	chr1	133344111	133351108	9.17458062036465	9.49511473744771	8.76186342847358	0.648575259340124	6.10345860852502e-08	2.46981051090177e-06
9445	chr6	114774233	114785367	9.20599937422662	8.82124280089975	9.50944906694301	-0.616609030420228	6.23002036347697e-08	2.51242049880013e-06
11593	chr9	118165572	118170295	8.19531240528807	8.55943266279462	7.7070910530847	0.731329470165058	6.59463685903675e-08	2.65041595667953e-06
594	chr1	164879170	164884394	9.16661776851203	9.50036208315388	8.73166892640859	0.674633963718049	6.7646135858183e-08	2.70951437728912e-06
7933	chr4	133395048	133401397	9.93176232476053	10.3131874245948	9.41176275025367	0.763083312509063	6.84150457453426e-08	2.73105466394246e-06
1776	chr11	69370152	69373520	8.20157675704097	8.60657779504345	7.63648011337639	0.804445544080325	6.93617993573072e-08	2.75952532392573e-06
1554	chr11	32007576	32016314	9.84318426957203	10.1296096521308	9.48544287362792	0.580802392393026	7.22212193508789e-08	2.86272570419441e-06
875	chr10	24633835	24643616	10.1308035472301	10.4057082695441	9.79088481748035	0.558910606607305	7.24403339162261e-08	2.86272570419441e-06
6592	chr2	128456337	128460521	7.56712624602904	6.94409296745183	8.00082890531198	-0.857878619443413	7.28690257391704e-08	2.87006802711346e-06
375	chr1	106142647	106153236	9.69321589613697	9.26883893052544	10.0207187870178	-0.663016050946805	7.33117523666635e-08	2.87791251150995e-06
9903	chr7	46051929	46065058	10.2292589102334	10.5038819479266	9.88977143745458	0.558008391331502	7.35924418075099e-08	2.87936520661436e-06
11411	chr9	85323911	85329097	9.02472927829096	9.33711307343566	8.62545995804557	0.634861016982434	7.4051512750327e-08	2.88776460283123e-06
6847	chr2	170145709	170157828	10.1044883326299	10.3731222217389	9.77412005120762	0.545392315840961	7.54427949351401e-08	2.92425630904237e-06
4066	chr15	77861851	77867287	8.87594712421504	9.19410668839637	8.46716871618851	0.644629088353507	7.54822422357755e-08	2.92425630904237e-06
7150	chr3	94646803	94650710	7.9241672047518	7.37817473030436	8.31931770129913	-0.788254411443529	7.72341583083185e-08	2.98234906722579e-06
9759	chr7	27274212	27276951	7.76085339471407	8.28757638861172	6.92266858075245	1.00909021916443	8.12865771288716e-08	3.12860649952686e-06
10138	chr7	101355658	101364477	9.39351344367691	9.75076395705821	8.91761268442209	0.715876723283156	8.25879233041166e-08	3.16837305766702e-06
9118	chr6	37397757	37403314	8.62330538990183	8.98282455587708	8.14335400070227	0.720144627046437	8.30681513210999e-08	3.16856532777667e-06
6583	chr2	127502322	127508131	8.44012630841	8.87973812745835	7.80472258620555	0.863945044842252	8.31292528445131e-08	3.16856532777667e-06
2648	chr12	84186176	84196973	9.99116513305665	10.2928500605001	9.60924755520514	0.61261121266059	8.43620923708195e-08	3.2052169885968e-06
8420	chr5	72755887	72764905	9.15251714974927	9.47830331403041	8.73102651856652	0.655602608362283	9.11834135072111e-08	3.45327953205515e-06
5281	chr17	83830142	83839528	10.0103332041493	10.3441968676339	9.5751810016014	0.671844724280734	9.26944808101917e-08	3.49073323042566e-06
221	chr1	69652655	69659082	8.16646866733066	8.59750540781016	7.54896535302326	0.847558926416982	9.27632222709595e-08	3.49073323042566e-06
220	chr1	69636547	69642325	8.55345795574255	8.9493650928324	8.00601158115409	0.784392222854117	9.70630497970544e-08	3.63338339405261e-06
1566	chr11	33917992	33923049	8.34443440029112	8.7187923511798	7.83754360565571	0.747494650577904	9.71690210325512e-08	3.63338339405261e-06
8530	chr5	103759150	103764299	8.16818481419643	8.52737907824852	7.68881461979218	0.719152706108721	9.76190588728762e-08	3.63869652883882e-06
3951	chr15	59314097	59318205	7.87138851056927	7.27556606876532	8.2918254777088	-0.829906263422841	1.00839458440534e-07	3.74691522306085e-06
8515	chr5	100620642	100624430	7.89043248109524	8.2547608200548	7.40183537660036	0.730224402009073	1.04330486681733e-07	3.86447971984751e-06
8370	chr5	64376935	64381357	7.462646806444	7.98148369550719	6.64457713678761	0.992302431212542	1.05756313825946e-07	3.90505188802307e-06
10383	chr7	141486701	141497914	8.62972712341912	8.16985086696934	8.97790444407608	-0.698799862792935	1.10307177598097e-07	4.06040377102527e-06
7199	chr3	101798726	101803117	8.1107599487418	8.50124220311949	7.5736886015724	0.774246311120125	1.14962387458212e-07	4.21367509867028e-06
8090	chr4	151976563	151991890	10.8546468977238	11.1668188681965	10.4557244112588	0.629759602856448	1.15184246519169e-07	4.21367509867028e-06
7343	chr3	135672239	135694888	10.5580188724718	10.8027839827054	10.2630681307299	0.496953745931144	1.17045181495005e-07	4.26853661896597e-06
3728	chr14	79478802	79489397	9.95994363008443	10.2634656269038	9.57507054705567	0.613012225004841	1.25152858474498e-07	4.55017284841435e-06
406	chr1	120243633	120249415	8.74692202990562	9.13368035935402	8.21690734644808	0.765202396302764	1.33412430326708e-07	4.83558673846744e-06
7276	chr3	115968565	115976243	9.46324516699611	9.77619474425772	9.06304879743141	0.629446688393328	1.35997613721884e-07	4.91421346708803e-06
4574	chr16	49767346	49773628	8.46247086968486	7.91554722078555	8.85810610268132	-0.783236447697734	1.40570805556166e-07	5.06397755625505e-06
8344	chr5	53391819	53395996	7.96072385295869	7.46558674551839	8.32866042511895	-0.733284617487879	1.42316863342061e-07	5.11129500683827e-06
5939	chr19	45572968	45581929	11.1078718134876	11.3814276896508	10.770016225839	0.553206831236005	1.48308872247597e-07	5.31035646811395e-06
2009	chr11	88531052	88544952	10.0065175336152	9.6831119294003	10.2705361056899	-0.535565036404503	1.49531374778885e-07	5.32766921403658e-06
1665	chr11	53792404	53798426	10.0148652003548	10.33220654886	9.60744002067162	0.637638265816006	1.49694158688232e-07	5.32766921403658e-06
8202	chr5	24747251	24753745	8.98364551772361	9.32931836425268	8.52814377126047	0.689667170342924	1.50904969327007e-07	5.35463398669044e-06
9949	chr7	64041521	64050645	9.25709674721188	9.62249823798434	8.7665593339123	0.725958808787695	1.56848054003674e-07	5.54885211409404e-06
5318	chr17	87281073	87288879	9.48158663698335	9.76233750393676	9.13266912308439	0.567425430020101	1.57903868614502e-07	5.5695286911909e-06
5091	chr17	47483477	47492623	9.86752275042034	10.2098740163191	9.41779071169599	0.684346894215039	1.58781063574745e-07	5.58380073571186e-06
10323	chr7	128163343	128168316	8.2420677555029	7.71142255723425	8.62915995231298	-0.768602220644511	1.63048294435869e-07	5.71685058473066e-06
7510	chr4	40873431	40878890	9.1769380478202	9.48310783270895	8.78778782942302	0.614964727031903	1.64477577385819e-07	5.74990252778355e-06
6039	chr2	11114609	11120950	8.42139820408606	8.73826163283051	8.01476250359251	0.637738092968723	1.66297464437576e-07	5.79637415868556e-06
7982	chr4	136143483	136149692	9.45533887870785	9.81163790280077	8.98113171337227	0.710148459364449	1.74039032594819e-07	6.04836826217758e-06
7645	chr4	86666217	86675040	9.80937684877033	10.1636495832232	9.33876603739811	0.705302223614606	1.74837567669933e-07	6.0583011718121e-06
5934	chr19	44263493	44268658	9.31859620115334	9.66367957971898	8.86412103881725	0.690550069255135	1.78222903012542e-07	6.15146276876075e-06
6508	chr2	117439956	117443391	8.21448168939685	8.58596195118086	7.71287653140568	0.734477707761294	1.7892831459154e-07	6.15146276876075e-06
7665	chr4	89547881	89552869	8.60893572717807	8.94496190385671	8.17009088591265	0.670762956691468	1.79087947905695e-07	6.15146276876075e-06
10000	chr7	76046005	76051216	7.99195695790177	7.46566827951936	8.37673774486691	-0.760643087386798	1.80594173175055e-07	6.18521956590275e-06
6763	chr2	162975382	162978277	7.8320997796341	8.20416010578664	7.32943158461159	0.737423617269327	1.84646395327656e-07	6.30572776644966e-06
3984	chr15	64070353	64088616	11.111522479384	11.3588617564307	10.8128214964377	0.499749335972945	1.85324802320194e-07	6.31065666920866e-06
5285	chr17	84022162	84029760	9.07741672568883	9.36133047727565	8.7235918622821	0.574059930592139	1.96893509081487e-07	6.68532673364036e-06
6354	chr2	70723086	70734183	9.95325142666824	10.2599519372654	9.56324141984978	0.615555969456756	1.9833977646901e-07	6.7111754073769e-06
7471	chr4	32215856	32220611	8.32921273301254	8.69197568900151	7.84343866296051	0.719924156847875	1.98790740739837e-07	6.7111754073769e-06
2178	chr11	106585530	106592453	8.65363746538447	9.00672649347338	8.18512108106354	0.704041310494658	1.99855959174687e-07	6.72791456868405e-06
5011	chr17	35171762	35175162	9.1651245577944	9.50944393230935	8.71197823257751	0.685863504636546	2.15143409561646e-07	7.22197308914888e-06
1152	chr10	81292105	81306030	10.6991078889196	11.0054565549916	10.3096679712769	0.614897515345273	2.33094747489832e-07	7.80240095280411e-06
5081	chr17	46982677	46989651	8.875372665214	9.26396806071123	8.34188341746955	0.763453545030284	2.35585035930156e-07	7.86348244223368e-06
10850	chr8	106802136	106805143	8.34093773698937	8.72120770480175	7.82309337055201	0.747983420010896	2.45218986322491e-07	8.16199307714523e-06
6939	chr3	28261998	28266976	8.95206769387215	9.24339245012405	8.5866359014178	0.586322320597004	2.4974533370246e-07	8.28930017704569e-06
4422	chr16	18465979	18482231	9.36920961344365	8.9416685147595	9.69858818040363	-0.659667334891882	2.59994000915867e-07	8.58405943974353e-06
946	chr10	42858909	42866086	9.74106599966059	10.0259402574082	9.38574542316639	0.572758370864427	2.60078984379501e-07	8.58405943974353e-06
3767	chr14	118892030	118894183	7.79087619397195	8.21762975617294	7.18219220815716	0.828138276418709	2.6721822265674e-07	8.79512679362684e-06
1466	chr11	6177757	6181486	8.12471384907438	7.60207507679243	8.50754988228928	-0.754921648516991	2.68897498665584e-07	8.81272882925761e-06
6971	chr3	36566096	36572009	8.287048556597	7.86220656091696	8.61482752503179	-0.65534165515722	2.692446773326e-07	8.81272882925761e-06
5773	chr19	10687587	10700405	9.8957490992445	10.1473059698381	9.5908678943657	0.507412565623952	2.77395770936273e-07	9.05444317509116e-06
5443	chr18	35915367	35923582	9.75850390010297	10.0474252028618	9.39685312103419	0.581140968768108	2.78226466738774e-07	9.05653975478057e-06
9447	chr6	114839409	114843967	7.82636389596347	7.31222951484593	8.20463919146697	-0.745972010621325	2.80898735737643e-07	9.11840511394503e-06
445	chr1	128779080	128795048	11.4015818515443	11.6583477938449	11.0890056779225	0.517570358656991	2.83237215666606e-07	9.16912586388115e-06
3097	chr13	52997165	53004339	9.81249289693948	10.1159237045922	9.4277667521979	0.607753217307914	2.89171711365129e-07	9.33566377456384e-06
7320	chr3	131130979	131141227	10.1781799126414	10.4933632901942	9.77431400725637	0.62904465490362	3.10407684729877e-07	9.99394333179354e-06
6564	chr2	126348376	126365462	9.85567331510959	9.52399886825548	10.1251689006167	-0.541853037533438	3.15639412484157e-07	1.01094137606812e-05
2427	chr12	21171617	21175226	8.19593533804119	8.56356454635507	7.70135712976604	0.723208304342839	3.16103326364081e-07	1.01094137606812e-05
1590	chr11	43392006	43397484	8.60836661167975	8.94602780961425	8.16671988352931	0.671544246887866	3.16560857435008e-07	1.01094137606812e-05
5512	chr18	57969071	57972383	8.01671530057624	8.4024548491341	7.48862200215536	0.754297777823832	3.27094228745182e-07	1.0417642606073e-05
1518	chr11	21234180	21254974	11.4159689040576	11.1518609051125	11.6391276887743	-0.449316808167214	3.43451516137884e-07	1.09092019211969e-05
1820	chr11	71227262	71232335	7.68983588839178	7.13889695546277	8.08755589896351	-0.779171756190653	3.53366232223844e-07	1.11940359248175e-05
9507	chr6	122300210	122306320	8.57366802018638	8.14282125165757	8.90499918391488	-0.657971241360002	3.59077412685318e-07	1.13445420007746e-05
772	chr10	3507021	3513631	8.62688031567131	9.03728197532388	8.05114504282688	0.79574885839686	3.72380851579326e-07	1.17334723793635e-05
733	chr1	189865044	189868489	9.05323382612097	9.44514275907527	8.51344496793949	0.764259134212391	3.7541798851381e-07	1.17977099794659e-05
11031	chr8	128592898	128597117	9.00109931159781	9.32539146117197	8.58211309223526	0.644502433908481	3.78739612403562e-07	1.18705232365e-05
2936	chr13	24864893	24868680	8.48125318715714	8.02035496342907	8.83001388172622	-0.689253662764247	3.83151907048044e-07	1.19770447980944e-05
8598	chr5	111175445	111181570	9.74109481185639	10.0426020325216	9.35946261112511	0.60227769498522	3.94783525886254e-07	1.23080795300052e-05
8347	chr5	53435904	53440587	7.98049891203224	7.48853783397695	8.34668638349515	-0.721143796631737	4.03444678673704e-07	1.25450061137065e-05
7596	chr4	59271453	59288072	11.1163222765812	11.3567519375372	10.8276507725049	0.483189083116998	4.08772781184326e-07	1.26773206889081e-05
7458	chr4	21774627	21779015	8.47947099329163	8.78590425063419	8.0898940467588	0.61299857697697	4.12269822938978e-07	1.27523042613795e-05
3955	chr15	59506896	59513164	8.25674655843382	7.76407163890259	8.62332767661326	-0.720630472355372	4.16600237626803e-07	1.28284075890032e-05
94	chr1	39733158	39737293	9.55886733084156	9.9179295158413	9.07973329928299	0.706354342571428	4.16901533021091e-07	1.28284075890032e-05
10603	chr8	61304547	61307897	7.74554935196095	8.16601242610778	7.14967410290918	0.809610297793324	4.2493794611063e-07	1.3041731873359e-05
6036	chr2	9870131	9880782	10.629595645763	10.8732074624012	10.3363197884489	0.489693418476578	4.28195971284225e-07	1.31076777116435e-05
3164	chr13	63515366	63522578	8.08953668095099	7.52446854924174	8.49452316419566	-0.788723484680267	4.35431579754233e-07	1.32947275100155e-05
54	chr1	36269004	36276713	9.60629998036568	9.9087249187048	9.22319304241371	0.604012252735443	4.40319194116181e-07	1.33831359944531e-05
8406	chr5	66185483	66195202	10.1651758936975	10.4418080574782	9.82260779536469	0.553893199808376	4.41378314155239e-07	1.33831359944531e-05
5114	chr17	50081654	50088983	9.03470645397243	8.69356823938213	9.31040695585548	-0.553145606119323	4.41725037054562e-07	1.33831359944531e-05
7398	chr3	152923542	152932884	10.2717986656756	10.5939660406648	9.85636227801443	0.639834022971495	4.45153528665604e-07	1.34525168662731e-05
8431	chr5	73336520	73341904	8.97200260946881	9.35890176256287	8.44172202929352	0.753687082302838	4.57065856285135e-07	1.37772708108805e-05
820	chr10	13054676	13064470	10.2124259828575	9.84514279508386	10.5049238539371	-0.584729104174347	4.6494403597097e-07	1.39790807354529e-05
2175	chr11	106523483	106550269	11.9855788104209	12.2200763038564	11.7054248331233	0.471122205589962	4.69795347660475e-07	1.40890909338989e-05
9609	chr6	142913558	142918291	8.40424288492375	8.77316529282563	7.90731090274751	0.724808487475409	4.746598900999e-07	1.41989399023302e-05
1359	chr10	127124347	127127339	7.94802439543174	8.32808418845392	7.43057163504981	0.745404166829186	4.93744761253482e-07	1.47325457044726e-05
8621	chr5	113897247	113909640	10.3732785513012	10.6767391543567	9.9885043982013	0.604478043876114	5.08321751828489e-07	1.51292942559331e-05
664	chr1	176990688	176998695	9.59918986814864	9.94356726999986	9.14594268323783	0.678153318793905	5.24205632437105e-07	1.55628486253187e-05
422	chr1	127300979	127310933	10.8457539300096	11.1594922187151	10.4442636330053	0.623537403269975	5.26289150854983e-07	1.55855453797055e-05
3785	chr14	121259344	121268717	9.03621965989759	9.33838866181135	8.65352424795958	0.601132237746008	5.29536613641328e-07	1.56425115669648e-05
7731	chr4	108821864	108827783	8.01704211809281	7.46085390221467	8.41747436189894	-0.779455325028822	5.37581428514815e-07	1.58405540132944e-05
8049	chr4	145299596	145313408	9.60671961970878	9.23153379068231	9.90419738011656	-0.595038138891578	5.4515360146694e-07	1.60237187933666e-05
11092	chr9	21179713	21186528	8.76353869881918	9.08852155826723	8.34339550746661	0.643467738689063	5.51613307613451e-07	1.61733569299269e-05
3270	chr13	95889411	95894662	9.10089745933135	9.40697141774063	8.71190239384736	0.609103925124123	5.64724539669984e-07	1.65167949523281e-05
3966	chr15	61403861	61431626	11.8748356236889	12.1017669597482	11.6054226507459	0.454732160890929	5.71949008289817e-07	1.66674925479196e-05
5080	chr17	46958929	46973575	10.8320435037348	11.1580336654906	10.4102103731821	0.645698924083104	5.73756095148946e-07	1.66674925479196e-05
7776	chr4	117968898	117975797	9.64840275818739	9.95334158078878	9.26124354295309	0.605425247706769	5.75265126372318e-07	1.66674925479196e-05
5248	chr17	78600660	78604591	8.07605112077556	8.47832027352089	7.51629122052729	0.777115505348912	5.75519377077791e-07	1.66674925479196e-05
10397	chr7	142351268	142356500	9.19971532675234	9.50954299770776	8.8046223619188	0.613832211850427	5.87269322683328e-07	1.69661963736582e-05
9981	chr7	73574369	73602061	12.4644140067826	12.7066184608628	12.173177568537	0.485604736018949	5.91134687338442e-07	1.70362133307098e-05
10653	chr8	70764015	70768049	8.42565645549749	8.78751490795819	7.94150967289191	0.708569601210875	5.97225448934268e-07	1.71698683810397e-05
7476	chr4	32332659	32346234	10.6194487182862	10.8532490446225	10.3402901639379	0.468763240839106	6.0275281914549e-07	1.72765628654964e-05
3340	chr13	112430910	112436126	8.47530979021651	8.82905173402665	8.00563873808155	0.69226937482054	6.03860905843772e-07	1.72765628654964e-05
7319	chr3	131108892	131129055	10.7312246592501	10.9764011529013	10.4356756858347	0.491743867715195	6.07413247240429e-07	1.73362196362148e-05
9098	chr6	31215047	31222093	9.16860635285776	9.45749048788537	8.80701391741096	0.574614789395593	6.29226463838987e-07	1.78745738341131e-05
7477	chr4	32348802	32352636	8.41916933483602	8.7385250667678	8.0084089409027	0.631235963954758	6.29819058847159e-07	1.78745738341131e-05
8978	chr5	146776015	146788686	9.40182056220005	9.70857145709875	9.01172888851694	0.609025139305635	6.30813920855211e-07	1.78745738341131e-05
6096	chr2	25093569	25096661	7.88134962311846	8.28724172688363	7.31450580877567	0.780433271927544	6.3604208065157e-07	1.7979601016696e-05
5543	chr18	65105111	65110907	8.95468038625208	9.27601410706345	8.54063296658926	0.635505727293078	6.41890868077308e-07	1.81016288716026e-05
3938	chr15	57968290	57981100	10.4690076232303	10.7134644455092	10.1745049179697	0.488986107296626	6.5522280050329e-07	1.84336014541592e-05
2651	chr12	84239132	84249951	10.671190924098	10.9342693902958	10.3491967361415	0.526072249775886	6.70255120279512e-07	1.88117209055171e-05
8829	chr5	134488080	134493122	8.32796644231882	8.68714753975802	7.84861979307188	0.702604236848478	6.73034450458574e-07	1.88449646128401e-05
9614	chr6	143113292	143117316	8.89071872659759	9.24958257383742	8.41193921802027	0.700783824134203	6.78320004017079e-07	1.89401486035546e-05
10737	chr8	82020981	82029749	8.97466600941745	8.62468410925839	9.25610439822419	-0.56324710314495	6.79639726464723e-07	1.89401486035546e-05
6184	chr2	30689496	30696784	10.5482887185265	10.8474545231113	10.1704080346436	0.594403980561809	6.91619294909356e-07	1.92286437379975e-05
1241	chr10	94858678	94867715	9.52505862104598	9.18913863035923	9.79734613292488	-0.54459852270314	6.96611464123801e-07	1.92792392893353e-05
4263	chr15	99470400	99476189	8.53038117526117	8.87626057141637	8.07451944142387	0.678462485824892	6.96702367683326e-07	1.92792392893353e-05
7706	chr4	106868061	106871468	8.29008681910825	8.60362292522953	7.88892839257946	0.621366635437151	7.05476376414653e-07	1.94764225787746e-05
11065	chr9	15042108	15046926	8.92417501252437	9.22005062972855	8.55153934820112	0.587593784326738	7.08537459528541e-07	1.95153347827255e-05
3958	chr15	59591152	59601904	10.0865369688342	9.80618799636498	10.3211709358034	-0.47016021541004	7.26371813794969e-07	1.99600217483752e-05
3261	chr13	93987727	93991747	8.69170827859971	9.03762987390313	8.23577298010143	0.676743059850993	7.36502732579866e-07	2.01914531047882e-05
5456	chr18	37820228	37827933	8.89686631856299	9.19891468737357	8.5143648093394	0.599844784866891	7.40168241447373e-07	2.02449720855142e-05
8799	chr5	125156051	125162734	9.94823274173838	10.2625146969259	9.5458494393997	0.62121464161197	7.50986787689599e-07	2.04934408391231e-05
7949	chr4	133813127	133817318	9.3866852770181	9.71422481062074	8.96224660348506	0.645598066774059	7.53539803846186e-07	2.05157288531026e-05
7959	chr4	134747960	134755733	9.15915793697265	9.47447036241351	8.75507958111374	0.623329418424765	7.5985520293051e-07	2.06401128225906e-05
3715	chr14	77857133	77876227	11.2790838928641	10.8827933926633	11.5896457316486	-0.616261890039784	7.75168940473051e-07	2.10077894509853e-05
2367	chr12	4392453	4397781	8.15992733323776	7.65884740434532	8.53112075079749	-0.725697605734385	8.07437744686893e-07	2.1832229728193e-05
6041	chr2	11156781	11164500	9.63075028516496	9.88879950256618	9.31626782192595	0.516012491489804	8.21989677960828e-07	2.21749544173177e-05
4478	chr16	30970647	30978084	8.79782248899273	9.15374477403955	8.3242850392315	0.695022187976365	8.43198786850154e-07	2.26953003768142e-05
6851	chr2	170215680	170224840	10.5295122905432	10.7949175545924	10.2040205869897	0.528935623351068	8.58336070783992e-07	2.30502250281446e-05
1544	chr11	29793687	29802302	8.50782800062206	8.10559292868638	8.82201974980684	-0.621030056211485	8.62151495630536e-07	2.31001861051483e-05
1419	chr11	4121460	4124344	7.9762183456735	8.40320938112887	7.36704748035884	0.81075623589015	8.68531663196838e-07	2.32184844622938e-05
3816	chr15	8066824	8077251	9.21235936207406	8.79267915624003	9.53706592629077	-0.642820709343403	8.71973209736069e-07	2.32510966553619e-05
3833	chr15	12203184	12210515	10.1757234784	10.4202757381054	9.88108209853328	0.487987572735497	8.73687111965188e-07	2.32510966553619e-05
11592	chr9	118080568	118084802	8.91921056154731	9.31131395548534	8.37905069254909	0.754026935590235	8.82821299759299e-07	2.34413853437211e-05
4448	chr16	22070802	22078749	9.01343099404256	9.57100117237213	8.09261913673447	0.992040752869417	8.86603408666326e-07	2.34427543243414e-05
7536	chr4	43821276	43825239	7.89568762666292	8.27014655501343	7.3886108161768	0.723668370313143	8.8784756753513e-07	2.34427543243414e-05
3837	chr15	12422169	12427107	8.25107030264384	8.60331146638274	7.78405119223258	0.686509510213104	8.88824808505834e-07	2.34427543243414e-05
9564	chr6	129620323	129630288	10.4278383018825	10.6845077306298	10.1154053276874	0.511767039349112	8.93748075993559e-07	2.35201052693539e-05
10729	chr8	81607267	81619544	10.1842781912255	9.82304624979338	10.4729326194096	-0.57310396645992	8.99063213317316e-07	2.36074020634609e-05
3437	chr14	26992256	26995252	7.60412079368083	8.10347280508332	6.83413067493347	0.914617803554666	9.34233665690439e-07	2.4476507746781e-05
7346	chr3	136668144	136672416	8.46781855626141	8.79363071062111	8.04628429652644	0.639127598989278	9.73793242029879e-07	2.54565065217368e-05
7228	chr3	104779570	104787140	9.38293873516635	9.71543705802759	8.95011024603888	0.652027938937372	9.95236026140001e-07	2.59320173939076e-05
7592	chr4	59187177	59208558	11.6360524846863	11.8681566986693	11.3593107905775	0.462941094667047	9.9637236770769e-07	2.59320173939076e-05
5261	chr17	80500360	80502596	8.02475158880325	8.40452355438195	7.50783485508835	0.731431440973601	1.00160663615143e-06	2.60109538742096e-05
2406	chr12	16132245	16137333	8.63336815264111	8.25874849104665	8.93049061594942	-0.589205988988231	1.00437684641988e-06	2.60256947747747e-05
9488	chr6	120158710	120162638	7.80886322974078	8.17600369054253	7.31517305143807	0.710661439534625	1.00796807429165e-06	2.60615990499566e-05
3831	chr15	12064794	12069545	7.71572967820695	8.08973995189485	7.20947907495845	0.723481696682833	1.01321787483307e-06	2.61123051495392e-05
5444	chr18	35935810	35945143	10.3049926125325	10.5911474487627	9.94767393466459	0.5671838036312	1.01434902366609e-06	2.61123051495392e-05
2286	chr11	118127874	118131708	8.9030892638555	9.21271906276935	8.50831878316795	0.609761831950334	1.01874203004104e-06	2.61683822325325e-05
3959	chr15	59618357	59622112	8.05037291737969	7.58672892308035	8.40069778197342	-0.686381482407826	1.02443826655351e-06	2.62474335152383e-05
3849	chr15	27665386	27676893	11.1595256667411	11.46462451936	10.7721078644817	0.603049440808919	1.02626221090387e-06	2.62474335152383e-05
3718	chr14	78431034	78439796	9.98966913132277	9.54643639564392	10.3282536073104	-0.663346410294127	1.0524084568991e-06	2.6858009344967e-05
4277	chr15	100455993	100462928	8.48611571178491	8.81333800921303	8.06221113822993	0.646287516345255	1.05518865041773e-06	2.68709247701204e-05
11140	chr9	31118014	31122503	7.90148099478992	8.29191597955972	7.36449955240608	0.750072204683941	1.06337723343124e-06	2.70212158929538e-05
3462	chr14	30824983	30832228	9.31213797565548	8.95140620841639	9.60047353706532	-0.571766473321569	1.06729378345828e-06	2.70625393676889e-05
8328	chr5	43818197	43829658	10.4342760331457	10.6775536742195	10.141484873277	0.484282879010917	1.07730614375642e-06	2.72579216159012e-05
6249	chr2	35477461	35482397	8.35661422705004	8.72041905606851	7.86896218396159	0.703883698472118	1.1271358169886e-06	2.84179671985151e-05
4698	chr16	94234879	94248452	10.0102130159839	10.3035528894131	9.6415985945564	0.580000465056535	1.12796433785575e-06	2.84179671985151e-05
3838	chr15	12433480	12438048	8.10421600200815	8.47425872027688	7.6052401052788	0.715032612396725	1.13487111142425e-06	2.85311426650829e-05
7426	chr4	8751538	8758566	8.65110088287281	8.99914126688002	8.19146435034251	0.676331498674758	1.13952453031435e-06	2.85873075375676e-05
4208	chr15	93589507	93599188	9.55540517653299	9.86663167408827	9.1580291361063	0.612070232593633	1.15431451164148e-06	2.88969920965163e-05
1364	chr10	127228503	127233119	7.88832429646503	8.29064518720926	7.32846360279545	0.769045512823989	1.16918569583369e-06	2.92073957335536e-05
9381	chr6	98991839	98995232	8.0373812977079	8.42112133862982	7.51304764773547	0.736133004322656	1.18292170881839e-06	2.94881917961986e-05
378	chr1	106511153	106519727	9.85749449398689	9.50649294741297	10.1395907233856	-0.559415475498608	1.23330442191948e-06	3.06794211566327e-05
948	chr10	42892293	42904016	10.0620607434445	10.3378072568677	9.72085196679079	0.546420501853953	1.23869572210501e-06	3.07487996899007e-05
4036	chr15	75980298	75983041	7.79787292040765	8.18652620232028	7.26427398014261	0.744204415492445	1.24482455168295e-06	3.08361570286914e-05
2972	chr13	36195698	36201233	8.40876564995963	7.94278782253691	8.76041635100246	-0.684904901308801	1.24852421318106e-06	3.08631006337811e-05
10572	chr8	46650796	46658555	8.951569280591	8.50302880915436	9.29323195644707	-0.66607451402274	1.27098429969591e-06	3.12906682060167e-05
8381	chr5	65215942	65219974	9.4188498553395	9.78610669486031	8.92494829954109	0.709146707128271	1.27111719184902e-06	3.12906682060167e-05
7428	chr4	8797607	8807155	9.96907093030025	10.2339017706609	9.64444398244273	0.526805247543511	1.29380015709624e-06	3.1782832965175e-05
5016	chr17	35301700	35308284	8.15944505257103	8.48035591390513	7.74610135029395	0.630978775833905	1.29835251889551e-06	3.18284924549158e-05
2938	chr13	28422411	28426363	8.00100546164437	8.37834695527494	7.48860287197807	0.724533091954968	1.30364735339689e-06	3.18921265584631e-05
4123	chr15	81349907	81363776	10.2855377223748	9.98613349561141	10.5333584515524	-0.493076265863376	1.30760393587993e-06	3.19228266660273e-05
7789	chr4	119460452	119472293	10.2852809082047	10.5774769803914	9.91847438663322	0.577018191327141	1.33358907560679e-06	3.24753273213833e-05
295	chr1	86497337	86507038	9.88091456107092	10.1594257941611	9.5354553928716	0.551150628463452	1.33573198021262e-06	3.24753273213833e-05
8908	chr5	140500461	140530001	11.8620976417884	12.1173154287828	11.5518156362213	0.508044672766769	1.36410603456183e-06	3.30970778324079e-05
285	chr1	85996337	86002271	8.50675399306319	8.84561168768061	8.06305139293728	0.661620951419669	1.39325925684197e-06	3.37351462681244e-05
421	chr1	127295202	127300975	8.9499568844031	9.2764374490322	8.52729986606317	0.63692805679066	1.4084383725535e-06	3.40329403069369e-05
4139	chr15	82025475	82032275	9.22082102312204	9.51378562844932	8.85280016073539	0.576343263936646	1.50804515764534e-06	3.63654318015048e-05
1499	chr11	19919270	19921056	7.92688566736206	8.36297043299656	7.29888444710238	0.816672097375896	1.5145020280026e-06	3.64467534885514e-05
9480	chr6	119383701	119390942	9.20511461151964	8.84808107840185	9.49108687710509	-0.564626439070211	1.52334030082055e-06	3.65849369806822e-05
1482	chr11	11495601	11531286	12.7941392497802	13.0122914429092	12.537020304125	0.433470788985695	1.56780826301871e-06	3.75765160970164e-05
1664	chr11	53783084	53788528	9.25731302352361	9.61474756622947	8.78108434449062	0.689615721025009	1.5967490556991e-06	3.81926859152643e-05
827	chr10	13864385	13870530	8.82246529369376	9.13588451469705	8.42149867098352	0.61522105914766	1.60914435726607e-06	3.84114135867795e-05
9747	chr7	25378164	25381745	8.25243829342375	8.60781508858004	7.77986968136715	0.687695837636463	1.61341723087172e-06	3.84357620967343e-05
9965	chr7	66260737	66266637	8.66375350706096	8.99024165852545	8.24108373677091	0.637230056376087	1.61706662297986e-06	3.84451895716901e-05
1273	chr10	99207396	99212625	8.47822714564173	8.79029413625825	8.07947649949529	0.612782879718289	1.62207482303388e-06	3.84868194959204e-05
4889	chr17	28011753	28018035	9.63615504957196	9.9038384477532	9.30722525537537	0.52950220031298	1.64763081911949e-06	3.90148411998316e-05
1794	chr11	70016675	70022536	8.79658591356547	9.15233029313265	8.32336455123858	0.686915373411616	1.67852762573842e-06	3.96387151867073e-05
4633	chr16	76245416	76251047	9.0134890921587	9.57583986759275	8.07927259130305	0.975039420396467	1.68068689137952e-06	3.96387151867073e-05
6233	chr2	33214610	33218321	8.53449120473759	8.83618833018455	8.15255403490301	0.591135829348492	1.71399047732068e-06	4.03436483665759e-05
10687	chr8	72318897	72332661	10.104690834137	10.363069434814	9.78971839572124	0.511995879762872	1.79122249898802e-06	4.20777038728477e-05
8798	chr5	125150920	125155961	8.35421513925975	8.67594049913962	7.93951546836318	0.628246572688477	1.81284786561492e-06	4.25012110716387e-05
7625	chr4	63896433	63903222	9.33404163824025	9.02311342828375	9.58969591548125	-0.506319184656508	1.86784502261395e-06	4.37038748261514e-05
208	chr1	63998078	64005256	8.95164570065282	9.23215824530129	8.60309684368229	0.552795520218529	1.87422288342932e-06	4.37664379260887e-05
4652	chr16	84644330	84650502	8.40161467948498	7.97532269778372	8.73025356122191	-0.637957791329388	1.94679402175396e-06	4.53714362150785e-05
2611	chr12	79622467	79631783	9.9413128630311	9.65364197942766	10.1810487003254	-0.47549930461069	1.96224718940163e-06	4.56255258311859e-05
7144	chr3	90611043	90616325	8.97463534819685	8.62408350673935	9.25644153769223	-0.557476947711946	1.96541914760271e-06	4.56255258311859e-05
11352	chr9	69154708	69160057	8.3983020779184	8.02045069063553	8.69744955880686	-0.587832164680167	1.96943521357114e-06	4.56291107520717e-05
7422	chr4	7891507	7897470	8.57141742458076	8.15639358825531	8.89333732163398	-0.629816311606435	1.97998604218926e-06	4.57837868385682e-05
34	chr1	21331456	21337670	9.64004561728149	9.93520059273253	9.26855462375955	0.579278237663385	1.98521425357541e-06	4.58150226957949e-05
3271	chr13	95955152	95965646	10.1853958570071	10.474631577234	9.82325137011314	0.56863543292622	2.02935430166862e-06	4.67020822282563e-05
7030	chr3	60122501	60130267	9.42617489371364	9.09511971543723	9.69526210011854	-0.531608134132255	2.0332848585944e-06	4.67020822282563e-05
9297	chr6	84961417	84965308	7.98331944583142	7.4560041551374	8.36864587831078	-0.73343668123284	2.03550883103859e-06	4.67020822282563e-05
4176	chr15	86179157	86187080	9.3330928957676	9.61117442137582	8.98829570381432	0.547313671534819	2.05835900743629e-06	4.71348256431535e-05
4763	chr17	13681983	13685919	7.87106533573414	7.42121938380914	8.21348238349663	-0.663268792715023	2.07652504792975e-06	4.74588393933035e-05
4909	chr17	28821897	28830206	8.289203857822	7.90110126750127	8.5947262764229	-0.60102980920452	2.08604739006768e-06	4.75844323572196e-05
10990	chr8	124262625	124297143	12.102492671724	12.3036641320504	11.868652783424	0.398107050204852	2.10019155318171e-06	4.78147656886225e-05
4075	chr15	78507404	78520336	11.0664642580646	11.3086738362003	10.7752204033459	0.47946293459512	2.10592484588734e-06	4.78530922673168e-05
9398	chr6	108274787	108283595	9.74020690424129	9.40976847396468	10.008887104486	-0.530731788690985	2.11911016145441e-06	4.80602795926013e-05
132	chr1	51589715	51599081	10.4426753994603	10.6991041310637	10.1305994496376	0.506873934129534	2.16963387104523e-06	4.91118655560735e-05
10937	chr8	120732978	120764943	11.4718364809427	11.7324348134592	11.1535548006349	0.514887166517565	2.18428788822394e-06	4.93116555220448e-05
7341	chr3	135617988	135643293	11.3319324407911	11.601395976354	11.0003066106228	0.532028422661861	2.18680665991465e-06	4.93116555220448e-05
7615	chr4	62774256	62782951	9.43645748340446	9.76634356645775	9.00805833811897	0.639687665496692	2.19653316578186e-06	4.94366397845304e-05
9696	chr7	16308273	16314895	8.94463102440374	9.22168796070207	8.60141022182609	0.546171830942043	2.21928458442014e-06	4.98537388773924e-05
9914	chr7	48897861	48902394	7.9660093951077	8.35081327388073	7.43967729298942	0.732190025919296	2.22433413533776e-06	4.98723570078766e-05
9984	chr7	74494238	74499440	8.38428014810983	7.97130821812782	8.70496748039158	-0.62453530569744	2.27908230211584e-06	5.09911058296099e-05
2619	chr12	80207572	80213658	8.86719789988126	9.17076254542035	8.48225608622155	0.592491725647879	2.28286179619699e-06	5.09911058296099e-05
3723	chr14	78710365	78716891	9.08157974750318	9.40864508533289	8.65793931518998	0.63433852877223	2.29158185866376e-06	5.10893042301339e-05
4536	chr16	38367177	38382852	11.6567313503662	11.9234539209996	11.3292532692138	0.526401266605337	2.3039154276124e-06	5.1267541794102e-05
854	chr10	19689774	19694076	9.16979400161663	9.44576960048139	8.82823382079296	0.542706816925071	2.33491060845907e-06	5.18595935141961e-05
131	chr1	51568612	51589206	11.7608494786806	11.9857796229242	11.494254744685	0.445295397218505	2.36724042587673e-06	5.24790110171847e-05
4699	chr16	94248914	94256873	9.09840602781462	9.46421422638265	8.60713220764063	0.698786502720626	2.41209316131676e-06	5.33732074796232e-05
997	chr10	60104753	60109068	8.32182636584912	8.70462104094586	7.79926506078546	0.72612079281194	2.42073913405252e-06	5.34643992672234e-05
10576	chr8	46840639	46855398	11.5805679039341	11.8565750543311	11.2389593137568	0.543444575512746	2.42656689129619e-06	5.34796902152369e-05
9479	chr6	119371220	119381413	9.09520422507647	8.75339478168418	9.37134226593287	-0.545681748949033	2.43048355158956e-06	5.34796902152369e-05
6116	chr2	25961653	25974146	9.08290846926382	8.6751417940856	9.400456415724	-0.620471247238899	2.47673915987049e-06	5.43961894294233e-05
9210	chr6	54962432	54975154	9.86194408336765	10.1682761352925	9.47253107640876	0.59737344525244	2.5340408353239e-06	5.5551440649698e-05
11005	chr8	125389832	125393265	7.81443796024775	8.19293500757754	7.29989185660034	0.71780478524042	2.63627127798423e-06	5.76855211493735e-05
949	chr10	42932587	42936922	8.29558305679271	8.67820780733855	7.77333996769399	0.722457520146067	2.76387004061631e-06	6.03657826246253e-05
2075	chr11	97945758	97958300	10.2973728449612	10.6001281067995	9.91373449075798	0.591080053443761	2.77799019726906e-06	6.05622364777328e-05
383	chr1	106615071	106620979	8.6529565128873	8.27226108205559	8.95387999774583	-0.587760340749019	2.79652175781121e-06	6.08539614922602e-05
7681	chr4	101212647	101219696	9.64162929093207	9.9339438917242	9.27463559397552	0.570949844203349	2.84324521328519e-06	6.17569585297387e-05
9982	chr7	73605331	73621445	11.406470042237	11.6266558902307	11.1465191801954	0.43506208770807	2.87841473750191e-06	6.23979167095362e-05
3257	chr13	93760841	93767537	9.09715489958549	9.39747150240158	8.71743233748487	0.584537323732627	2.88420832446585e-06	6.23979167095362e-05
3976	chr15	62453844	62463899	9.98332764962323	9.6525381536114	10.2522395616133	-0.529996707386027	2.88859685512156e-06	6.23979167095362e-05
6035	chr2	9575613	9580353	7.73793341874682	7.22722724020685	8.11435851309684	-0.714401742482562	2.92843855300282e-06	6.31431203326301e-05
5825	chr19	23320696	23326563	8.99998697970798	9.35730079687432	8.52397343328145	0.681950690411409	2.94835039546922e-06	6.34566635207e-05
3332	chr13	111786463	111811442	11.504928503156	11.746287127647	11.2149154216893	0.476688944940977	3.04701864860357e-06	6.54610406398178e-05
10611	chr8	64722265	64728191	8.41711438363478	8.01532211414118	8.73103657541479	-0.612634110743903	3.06585892056346e-06	6.57462595378909e-05
5282	chr17	83840469	83852526	10.9130372016679	11.1971213487191	10.5589471819065	0.556243700103381	3.15900883826757e-06	6.76211022336407e-05
1239	chr10	94794996	94801458	8.38509410350858	8.00033097196063	8.68854786640598	-0.593531087388771	3.1822755721797e-06	6.79959641245484e-05
5343	chr18	3931129	3935875	8.58767381481682	8.89184099968758	8.20176041029188	0.590178870553495	3.20110135229315e-06	6.82747537521586e-05
2270	chr11	117074244	117131555	12.4135055873219	12.6648380556516	12.1089543326056	0.495776962690063	3.21093241842703e-06	6.83610404615023e-05
7371	chr3	144397184	144403095	8.51274622289966	8.86194900803775	8.05107277716763	0.667207925343852	3.26049701841114e-06	6.92914258445072e-05
2769	chr12	107135912	107152240	11.3153415775184	11.0603308120734	11.531975382745	-0.427850376095851	3.37578154200946e-06	7.16126296236693e-05
500	chr1	138284691	138306057	12.0693634039659	12.3033177794792	11.7899849969854	0.461179535170303	3.41491745278751e-06	7.23130190360882e-05
4231	chr15	97341503	97345605	8.76717998399699	9.06186637984299	8.39643249116516	0.577624373517707	3.4312430440252e-06	7.2528743842937e-05
6247	chr2	35443313	35456443	10.7467667666329	10.9936771508713	10.4486917694904	0.485848835450736	3.46944549885168e-06	7.32053000257705e-05
10648	chr8	70633300	70636836	7.91958032965442	8.28944294110214	7.42093332561278	0.698783526717929	3.4873299163746e-06	7.34514978464924e-05
105	chr1	40083715	40088578	7.92137967411573	7.41419257013086	8.29589846507004	-0.708016214850719	3.63225049697696e-06	7.63677435449818e-05
10940	chr8	121299840	121302413	7.86520099746309	8.2848890216278	7.27089223102749	0.774733764921816	3.77075314440585e-06	7.91389327785071e-05
4691	chr16	93389959	93394508	7.98687428119345	8.38544070553466	7.43430029841497	0.741371962563231	3.84663283774622e-06	8.05883220049811e-05
130	chr1	51534680	51537334	7.95323172019925	8.33326142058328	7.43583501625512	0.714361079384148	3.87932890559712e-06	8.11294696434258e-05
11599	chr9	118370017	118377017	9.56957257898824	9.89965281552436	9.14084496768439	0.63470172740526	3.96206520716422e-06	8.27133612859583e-05
996	chr10	60075326	60084415	10.2988526944685	10.588672412322	9.93579046243416	0.564310959671137	4.02304796989391e-06	8.38006968709359e-05
9169	chr6	48587377	48599929	9.55763318463333	9.21390819470836	9.8350180232574	-0.542576256129895	4.03046978916025e-06	8.38006968709359e-05
2732	chr12	102299226	102311037	10.1638712138025	10.4298893043991	9.83745598978959	0.520614832967859	4.03542624573142e-06	8.38006968709359e-05
10651	chr8	70751425	70756081	8.32593362108187	8.67207208839031	7.86962016219778	0.663868765089965	4.11331267504219e-06	8.52682501198219e-05
7921	chr4	132971316	132979618	10.0639271511773	10.3491650129665	9.70803970060326	0.555647067683579	4.12712758689428e-06	8.540479784018e-05
7746	chr4	115087386	115093748	8.76561796230338	9.07016830654481	8.37908616393837	0.589862853628256	4.13494044628234e-06	8.54168816665596e-05
8165	chr5	9098433	9113548	10.2669751921633	10.5029106723506	9.98476434685386	0.463272659464742	4.14979395398154e-06	8.54355976574862e-05
5566	chr18	67691283	67702127	9.43415840198957	9.1210305283602	9.69129602922062	-0.506372613168745	4.15030746914329e-06	8.54355976574862e-05
3754	chr14	105892229	105900344	9.59837498849294	9.87017854989492	9.2631924023156	0.531447246612019	4.206300582325e-06	8.64376481404386e-05
7588	chr4	57830589	57836238	8.22135191806868	8.56089354175854	7.77647207712087	0.64817569217741	4.32121134301677e-06	8.8643853520397e-05
504	chr1	138538612	138544581	9.1089966489859	9.40828126491751	8.73092598168439	0.579841834933911	4.32866481730442e-06	8.8643853520397e-05
9363	chr6	91503154	91508811	8.25011446390729	7.87776586345491	8.54580944399788	-0.575726356263744	4.36939291348562e-06	8.93230911172079e-05
6757	chr2	159130611	159135983	8.00484492862916	7.60062823911417	8.32024136507603	-0.609216476481855	4.40182030940459e-06	8.98305851052239e-05
4893	chr17	28253028	28260461	9.64956551430308	9.95432537417034	9.26269538997194	0.590016802883267	4.42169938860736e-06	9.00806896134216e-05
8777	chr5	124230836	124235752	9.01740260525357	9.3259527705442	8.62438962308152	0.595972272381167	4.48959264320738e-06	9.13064142377598e-05
3292	chr13	99408637	99414726	8.63074480552126	8.25408971746054	8.92914353850455	-0.579953942013279	4.50866320789866e-06	9.15367087019426e-05
9235	chr6	70714961	70728084	10.5823696709125	10.8576223122371	10.2419179855454	0.537038844578199	4.54914011838409e-06	9.2200067991126e-05
380	chr1	106577440	106590781	10.0442210865933	9.75518882078546	10.2849006975952	-0.473061913946302	4.55848172664083e-06	9.22311987705274e-05
7353	chr3	138273288	138277805	8.65250505165087	8.93805873266952	8.29612492870524	0.554469983110805	4.63798786718651e-06	9.36794267327792e-05
6453	chr2	102031071	102035798	8.13499462615289	8.46821733756363	7.70093401880868	0.642732527841641	4.75879144607893e-06	9.59554261550658e-05
8526	chr5	103437179	103447834	10.2030773648207	10.47445621676	9.86854140249623	0.529431667576408	4.784028067582e-06	9.62999585120083e-05
2359	chr12	3884584	3900839	10.3811265077913	10.6610924948697	10.0334225265408	0.545267836138166	4.7969208492972e-06	9.63952665906389e-05
3769	chr14	118922508	118928335	8.25061895196491	8.60111363192636	7.78667636678909	0.664022359728543	4.85624563493865e-06	9.74217290703482e-05
1040	chr10	68077537	68083369	7.9181853899167	8.28078120797529	7.43271223197626	0.683140115784356	4.86584177905156e-06	9.74487906123276e-05
6198	chr2	31462073	31465829	8.11504026674355	8.47956370256933	7.62609071928197	0.685741012969873	4.91545364170678e-06	9.82758041123643e-05
3834	chr15	12212842	12218376	8.7583267202032	9.09266862954451	8.32235917012437	0.637792608898535	4.97844760850519e-06	9.93671232130023e-05
762	chr1	192752092	192755429	8.95463803023974	9.31040741383936	8.48137224939568	0.672480969807907	5.02871582020097e-06	0.000100201190778237
5323	chr17	87374681	87381409	9.59399983798401	9.88113221948318	9.23515282402818	0.556731882694179	5.08678568559844e-06	0.000101187642526988
11172	chr9	37228860	37253191	11.8368693038587	12.1034248505539	11.5096433314179	0.520827062475699	5.12757668011381e-06	0.000101771043208054
1696	chr11	58094961	58098820	8.04790451687305	8.36781947593526	7.63621601401582	0.613338791496835	5.13333968788083e-06	0.000101771043208054
7674	chr4	97994483	97998082	8.09640555682239	7.69863513630825	8.40787332735615	-0.601594221818321	5.14226687220191e-06	0.000101777261912794
10730	chr8	81633072	81640300	9.95495090506314	9.66359293041904	10.1972393232598	-0.474823686615212	5.25742346637349e-06	0.000103882467690082
5441	chr18	35843593	35853006	10.9032138535135	11.1796480036018	10.5609498559355	0.538323852909532	5.27422782207936e-06	0.000104040527455242
785	chr10	4630652	4634701	8.50826444461303	8.83597714510024	8.08353409366279	0.627140237270071	5.30826619434746e-06	0.000104537455587349
4017	chr15	73509563	73513845	7.84494583532879	8.21885951454301	7.33887301740529	0.701649085964558	5.37101088347865e-06	0.000105597112477843
4653	chr16	84679068	84685729	8.726427256981	8.37280388151427	9.01021149346183	-0.551152090607785	5.41433700276702e-06	0.000106272103031055
7221	chr3	103919133	103929612	9.13221013977028	8.81657442857071	9.39103432427394	-0.505602280133861	5.43530629298002e-06	0.000106506764772557
1259	chr10	96405995	96412036	9.71433792324416	10.0489577918673	9.27789615231246	0.638036227846721	5.49203922115662e-06	0.000107440290458918
6502	chr2	116971090	116977695	9.22002607096237	8.80070081299091	9.54452071752309	-0.621691262600841	5.54825495964972e-06	0.000108360629096233
4065	chr15	77848622	77853424	8.40665007410041	8.74014495954418	7.97212609165627	0.636611710863791	5.63561428391028e-06	0.000109885178842713
5989	chr19	53896992	53906760	10.32624144515	10.5617156608058	10.0446909264964	0.461204759493725	5.66017952742783e-06	0.000110182341509205
7031	chr3	60405156	60415529	10.3484360435815	10.5877976196811	10.0613044253599	0.468239707200133	5.68342567616082e-06	0.000110430485818212
1135	chr10	80568616	80580330	10.0819223171431	10.377858482759	9.70919041000793	0.573224826087907	5.69161864110454e-06	0.000110430485818212
8373	chr5	64598429	64602306	8.65902588571278	8.98934447417174	8.22989487136047	0.62916999889954	5.71649283259e-06	0.000110551698297791
8996	chr5	148862862	148870052	9.98655792753646	10.311460138898	9.56654990200167	0.621786492588877	5.7165781702734e-06	0.000110551698297791
3474	chr14	31413519	31416279	7.47442029320609	7.90315062798954	6.86167596145074	0.778274104931657	5.77864644527935e-06	0.000111569422218008
2572	chr12	73873525	73928477	12.6000181411754	12.3764484785316	12.7935455201129	-0.378963765275281	6.02442294212795e-06	0.000116124929011719
4343	chr16	10583759	10589126	8.18387065418449	7.76864865069967	8.50590944027043	-0.616516882168201	6.13859345251119e-06	0.000118120984280961
3380	chr14	14726578	14732623	8.37457870897527	7.99910432497619	8.67223746413047	-0.574906616783707	6.14796930710824e-06	0.000118120984280961
2161	chr11	106121230	106124385	7.96458300497921	7.5015278324376	8.31457283172987	-0.664436978027752	6.26408607682832e-06	0.00012015656020098
11190	chr9	41134223	41138065	8.10235002274873	8.52337465622932	7.50533819487918	0.765205229843804	6.2752094984063e-06	0.000120174838627502
5289	chr17	84159295	84167773	9.3561748945398	9.60966669686317	9.04844339073773	0.493888317847443	6.30732096868843e-06	0.000120594343957965
2614	chr12	79757230	79767250	9.58025654478494	9.84559764144873	9.25486148366359	0.515821099392666	6.46392873870451e-06	0.000123388985422508
8542	chr5	105597468	105601439	7.89859579536029	8.23291230597327	7.46267156522508	0.638069755645301	6.50249122432537e-06	0.000123924897268756
9446	chr6	114786806	114793290	8.31625835533061	7.81936177957521	8.68516133460431	-0.689493348971719	6.53118254185734e-06	0.000124271260732023
3764	chr14	118819714	118823230	7.94713064721015	8.37609378711798	7.33390700728444	0.774975892632026	6.58735161135235e-06	0.000125138499420803
810	chr10	12820143	12826459	9.33209291730616	9.61561958943801	8.97887009992444	0.54904205159458	6.68589431550654e-06	0.000126806624770506
111	chr1	40520847	40526304	8.75430477918083	8.41191357908003	9.03082176494309	-0.53588020247438	6.70755337528575e-06	0.000127013542760219
10991	chr8	124309178	124322125	10.6334692637016	10.8648047009899	10.3578207650815	0.452286096716053	6.73047922977672e-06	0.000127243748126467
10257	chr7	123216563	123221244	8.25245177572516	8.64780437932491	7.70607116648766	0.727665305326013	6.75869534537726e-06	0.000127573073803479
3795	chr14	122049083	122069938	11.5377152622183	11.7416549103617	11.3001245370807	0.398851901659353	6.84502333279981e-06	0.000128864362414321
1258	chr10	96396301	96405448	10.3596193927021	10.5731527680992	10.1088969639217	0.418232974925556	6.84891838153299e-06	0.000128864362414321
5782	chr19	11378410	11392848	10.0834633994752	10.3195962724683	9.80096981812475	0.46236757753229	6.8813547541322e-06	0.000129268819991774
4952	chr17	31786919	31793851	8.67862370907929	8.97441569124515	8.30612096698434	0.570163511407475	6.90434004269792e-06	0.000129494733245268
4631	chr16	75853417	75862162	9.12467700504897	9.41316413005483	8.76370753066991	0.556523493911199	6.95169946215881e-06	0.000129989525705932
4071	chr15	78428531	78437675	8.76275796801713	9.06115834029902	8.38610026255608	0.573635879607762	6.9527234466951e-06	0.000129989525705932
10609	chr8	61516953	61520718	7.83435193758578	8.19381728826453	7.35449684011006	0.673746334628938	7.09057487883151e-06	0.000132357397738188
2266	chr11	116615746	116619896	8.13676882888137	7.7280612798012	8.45488557947079	-0.609435477229783	7.11043779886277e-06	0.000132518821816029
650	chr1	173448825	173455364	9.5771601860667	9.88110798027395	9.19160067033561	0.583353927603575	7.15716375280754e-06	0.000132997427179034
5610	chr18	77744950	77749255	8.01174432831536	8.37714977235207	7.52119975983186	0.681259046076464	7.15862928959593e-06	0.000132997427179034
5705	chr19	5830524	5836533	7.95587102461201	8.30850203466772	7.48816377293377	0.66596746420279	7.20756200174043e-06	0.000133696314933383
1084	chr10	75891669	75909273	9.93872095148518	9.68323809321025	10.1556951068705	-0.424626244160199	7.26611657258889e-06	0.000134571212259734
8914	chr5	140700619	140707465	9.71263048954726	9.97224316244077	9.39581982537712	0.504818289491608	7.32232913446644e-06	0.00013540006424547
5533	chr18	61395875	61401553	8.7458119730575	9.0633650166597	8.33803687093296	0.608774977097943	7.4148477102047e-06	0.000136896625849654
3458	chr14	30578431	30582089	8.14149739542126	8.4390078030367	7.76625952478693	0.572526404699549	7.46499896528068e-06	0.000137484504556547
10938	chr8	120795496	120799790	7.81437206509388	8.202928690099	7.2809562788097	0.716782908605779	7.4699603863662e-06	0.000137484504556547
7888	chr4	130015368	130018508	8.6652303994819	8.99247990003945	8.24128003899192	0.622108024714372	7.59247752305575e-06	0.000139522106395687
4715	chr16	97458609	97465180	9.52735853423061	9.79019934621608	9.20572078141537	0.509825920455667	7.66077521107638e-06	0.000140558571264097
4953	chr17	31816764	31823147	9.15060050501693	9.45727538001225	8.76063204754222	0.586800190139506	7.71979508488096e-06	0.000141421858485199
11440	chr9	96391303	96400605	11.2507306322498	11.507983133972	10.9374321764693	0.500302468947515	7.82011777103933e-06	0.000143037943626317
9237	chr6	70761695	70766398	8.42651684520163	8.74319198920191	8.02019198330953	0.602993695622216	7.83828147852511e-06	0.000143148584158041
2699	chr12	99404904	99410084	9.80714701453821	10.0920097224615	9.45184443871862	0.549195996869106	7.88199242769012e-06	0.000143724726119732
6085	chr2	24641383	24644738	7.98184852765668	7.58676050663933	8.29167316568998	-0.595028662715593	7.91796951211946e-06	0.000144158286217571
7002	chr3	52392281	52402650	10.7427655720366	11.0238572631608	10.3933205730957	0.543330285619366	8.06697582634972e-06	0.000146645209790997
10823	chr8	105263266	105271801	9.68794086856152	9.99034760420301	9.30486320543177	0.579615182968119	8.17653436220959e-06	0.00014840849466032
11069	chr9	15492487	15519429	10.8695247543329	10.6135260970525	11.0868705503553	-0.424281407742483	8.19760540975972e-06	0.000148561562030194
11654	chr9	123833877	123838711	9.01653561406768	8.70738470982304	9.27098858943906	-0.494453254626819	8.2101134060356e-06	0.000148561562030194
2618	chr12	80173875	80178419	8.23103279058002	8.57561946944705	7.77742176040841	0.647081709276271	8.25459487582242e-06	0.00014913806277174
4032	chr15	75805072	75814453	8.40209574988937	7.93201893669639	8.75606694023259	-0.667603011776969	8.46605014117813e-06	0.000152724959493375
9137	chr6	39282905	39289029	8.98448642890565	9.32911895685625	8.53079566703586	0.647836774102477	8.64803332902386e-06	0.000155770063743515
2797	chr12	110870696	110890784	10.0530147953202	9.75643628616595	10.2988985918519	-0.479646078770929	8.67175971569311e-06	0.000155959684628051
1889	chr11	77482364	77489524	8.51041233198381	8.79724775280506	8.15202987983136	0.550811202320301	8.69688928702642e-06	0.000156173926771283
6138	chr2	27401356	27420612	11.6456580686489	11.9329925506156	11.2864947508127	0.553916234920356	8.7721918152081e-06	0.000157287129724581
967	chr10	53428382	53432446	7.78075809195264	8.1868270449294	7.2135671375894	0.738422773126466	8.8990554996188e-06	0.000159320060278024
6515	chr2	118615448	118624792	9.08188934935669	8.76398278560298	9.34223649308464	-0.505827797829316	8.95281642205769e-06	0.000160040058764045
10615	chr8	68630537	68635542	8.18840001535688	7.78030672927759	8.50614548147711	-0.606160442528112	9.22498384883693e-06	0.000164656207187095
5937	chr19	44386776	44390621	8.39469856538934	8.74861153778641	7.9247248135333	0.664535308458703	9.26328713720651e-06	0.000165090498964151
2461	chr12	32199654	32210976	10.1850535902338	10.4535516949163	9.85489095288235	0.518977459378067	9.31271396152077e-06	0.000165721427965858
10732	chr8	81733493	81738323	8.84330043238063	8.51929278993826	9.10771953982283	-0.511883274287642	9.59147286863511e-06	0.000170425328444801
339	chr1	92138982	92146492	7.99440218012466	7.57293209398347	8.32017610503117	-0.620786849796504	9.81644405825792e-06	0.000174160815303867
9152	chr6	42347531	42358493	10.4034914454056	10.6291395850031	10.135886655395	0.438922564161529	1.00530490065806e-05	0.000178091194995137
3786	chr14	121347511	121381609	11.9057663035649	12.1563909802276	11.6022549212818	0.486425320560583	1.01000063420378e-05	0.000178655202002274
9691	chr7	16110258	16121013	9.07677576164923	8.73447336441385	9.35323491928515	-0.535079034893256	1.01306130590043e-05	0.000178928735284297
10673	chr8	71665510	71672402	8.83145105184726	9.15277923607751	8.41741284964374	0.608089695519133	1.01754619235031e-05	0.000179452624012108
9470	chr6	117873660	117875941	7.53620612448427	8.01870404798282	6.80605160327807	0.827303346169228	1.02382713542902e-05	0.000180291228498202
1028	chr10	67002499	67006634	8.67312384207379	9.01648441847158	8.2216424367545	0.643066718899925	1.02931272835279e-05	0.0001809874880687
3253	chr13	93070310	93076166	9.01573543805335	9.36898851451621	8.54692907366844	0.658744311482094	1.03676528998312e-05	0.000182027023275491
3249	chr13	92301316	92309553	8.39407189221448	8.01648747036263	8.69305237044564	-0.572931272540816	1.04724353728267e-05	0.000183566046111889
11201	chr9	44490682	44501257	9.91316081605509	10.1568501441333	9.6197724946976	0.472821387694323	1.0486381273318e-05	0.000183566046111889
5721	chr19	6294373	6302352	9.55404002971624	9.21510705866562	9.82830067822552	-0.528160985206273	1.06012268074383e-05	0.000185301917095697
9117	chr6	37365226	37372394	8.72211834232471	9.03737154392688	8.31813749242679	0.601316541909345	1.06582892861581e-05	0.000186024145059444
993	chr10	59945849	59985043	12.6920685913779	12.8951312159704	12.4556680499202	0.395138989072643	1.09893920977109e-05	0.000191520143107008
2046	chr11	96439820	96445020	8.63004854251675	8.93086054400984	8.24953190616998	0.574761763819775	1.10478622465941e-05	0.000192255582188153
9888	chr7	45089694	45092781	8.38995537493994	9.07023805928816	7.05915012868159	0.921800667338541	1.11297614770309e-05	0.000193395972959701
3486	chr14	32513316	32522805	8.54934195832494	8.19923090433176	8.83086371503301	-0.541367852985318	1.11693204245619e-05	0.000193798370244674
2604	chr12	79426886	79458593	12.4376159678393	12.6298029488401	12.2158341162434	0.37340928661994	1.13414296236415e-05	0.00019649608861136
7472	chr4	32237302	32242755	8.74367907187048	9.06857593351957	8.32368001171372	0.616746878714828	1.1369631872192e-05	0.000196696296049518
6333	chr2	68300472	68309442	9.08085984960336	8.73209350540654	9.36151300337659	-0.542083969889478	1.14652632119115e-05	0.000198060745777699
3768	chr14	118909798	118914404	8.05078030123537	8.41638671131253	7.55987192302114	0.676004474771215	1.17007705040631e-05	0.000201769225747291
3632	chr14	64270176	64274441	8.30327706244975	8.63445115986951	7.87269664700247	0.621685137429429	1.17140901203996e-05	0.000201769225747291
7943	chr4	133671293	133679915	9.48495825849795	9.77000072685586	9.12937547999301	0.547692271629356	1.1817498398901e-05	0.000203254091821563
9487	chr6	120107043	120125709	11.2113061470107	10.9595072361606	11.4256193031172	-0.416377486207927	1.18516737677833e-05	0.000203545606453674
10137	chr7	101339128	101351133	9.58417175199351	9.86841777266402	9.22982976275603	0.544527747596252	1.18788277461847e-05	0.000203715861609461
3034	chr13	45388317	45393512	8.85557201637907	9.15829318178161	8.47198853036908	0.576903460349865	1.19732831353829e-05	0.000205038135547369
5852	chr19	29388807	29392229	8.13716228299596	8.43416969607212	7.76272587694821	0.567366430336417	1.21910694292985e-05	0.00020835508798105
426	chr1	127624230	127628600	8.07842451565971	7.70293667351461	8.37609171093594	-0.567716108610742	1.2202244489073e-05	0.00020835508798105
1336	chr10	121503290	121508980	9.49246624218587	9.76488643171888	9.15634397897182	0.523516765069154	1.23459263580821e-05	0.000210356503071605
5049	chr17	44561975	44573182	10.2408936512518	9.91980348223526	10.5033691693427	-0.506336398969187	1.23550620456749e-05	0.000210356503071605
9780	chr7	28422019	28426242	8.31526112316473	7.9525606495194	8.6048507123898	-0.556710921185257	1.23830260551938e-05	0.00021052926024197
4816	chr17	24590319	24603253	8.56650793959853	8.2433299205207	8.83037502701381	-0.510023628280691	1.24263371505766e-05	0.0002109620686368
7277	chr3	116005234	116009777	9.26865252556652	9.55079373438764	8.91758121801381	0.53990589274072	1.2511414702407e-05	0.000212101687408381
7599	chr4	59323880	59341458	12.6157099517032	12.8303827586652	12.3634140782105	0.416950616503906	1.27279938192977e-05	0.000215464147519802
8619	chr5	113851835	113875524	10.9071609636439	11.1886029242944	10.5571735303626	0.539507046161476	1.29820467461097e-05	0.000219450449716784
3540	chr14	52139670	52145028	9.11062660432773	9.37468750317362	8.78715739919522	0.50730442621517	1.30189306501722e-05	0.000219759549374907
3812	chr15	6546852	6558941	9.89181958442235	9.61781729712611	10.1219954688966	-0.445714394221768	1.31909763267533e-05	0.000222035816998273
5105	chr17	48423865	48435349	10.9284180837807	11.1790318179062	10.6249227681553	0.484119729944262	1.31913628582251e-05	0.000222035816998273
5291	chr17	84213038	84221937	8.37122745680247	8.02129020810851	8.65263702054217	-0.538888138527067	1.32569375557417e-05	0.000222759961171768
8552	chr5	107280338	107287095	8.40168444465295	8.06393331918535	8.67517194037243	-0.52556705344541	1.32720897651426e-05	0.000222759961171768
7194	chr3	101019151	101022590	8.34612914665459	8.62876063429953	7.99429707958546	0.540692672403496	1.35614754402543e-05	0.000227294175605737
4021	chr15	73740828	73757400	9.93422295108105	10.2363305571446	9.55162623062126	0.57461750138968	1.35973237000495e-05	0.000227572205155503
3015	chr13	43258514	43275542	10.854652837214	11.1158966848854	10.535406419644	0.503435417570383	1.36873579428939e-05	0.000228428638804027
11377	chr9	72440399	72442790	7.55922760157528	7.93511706335132	7.04951154899675	0.6874755182455	1.37050314392213e-05	0.000228428638804027
9200	chr6	54713748	54719582	9.31550051054563	9.58493848528175	8.98391345174688	0.516551582442726	1.37064916140873e-05	0.000228428638804027
6562	chr2	126151281	126154916	8.54287004250686	8.19812769927791	8.82091594966887	-0.535292465971214	1.38704576569425e-05	0.00023083567278089
6301	chr2	59154808	59164217	9.76388257769866	10.0409681942278	9.42061768758781	0.531214041282531	1.4003002477937e-05	0.000232713751447685
1060	chr10	71361840	71370190	8.6871125714172	8.36651945907803	8.94925630210682	-0.506060641140807	1.41287502274927e-05	0.000234473753775357
1761	chr11	68192508	68214975	12.1558060051573	12.7127737724908	11.2366713564862	0.878764848137631	1.4665187457642e-05	0.000242946287349992
442	chr1	128703274	128707319	8.82333035677179	9.09743481778023	8.48463626390299	0.525521935580136	1.468040361949e-05	0.000242946287349992
8030	chr4	141534883	141540262	8.63055464197214	8.91598622587029	8.27436502109732	0.544638561764983	1.47866105274099e-05	0.000244361664324302
6517	chr2	118662298	118669889	9.60100345982147	9.88171718134495	9.25214341579298	0.536063072491763	1.48171403313681e-05	0.000244524204127717
9939	chr7	58774465	58784333	8.90488421895972	8.57349557582942	9.17419136622146	-0.517281538576787	1.49745278961979e-05	0.000246776878133158
8514	chr5	100580951	100590253	10.412640720006	10.6549222930744	10.1212926541978	0.467429947209708	1.51686930877959e-05	0.000249628520230358
8693	chr5	118473179	118479706	8.5294629961956	8.80733009134083	8.18499595301948	0.531576557211694	1.54369442093675e-05	0.000253689753515836
9172	chr6	48659948	48669979	10.7175740875477	10.9627335768158	10.4220498501159	0.473126265419135	1.55517300388791e-05	0.00025522116963805
491	chr1	136616130	136620248	7.91236257872882	8.25226051620776	7.46686881598485	0.632908308033783	1.56546532254022e-05	0.000256553928587173
7387	chr3	149466067	149468446	7.7692184976057	8.1425532322245	7.26421053820571	0.682161129240235	1.57150993716233e-05	0.000257187831267452
589	chr1	164068446	164081345	9.79838563743952	10.0978119792986	9.42008829232406	0.567590566919162	1.58031967740458e-05	0.000258271885314143
8754	chr5	123377653	123383487	9.3167907935041	9.59952954082	8.96479220496748	0.538153725436922	1.60189271445135e-05	0.000261435971187253
83	chr1	37613231	37617355	8.83658235686429	9.1651215311458	8.41045862092617	0.613106269920846	1.6091452509665e-05	0.000262257383247174
1089	chr10	76541030	76554819	9.23970102182134	8.90304708896243	9.51246980530159	-0.52322730969359	1.66050683033604e-05	0.000270255491835409
939	chr10	42189367	42196382	8.96248451756048	9.26649148525874	8.57682956569385	0.573306689717298	1.67897606882515e-05	0.00027288557399227
9077	chr6	29823418	29832335	9.46865547151071	9.12158352604044	9.74821224419401	-0.536005282643071	1.68640723542163e-05	0.000273716866672279
6418	chr2	90914998	90919027	9.04208122223259	8.74694327722899	9.2869750966836	-0.472890106290975	1.72348541803512e-05	0.000279351216728436
1276	chr10	99458555	99462178	8.06138131893088	8.40092131501018	7.61650428137762	0.62920430321433	1.73026513620459e-05	0.000280065929443745
9966	chr7	66299767	66305599	8.33619285861642	8.64548942104232	7.94196521100025	0.58103703945759	1.75371222081335e-05	0.000283472826280855
1327	chr10	119081049	119085224	8.32722102554421	8.67566628280191	7.86687553305305	0.641754670838452	1.76508429399378e-05	0.000284921257074187
2843	chr12	117676773	117681995	8.60170292926007	8.24356512902518	8.88838189882212	-0.548119808560846	1.78146036445346e-05	0.000287172382897437
2031	chr11	94589142	94592900	8.8859480720546	9.2313176633187	8.43097460146199	0.637604349211332	1.81971491004211e-05	0.000292754235948823
1024	chr10	63173095	63178434	8.52170304042725	8.81079130627745	8.1597901252947	0.550830957728391	1.82104234446839e-05	0.000292754235948823
2271	chr11	117132161	117150492	10.2491671818906	10.4925884278903	9.95616776719015	0.467877853269413	1.82378066933144e-05	0.000292796092239407
6362	chr2	71807332	71817329	10.245914051628	10.5264095617669	9.89739153912687	0.534145837531687	1.85749282754918e-05	0.00029780373473977
2649	chr12	84200941	84211912	10.1745893681947	10.4042739888375	9.90128356108888	0.442202592476939	1.8711961658468e-05	0.000299594226228263
1535	chr11	23843736	23850378	9.39469878073796	9.67182746244715	9.05136768623163	0.527588999101101	1.88826358016167e-05	0.000301917759989043
10472	chr8	15009141	15021838	10.4671563973751	10.701898684599	10.1866526236115	0.45177862678255	1.93203740823364e-05	0.000308499378590388
6277	chr2	45107968	45111889	8.17038100212527	8.48029504974774	7.77514722748802	0.584831974026846	1.94315199799621e-05	0.000309855384727709
3304	chr13	101692395	101709356	10.9706070632816	11.1959983545106	10.7033637394536	0.434935804952318	1.95606864838839e-05	0.000311400609645247
11498	chr9	107544305	107566816	11.4412993647238	11.6613756413351	11.1815013272575	0.424717425354485	1.95811317676387e-05	0.000311400609645247
9292	chr6	83710430	83716624	8.59022992499369	8.87606449728472	8.23341138458832	0.542473408369606	1.96416273297272e-05	0.000311942834043086
3945	chr15	58730265	58734384	8.34063460068546	8.64416737643264	7.95574414735475	0.571110644186635	1.97149039469504e-05	0.000312686315486129
6224	chr2	32666858	32668781	7.79306796230651	8.21165061334538	7.20098891591014	0.734805464271037	1.97688220526994e-05	0.000313121181467421
1008	chr10	61295323	61299770	8.84692315684161	9.10778015729251	8.52825502063315	0.499420166695107	1.99009721556614e-05	0.000314792352063314
7046	chr3	68972727	68978289	9.30050622358915	9.63398487313061	8.86600988932453	0.618629158676896	1.99900094225569e-05	0.000315769354067022
761	chr1	192728674	192750031	11.3482951850957	11.5438772354147	11.1219774767913	0.377432391445366	2.00161853585138e-05	0.000315769354067022
10361	chr7	139966780	139976472	10.1636927579096	9.89789399926168	10.3880564790623	-0.433588998744346	2.01547531343433e-05	0.000317531417380533
10265	chr7	125481806	125495673	10.468714692384	10.6627202556977	10.2445062925332	0.374439323509233	2.04124416492366e-05	0.000321162996707563
6683	chr2	152801027	152814575	9.94019668235314	9.68279868427819	10.1585495733295	-0.421592574569969	2.05425532114958e-05	0.000322780330780631
6391	chr2	79081738	79090329	10.1359686850621	10.3634071007584	9.86584010487821	0.43720640586028	2.09051171933435e-05	0.000328040989052518
11215	chr9	45245094	45259554	10.8898326683781	11.1609782184531	10.5556517059237	0.51689743698561	2.09819191831533e-05	0.000328809492132811
10506	chr8	25574728	25581196	9.37044186806845	9.66307254209468	9.00294884759312	0.552155540447409	2.11376107655387e-05	0.000330810607689543
1775	chr11	69362597	69369513	9.62129125117867	9.92356028315235	9.23843502129058	0.570456845444602	2.12528788279225e-05	0.000332174624643825
5172	chr17	64598275	64606873	9.91738197953171	10.1756604852045	9.60255846720391	0.493416710645802	2.14247383220743e-05	0.000334418372541123
6455	chr2	102687674	102698618	9.24940972521407	8.98138962675719	9.4753528362251	-0.434897841995281	2.16836786234594e-05	0.000338013649887595
2173	chr11	106484564	106489427	8.86388108261876	9.14867878086972	8.50867981903398	0.543483142141839	2.19533583621605e-05	0.000341587230697249
9105	chr6	34474047	34477837	8.79501981769061	9.09318860978986	8.41873179024426	0.561392350956462	2.19707426650228e-05	0.000341587230697249
9119	chr6	37438746	37445280	8.9889433424546	9.25406822153228	8.66387384712843	0.506283197583754	2.21023869960088e-05	0.00034318239782502
9760	chr7	27353756	27359105	8.62317445206088	8.94731909551063	8.2044351205804	0.602779488261172	2.21638930827643e-05	0.000343685775152156
1443	chr11	4714397	4718226	8.078416804973	7.70224889742494	8.37651032868144	-0.560753174877311	2.22349808058485e-05	0.00034433621651626
10541	chr8	34650188	34657140	8.99236325870397	8.69849589594655	9.23638263302	-0.468094594801804	2.2345642184923e-05	0.000345547856208292
8909	chr5	140564186	140570016	9.22720734731248	9.51262154698521	8.87104484682418	0.540164069675081	2.23717087000121e-05	0.000345547856208292
6700	chr2	154611248	154616271	8.93909939867214	9.21260260620159	8.60132427198251	0.519825735946679	2.25803668367417e-05	0.000348315423685301
3415	chr14	22268520	22275354	9.24725406376342	9.49733261860675	8.94454417176978	0.478063805687718	2.27280322348182e-05	0.000349902598301677
6456	chr2	102698863	102704527	8.37754604849317	8.05918569938512	8.63819704606102	-0.499250554542466	2.27424843852139e-05	0.000349902598301677
5311	chr17	86505985	86509991	8.63785669534291	8.31892279414129	8.89889151413711	-0.499674457915938	2.36014085019828e-05	0.00036264530931005
2172	chr11	106460811	106467402	9.43725465860014	9.13115109690181	9.68964211490714	-0.483768054675271	2.37435743004522e-05	0.000364355940174213
103	chr1	40027970	40034422	8.54376706919372	8.16377995256773	8.84424876868959	-0.563767486938822	2.40463854414352e-05	0.000368524112031127
2033	chr11	94694183	94700154	9.53868971982886	9.8001656306823	9.21909621522083	0.49743648613626	2.46832217171432e-05	0.000377793973846845
7430	chr4	8832472	8863107	11.654524457293	11.8473758548492	11.4318568972324	0.370911296918871	2.4981890925464e-05	0.000381870663874881
9911	chr7	47106799	47113296	8.56270067204112	8.21058127128276	8.84551722408682	-0.533962746625547	2.50548264870233e-05	0.000382490736137813
6368	chr2	72993992	72998357	9.2721937013702	9.56067659426389	8.91123086536108	0.542899838697683	2.55107449144956e-05	0.000388948337947974
1362	chr10	127194131	127201372	8.67434018647455	8.9266055781499	8.36841637397612	0.484536321986134	2.55916199194417e-05	0.000389678583721809
10186	chr7	110251303	110256767	9.5930580935651	9.88151033772882	9.23214333078331	0.54339648823938	2.56326537050854e-05	0.000389801076163821
1401	chr10	128888520	128893450	8.03553401653407	8.39694864153003	7.55218467810704	0.65741128544621	2.58405565869303e-05	0.00039245760492438
8077	chr4	149644836	149673039	11.669281020253	11.8866315920235	11.4132757326598	0.417573364087111	2.59404761322989e-05	0.000393469404337925
6180	chr2	30617830	30640594	11.5919216154198	11.7980628923054	11.3513355914837	0.396288448787291	2.60278964563846e-05	0.000394289262216205
4098	chr15	79925848	79935445	10.235520309083	10.5002693697006	9.91101640492709	0.503341604195058	2.63977203067004e-05	0.000399379594294458
11507	chr9	107973611	107988146	10.7446365889593	11.013293946854	10.4142327593772	0.510096800663522	2.6686137339979e-05	0.000403226852697176
11297	chr9	61774514	61785728	11.2058074766552	11.4427461205662	10.9221587706693	0.45355424173841	2.6764859890903e-05	0.000403787591083925
2918	chr13	24372687	24376954	7.83843856734303	8.19243882682857	7.3683102896798	0.642826405572029	2.67915937212083e-05	0.000403787591083925
3004	chr13	41667148	41676842	9.54053787068423	9.26770267505443	9.76989031541228	-0.441118110655858	2.68543180640273e-05	0.000403959635133711
5643	chr18	84871939	84877229	9.18199555686145	9.4557514999402	8.84383426276901	0.51766052178446	2.68713839890908e-05	0.000403959635133711
5023	chr17	35818935	35823212	8.14952571104243	8.46390714347332	7.74697891498865	0.585228088202245	2.70204762566965e-05	0.000405684812514772
364	chr1	95662500	95669324	10.0314550423781	10.2543258672924	9.76775060490705	0.42788644468291	2.71237487962061e-05	0.00040671854793905
3037	chr13	45672059	45699323	11.8006377077471	11.5646080010435	12.0034268143981	-0.389413920410765	2.78362301218389e-05	0.00041668492401524
7500	chr4	40236678	40241203	8.82781271975672	9.12509025357649	8.45294599711682	0.55601988414221	2.78589277227522e-05	0.00041668492401524
4573	chr16	49502839	49505151	7.82928045378308	8.17532247210399	7.37313519255509	0.631074688889857	2.86971272566261e-05	0.000428679210700752
1641	chr11	51879168	51885319	9.2994676945994	9.62322766849548	8.88137188513978	0.598107968528534	2.89409284196721e-05	0.000431775265412683
10053	chr7	81074122	81076514	7.87510582626033	8.21288902108321	7.4332496899037	0.617951780166994	2.90260008468133e-05	0.000432498393450121
4765	chr17	15086732	15090452	8.04748350976081	8.41632699863918	7.55069533998051	0.661401731170412	2.9544688620961e-05	0.000439672595397072
1989	chr11	86965216	86973204	9.76242475861158	10.0499449904274	9.40297062669544	0.539908140338823	3.00941018425531e-05	0.000446755537396942
6160	chr2	29868050	29872294	8.64587838429219	8.91884391407383	8.30892423400901	0.516798024069962	3.00962599668217e-05	0.000446755537396942
9503	chr6	121223517	121230957	9.78655016898258	10.043568775139	9.47359899935174	0.487630553382165	3.05356572201561e-05	0.000452709317080758
8994	chr5	148678199	148681365	8.16652869379494	8.47516546176475	7.77337486153774	0.574808143157762	3.14355340808794e-05	0.000465466504636179
5112	chr17	50048359	50057265	8.19670216915069	7.82137076538173	8.49427124799289	-0.559829328891619	3.20150657597961e-05	0.000473454339196184
11091	chr9	21165755	21169805	8.07094684681732	8.38660808692277	7.66629398847554	0.582767830884208	3.21849136318809e-05	0.00047537117434288
6434	chr2	92181889	92186623	8.70707899402743	8.96296270273654	8.39581092646496	0.487643073825158	3.23004387068108e-05	0.000476481877352905
133	chr1	51933366	51936279	8.45881328602721	8.74132445355426	8.10716797926952	0.529311157745	3.23441202405585e-05	0.000476531327633964
5022	chr17	35810917	35815947	8.16863024355169	8.4615426545669	7.80069190499077	0.546467320322355	3.2614222693182e-05	0.000479912397686971
674	chr1	180175361	180183748	8.3074106514527	7.94776418363039	8.59505369906902	-0.538592066825001	3.31111195386769e-05	0.000486618144861948
1049	chr10	68354449	68358053	8.1982809859118	8.50479661829173	7.80857058031964	0.567540531118521	3.32711120043491e-05	0.000488362061420359
7344	chr3	135717256	135723303	9.73626874933207	10.026383495855	9.37274251993205	0.542684792154591	3.38566040608954e-05	0.000496339495761216
9325	chr6	87118402	87121208	7.75772323702084	8.12728096940089	7.25963270765473	0.659385618394395	3.39120511942062e-05	0.000496536303482949
8378	chr5	64956173	64962928	8.41965596684323	8.74771046943781	7.99434961811864	0.603339883878209	3.41980150929811e-05	0.000500103646458744
10578	chr8	46866512	46876977	10.3708359035804	10.6207693470497	10.0683388516998	0.474832995233028	3.44370931689687e-05	0.000502977370685456
7000	chr3	51658209	51664608	9.70349291157583	9.96566368302846	9.38285929966994	0.495250289333583	3.46114667348139e-05	0.000504900112269829
4859	chr17	26613678	26626755	9.067911682633	8.78047292598461	9.30748644812649	-0.458184968713665	3.51033211576977e-05	0.000511443702588602
623	chr1	170848730	170869230	10.8243951447255	10.5922388074277	11.0243200374049	-0.3835766314835	3.52685781241775e-05	0.0005132186196001
6979	chr3	37385876	37389766	8.6065381899053	8.92296541138063	8.2006224584388	0.582804330133936	3.53142609557187e-05	0.000513251300679917
10958	chr8	122521554	122528735	7.93470721524026	7.55873929148582	8.23267540438535	-0.557226732285952	3.56222435249976e-05	0.000517091436721587
2363	chr12	4132463	4136140	8.03667346301236	8.32187169500013	7.68084781473014	0.535270582653453	3.57187034897223e-05	0.000517556405645905
3318	chr13	107888903	107892978	8.46016834327127	8.7975825644975	8.01894540452913	0.616669616936533	3.57418777087896e-05	0.000517556405645905
7079	chr3	84664289	84670325	9.12541123534032	9.36595147834679	8.83658014311998	0.456518678291056	3.58442650781405e-05	0.000518035546319411
7380	chr3	146000652	146006247	8.23413119354415	8.53764945479905	7.84926413031917	0.561755402885886	3.58626503799322e-05	0.000518035546319411
1500	chr11	19923552	19928137	8.35918999634214	8.68178144406855	7.94304623074684	0.594391116445935	3.60775818423864e-05	0.000520503915811523
2679	chr12	86944950	86951876	10.1603515957041	10.4093331017811	9.85924947662818	0.472872235911475	3.62187813574167e-05	0.000521903805511263
2143	chr11	103682877	103693268	9.33693741275893	9.04040235885806	9.58279137223989	-0.469242191723163	3.65144094317478e-05	0.000525522852430611
3343	chr13	113178590	113185866	9.90841129178655	10.1758254198698	9.57988858230182	0.503927794814054	3.65873003336837e-05	0.000525931314772271
8380	chr5	65209780	65214111	8.34039421655813	8.62375163621379	7.9874345172305	0.529384715411368	3.66852337102081e-05	0.000526698325054458
8658	chr5	115654468	115661888	8.27843315450382	7.95493998743606	8.54250999934746	-0.499932905793962	3.67767568402073e-05	0.000526890680759699
4534	chr16	38130209	38133340	8.57724504879421	8.90432689294094	8.15357684226548	0.598746122226801	3.67878141187163e-05	0.000526890680759699
9341	chr6	88275008	88285307	8.4735083568125	8.13495930857418	8.74751796133785	-0.518265391144125	3.68527478889034e-05	0.000527181681664991
11330	chr9	65193796	65197550	8.92024052353387	9.17092534417661	8.61664082795663	0.47397244407574	3.69405626999237e-05	0.000527798898261547
9936	chr7	58717851	58734096	10.6457086711339	10.8332937183909	10.4300354682907	0.358914496239288	3.71672374840545e-05	0.000530396229603368
943	chr10	42678103	42683583	8.60970045895233	8.8902417353569	8.26110716551352	0.526950602181228	3.7286678413911e-05	0.000531458856620955
3038	chr13	45720582	45730673	8.49527793662581	8.18736694136646	8.74889137250709	-0.480988754256604	3.80474289646298e-05	0.000541648699573573
7580	chr4	55584338	55588127	7.61384849274849	7.17199246239363	7.95163162582402	-0.616266130321305	3.81962958534248e-05	0.000543113636346652
7427	chr4	8773178	8776263	8.34093100091273	8.65988090558019	7.93084353049321	0.588218330774199	3.87088079413583e-05	0.00054973951278256
11469	chr9	103131552	103136742	8.8471234200467	9.18517076568377	8.40481370274001	0.614703709113629	3.92225465465258e-05	0.000556366878743996
7212	chr3	103402906	103407797	9.35642440073036	9.64028284954373	9.00268557805433	0.530201843262399	3.94121485352206e-05	0.000558386027688449
10209	chr7	114289695	114295179	9.94835431963762	10.2212754019812	9.6114680012498	0.512776547193298	3.96599584857406e-05	0.000561224035290433
813	chr10	12865715	12870064	8.79275461837935	9.08882440836069	8.41981027584375	0.553723632324035	4.01072121439798e-05	0.00056687418503979
1384	chr10	128364542	128370338	9.31680599777089	9.58301159480924	8.99010800776766	0.500951412133064	4.01771100654152e-05	0.00056718367088763
4639	chr16	76760950	76766348	9.10103421695917	9.36392322328965	8.77932419385452	0.494066335923771	4.03089868515659e-05	0.000567765857414037
4234	chr15	97457241	97461938	9.63469031113669	9.92492649093699	9.27097303030787	0.540866488809124	4.03144511146223e-05	0.000567765857414037
5447	chr18	36398861	36406665	8.6993624191751	8.36297832768167	8.97195430533696	-0.514759639319456	4.03626079138774e-05	0.000567767351321875
9970	chr7	67418842	67423155	8.45620834825381	8.78619822231886	8.02763362565732	0.601170201066806	4.07272304660503e-05	0.000572215166690667
2358	chr12	3866583	3875221	10.0170962206538	10.2843528519661	9.68881152762651	0.502603285209972	4.09474199489295e-05	0.000574625551207306
7844	chr4	126089074	126092117	8.56003547662177	8.88628523221188	8.13776631612372	0.596488322207724	4.14084821193202e-05	0.000580406435020033
10120	chr7	99959653	99964630	8.51555220639898	8.8460299378582	8.08615174764754	0.600830624834954	4.17553383242835e-05	0.000584574736539968
3899	chr15	38599960	38608130	9.70925661472238	9.97402498291418	9.3847236624613	0.497820180736335	4.22631608887058e-05	0.000590984034391653
10280	chr7	126338604	126342872	9.17723852622781	9.41429036086291	8.89342742820646	0.449956466787659	4.31658593942278e-05	0.000602893374234274
2776	chr12	108160273	108175455	9.67624706398192	9.4010909683436	9.90723590045024	-0.440695101579167	4.3270696209876e-05	0.00060364409258075
3916	chr15	51820974	51826021	8.06866714249742	7.68629422389221	8.37063549645046	-0.562001685747552	4.36347601458906e-05	0.000608005101278117
5382	chr18	12686235	12691851	8.54259998737731	8.16349503862047	8.84253097380144	-0.55923320158687	4.37953233774755e-05	0.000609523605451414
9362	chr6	91478161	91493241	9.72197849226041	9.44065347309569	9.95729510535496	-0.44849518327749	4.4026558223491e-05	0.000612020955257376
7200	chr3	101872792	101888803	10.1911459314583	10.4487628667119	9.87730608893102	0.485243594950501	4.41025490760598e-05	0.000612356897629522
4923	chr17	29530267	29536243	8.738310225458	8.99030003266237	8.43279209323659	0.47460692043498	4.45809610151276e-05	0.000617656968749681
704	chr1	182361548	182365342	8.38605126944968	8.6789238565523	8.01817589083576	0.543021698331191	4.45888113019193e-05	0.000617656968749681
4869	chr17	27054967	27061339	8.49396358954075	8.80287205154502	8.10036773155501	0.569908372244429	4.47753520382632e-05	0.000619514706890068
1511	chr11	20828856	20832360	7.77692637357442	7.30768097353563	8.13042772435169	-0.635725894920851	4.49681650024074e-05	0.000621454780898767
6468	chr2	103649192	103665886	11.1633091349998	10.89429965772	11.389954364284	-0.43177230699593	4.58537921979136e-05	0.000632296216696089
11251	chr9	53770578	53777946	8.80721920622002	8.47452044637099	9.07738964090939	-0.505936383646561	4.58596697451378e-05	0.000632296216696089
844	chr10	18195543	18199708	8.22606534791688	8.49907768899527	7.88903975251042	0.511273153679627	4.65904972673223e-05	0.000641623911084709
9617	chr6	143423800	143426237	7.84544288908983	8.18404304522989	7.40218319420285	0.610794778254441	4.66900642033984e-05	0.0006422465641762
6656	chr2	145194727	145200171	8.80423695383855	9.07683809698187	8.46783874370242	0.508731583099624	4.67554078896679e-05	0.000642397557702693
6406	chr2	84951060	84965980	10.1121703558218	10.3155086106971	9.875395948095	0.386903485302413	4.70786233054028e-05	0.000646087123085527
10469	chr8	13991269	13994513	8.59748391894681	8.87654811021827	8.25117216582734	0.51992214164938	4.73044912453345e-05	0.000648433722221429
9469	chr6	116679186	116684006	8.38664515011519	8.67857737723285	8.02025513920801	0.540408662088059	4.76102726754847e-05	0.000651869040479174
11028	chr8	128480345	128490713	9.29061501097437	8.96895150076648	9.55347300006034	-0.493613041436225	4.81281407652547e-05	0.000657655938542471
3335	chr13	111996231	112004893	9.61359486469198	9.83116887429298	9.35727931312697	0.413886250573714	4.81442439775929e-05	0.000657655938542471
4101	chr15	80023701	80028075	8.45518598502353	8.7228292790366	8.12631683272913	0.499698963086957	4.91872375825314e-05	0.000671005855918743
7886	chr4	129876277	129879056	7.76142238113884	8.09863120914186	7.32055172833741	0.609604435161031	4.92351114659403e-05	0.000671005855918743
7532	chr4	43451952	43459315	9.49440123156269	9.7568190685965	9.17339749608515	0.492235821649488	4.93098801471687e-05	0.000671250626519523
7336	chr3	135510864	135515561	8.46030151441602	8.73754511249559	8.11679373364291	0.516386875594236	4.9494506778564e-05	0.000672988598498863
5982	chr19	53476396	53481159	8.47571155740778	8.74431398362885	8.14539093052689	0.50233728316906	4.98409021531484e-05	0.000676919654990346
9343	chr6	88316228	88323588	8.71299192657594	8.3823412313469	8.98181223793151	-0.506716446650353	5.09999508426417e-05	0.000691866152877904
3552	chr14	54475853	54484054	10.4670668825946	10.6982163919329	10.1916825605495	0.437500744195144	5.17262714122531e-05	0.000700321399390502
3789	chr14	121727559	121734751	9.31688258896306	9.53699594190418	9.05703284243448	0.417784547080413	5.17417553882793e-05	0.000700321399390502
2081	chr11	98443673	98519113	13.6031457842544	13.7926939586693	13.3848722535843	0.36078580950584	5.19848928336186e-05	0.000702807201054962
2192	chr11	107390598	107396889	9.39151055239451	9.64516168741029	9.08354391790331	0.47567918163122	5.29510925081521e-05	0.000715051553230087
8082	chr4	150007030	150011742	8.91803997470129	9.21539071289519	8.54305659764346	0.547986158247019	5.30926600220827e-05	0.000716144829704257
6512	chr2	118488468	118493061	8.56301243684406	8.80364637957061	8.27404609707451	0.456109476100967	5.33900990098519e-05	0.000719335701140719
8248	chr5	32050587	32055986	8.64825468203333	8.35757650151196	8.89007330687841	-0.458389701283676	5.37246111081525e-05	0.000723018228763018
290	chr1	86406180	86408453	7.4895332077836	7.85766621135624	6.99403874082143	0.650217704698675	5.39066065836288e-05	0.000724642165406324
9317	chr6	86641563	86649380	9.66246455833356	9.94421275622221	9.31200260485562	0.523222907407089	5.43707555867439e-05	0.000730050963651097
9625	chr6	145099267	145107909	10.2007674613315	10.4715399443044	9.86715386949265	0.505239724699238	5.48361130360214e-05	0.000735463690844074
7274	chr3	115929525	115936369	8.7036095099308	8.9562808078517	8.39708782502653	0.474976972022257	5.50285308035754e-05	0.000737207619019328
6076	chr2	19385049	19390338	9.55033933421411	9.82551205355924	9.21001010517759	0.512433119841367	5.54374292388973e-05	0.000741844466462979
3089	chr13	52807268	52810334	7.77109284960643	8.13110603182118	7.29025704863934	0.638426138358713	5.65600211699852e-05	0.000756010418715548
11432	chr9	95326367	95331841	9.57122120891615	9.81867564774873	9.27235206487268	0.46496015562177	5.66504527895935e-05	0.0007563635595049
590	chr1	164133785	164139443	8.62472366096189	8.88989057711	8.29959087863633	0.496766563299193	5.6728140790065e-05	0.000756545949859377
6548	chr2	121568536	121572255	7.79278177074004	7.41569975145542	8.09144783019991	-0.5517376240001	5.69409543795971e-05	0.000758527978522344
6183	chr2	30653972	30662414	9.79280284901643	10.0252287012687	9.51560336848043	0.438022685774232	5.70755004221056e-05	0.000759464091202252
7619	chr4	63485148	63488772	7.85657468735272	8.18808997477832	7.42541558225836	0.599352294540137	5.7219120444002e-05	0.000760518703224216
3065	chr13	49239938	49246209	9.09591977191617	8.82577951293264	9.32336645965222	-0.430949367982918	5.72996630040068e-05	0.000760733503432972
2691	chr12	91325318	91330944	8.93566051360946	9.25339014318859	8.52759341860027	0.576992439612301	5.76906743646087e-05	0.000765065104705068
644	chr1	172307728	172315190	9.5878389300274	9.81262099496716	9.32145235948113	0.425471861382317	5.80672083102646e-05	0.000769107078113012
1517	chr11	21219044	21226382	9.33853552953559	9.03845440021481	9.58681930398261	-0.465576522026598	5.81516557392823e-05	0.000769107078113012
8281	chr5	34428842	34441118	9.12664696169193	8.83877931393627	9.36651929833354	-0.453635760858083	5.81907352600738e-05	0.000769107078113012
2355	chr12	3778113	3782757	8.27787783003387	8.58479653006535	7.88751411059177	0.561729687967074	5.82600891052243e-05	0.000769163366332213
2438	chr12	25238309	25243051	8.00245355853102	7.49375677542102	8.3777910296895	-0.655194475796715	5.8632009351646e-05	0.000773209623324832
1857	chr11	75277497	75285419	9.62679013451445	9.86827917768188	9.33658853774294	0.453740185163532	5.90436900103587e-05	0.000777770614450834
877	chr10	24710011	24714423	8.50800602127667	8.76402030979172	8.1965444655106	0.479466425416245	5.96033744958824e-05	0.000784268900939138
2678	chr12	86881193	86897947	11.4092371183137	11.6225550818405	11.1588118201529	0.404094047412509	5.98536221491198e-05	0.000786685649959955
1865	chr11	75529736	75543561	11.2519163172755	11.4708461084147	10.9937156740442	0.414128701249757	6.00852905355054e-05	0.000788853103297258
9573	chr6	134361885	134374721	10.8538236125661	10.6245893235575	11.0515788817056	-0.37535606038016	6.06352853596742e-05	0.00079519037936727
3501	chr14	45045704	45052687	10.081593994739	9.82435300777275	10.2998339696542	-0.414269456541323	6.17030062075446e-05	0.000808295699942735
7229	chr3	104792863	104799030	9.24066373650131	9.47901150038674	8.95499118633143	0.447292042962394	6.28056912763728e-05	0.000821829510655173
10148	chr7	101770976	101789792	9.77292110075534	9.44266004910331	10.0414841912837	-0.502352023637575	6.29910858252002e-05	0.000823343661626732
8169	chr5	20880070	20884946	8.4023074557994	8.6808357135736	8.05682205028566	0.517023151259424	6.35889039888495e-05	0.000830239214952758
651	chr1	173486865	173493023	8.96277259942622	9.22331598910229	8.64457298275046	0.485284495199447	6.40217419765378e-05	0.000834967884320938
7980	chr4	136093489	136096180	7.68421790411917	8.00805321491459	7.26599609804132	0.584999556568659	6.48236706470208e-05	0.000844494478903195
7542	chr4	44034428	44042118	8.58284740201633	8.28556181788633	8.82921647428454	-0.464987269860677	6.55041815412087e-05	0.000852420054064892
665	chr1	177257006	177260088	7.91086800352187	8.24482832403572	7.47555107213861	0.602248591016217	6.56444105890422e-05	0.000852988024946729
7026	chr3	59227166	59231357	8.36444463229683	8.64491309148116	8.01596395342271	0.517635884528631	6.5692205712722e-05	0.000852988024946729
6586	chr2	128292295	128298651	8.94699204348144	9.1869381391057	8.65901805304824	0.452540367863072	6.58804423756947e-05	0.000854493202097924
5537	chr18	62187791	62189879	7.8407283339069	8.1688439636373	7.41531893637453	0.589025587607727	6.63708240781199e-05	0.000859909711959501
2702	chr12	99922296	99933393	9.35610342325069	9.08356958484217	9.58524306120419	-0.432708048882576	6.66127189154737e-05	0.000862098452032023
8559	chr5	107976287	107979532	8.15825192915344	8.49354083377939	7.72066771449175	0.598422520618124	6.6853088572329e-05	0.000864262685525863
11402	chr9	79752241	79761299	9.20535925575912	9.48530345762575	8.85768893348709	0.519555007061847	6.74296991598651e-05	0.00087076428991581
1653	chr11	52577311	52581251	8.69464814307034	8.95382983168984	8.37847990114792	0.483204186793799	6.76464074375181e-05	0.000872609116028072
11070	chr9	15519450	15553990	11.3187952108732	11.1131088044722	11.4987825875433	-0.341429884502535	6.79532976667865e-05	0.000875611957721646
3526	chr14	48234941	48237879	7.66400924925947	7.26925408229027	7.97362965010145	-0.56555542503331	6.82954744622372e-05	0.000879062446890844
10267	chr7	125549867	125586149	12.3015581590789	12.5027297851669	12.0677180466822	0.380825207969873	6.84325011863382e-05	0.000879427595079284
5446	chr18	36284535	36289456	8.95256868850682	9.21664481954074	8.62907659408994	0.49262659508514	6.8472696976383e-05	0.000879427595079284
6830	chr2	167802783	167808609	9.00894697702578	9.25335727391736	8.71451186695698	0.45753972732192	6.87205436056573e-05	0.000881652489950539
6648	chr2	144162192	144171178	9.81631081203209	10.0390437640706	9.55279952813972	0.419008564472999	6.9013422082493e-05	0.000884449669551775
4679	chr16	91469003	91472115	8.08965546840318	8.36156285420865	7.75431473560655	0.504639916250889	6.97388718520265e-05	0.000892679599225626
8744	chr5	122730135	122736944	8.91372956106712	9.2172655892474	8.52883386635584	0.552868169495133	6.98066985176438e-05	0.000892679599225626
4546	chr16	43613114	43631087	10.7726308186909	10.9758756644895	10.5359831303499	0.384038125259598	7.06773261016082e-05	0.000902835984017949
4575	chr16	49789547	49795247	8.83207162919099	8.46956674998176	9.12153675383098	-0.533464967870491	7.13395480090664e-05	0.000910311122327352
2775	chr12	107916217	108007032	14.624483684375	14.8141261913639	14.4060849949343	0.358997431724261	7.26302185218654e-05	0.000925780649465331
9890	chr7	45133199	45138326	8.92664776090116	9.20357574915798	8.58362515105155	0.511596752961376	7.28073266924454e-05	0.000926670716734657
7340	chr3	135599563	135614343	10.8677394600936	11.1288392098336	10.5487084935715	0.486051069014753	7.28568970757022e-05	0.000926670716734657
3497	chr14	40995650	41003832	8.94230217119585	8.64748257235042	9.18697706047232	-0.457188206307678	7.29666134372763e-05	0.000927068284274039
5776	chr19	10805897	10832706	12.460081056385	12.6682051136982	12.2167882162565	0.392821404821303	7.54380868591391e-05	0.000957439779084413
1299	chr10	116926935	116939867	10.3305219267587	10.5292296424572	10.1000061527835	0.375077628156459	7.5555740955373e-05	0.000957904114944944
9329	chr6	87487641	87498480	8.79258759170748	8.51659731024198	9.02416349033031	-0.434795709503574	7.59760811509401e-05	0.00096220083052466
5219	chr17	73131469	73134690	7.9734294027891	7.58526722537335	8.27898866275951	-0.558740576983619	7.67403604252977e-05	0.00097083950619413
1694	chr11	57951138	57955927	9.18747118653619	9.45202632021913	8.86325899005439	0.49091235169015	7.70690452187929e-05	0.00097395490727835
578	chr1	161682566	161688769	8.51057229439492	8.80214632250564	8.14474742881239	0.533840542295736	7.76625041108471e-05	0.000980406141638642
5935	chr19	44278985	44287123	10.5953973014492	10.8370128724638	10.3050127735853	0.45327866752304	7.82703741312396e-05	0.000987025336963422
3722	chr14	78683617	78688645	8.12213293302391	8.44554916163002	7.70461179467081	0.578465336038186	7.85583921449312e-05	0.000988791385111948
4936	chr17	30334627	30338596	8.29099551246117	8.59476078221338	7.90573031123823	0.550043693687036	7.86142068446044e-05	0.000988791385111948
11550	chr9	110871290	110900610	11.3101193806593	11.5545366295119	11.0156741706569	0.456974039131285	7.86614676713974e-05	0.000988791385111948
5639	chr18	84084203	84093043	10.2643694001154	10.4781119078016	10.0133584015041	0.40375565087844	7.87746037203656e-05	0.000989161230137981
11445	chr9	96703097	96707923	8.74476975473404	9.02018920300878	8.4040624326706	0.506329933128963	8.1754474267178e-05	0.0010254892440987
6032	chr2	6475223	6488239	9.77848367765647	10.0066731907741	9.50729400894781	0.429391870081784	8.19814473758192e-05	0.00102724579235703
2180	chr11	106653661	106685062	12.9107307546894	13.0741729019362	12.7263781976609	0.308734506683125	8.22859382841318e-05	0.00102932535680843
5293	chr17	84248212	84255308	8.37878819572391	8.0448932771168	8.6497456918176	-0.50010910927857	8.23840932463247e-05	0.00102932535680843
6409	chr2	85043301	85050250	9.2421250317476	9.47409431865372	8.96557530517477	0.433345085701571	8.24087497918734e-05	0.00102932535680843
9011	chr5	151249801	151254642	8.21820068536121	8.47408259151746	7.90693528844909	0.475437254667784	8.26767618841642e-05	0.00103158249041529
2479	chr12	36313452	36318618	8.29043280705283	8.5844653785672	7.92072170187614	0.535519506538446	8.42337727573075e-05	0.00104891738961961
210	chr1	64525785	64539962	10.9869146058762	11.1722748217401	10.7741784639823	0.349786827502434	8.42503325540358e-05	0.00104891738961961
8887	chr5	139278782	139328144	13.0241190265852	13.2011288578548	12.8223134573978	0.334267885715439	8.43323899914212e-05	0.00104891738961961
10677	chr8	71777579	71782611	8.68262497243802	8.98705307441925	8.2962905116193	0.549998814778738	8.61946678802677e-05	0.00107064911673405
8087	chr4	151859515	151864079	8.29420283791755	8.58163960013675	7.93487939973652	0.525205462896016	8.62608293103262e-05	0.00107064911673405
418	chr1	127204313	127208044	8.48098844850516	8.77407194668561	8.11277957722438	0.534795510584171	8.63726570561947e-05	0.00107091218864218
5997	chr19	57126526	57136870	10.7524667223941	10.9737828312329	10.4909378063317	0.415135423620544	8.73576267113508e-05	0.00107901327261394
8427	chr5	73220905	73249132	11.4597859127088	11.6953312536776	11.1781336075578	0.440526684117596	8.74121110034808e-05	0.00107901327261394
7680	chr4	101153367	101204863	12.6425129132276	12.8467671104808	12.4044949066756	0.384582396989242	8.75150566642507e-05	0.00107901327261394
4750	chr17	12117191	12122254	9.36259708954827	9.60399044162339	9.07253381473241	0.449399001697338	8.75228695173746e-05	0.00107901327261394
7556	chr4	45400874	45406374	8.57207994893661	8.27014842944605	8.82162764544139	-0.464138203023031	8.76456327952004e-05	0.00107901327261394
8048	chr4	145282700	145287717	8.81930667026769	8.39738177393732	9.14535147589605	-0.581620027250109	8.76566459239609e-05	0.00107901327261394
106	chr1	40379617	40387067	9.6076735177177	9.32191630909962	9.84608015280029	-0.444657347257581	8.76652625007937e-05	0.00107901327261394
5686	chr19	5382858	5392947	10.3737316706612	10.5937313780666	10.1140404115212	0.412471773528993	8.8504677490421e-05	0.00108821151844622
2141	chr11	103379233	103385649	8.81413964432825	8.51418195528571	9.06233900488944	-0.462917267586203	8.91978555634899e-05	0.00109559445045551
7359	chr3	138862636	138870851	9.34010829457668	9.62959709115402	8.97756621857495	0.527773491885637	8.97275732300635e-05	0.00110095639178238
10575	chr8	46826132	46838576	9.75086878859919	9.96266265600773	9.50254275705972	0.398213465254325	9.00157697231597e-05	0.0011033468205901
11096	chr9	21308321	21312156	8.64415603393373	8.9353828278832	8.27887866889958	0.529580789224217	9.04725166542413e-05	0.0011077961210223
10236	chr7	120850342	120853241	7.63688546466908	8.02122082314813	7.11143401509051	0.65298104791521	9.1398321402934e-05	0.00111797367049386
11152	chr9	32669901	32673847	8.35924352189989	8.6252337531	8.03287030292526	0.492675356147181	9.17369230194524e-05	0.00112095499730905
5965	chr19	47506480	47517952	11.177652955681	11.3874626818458	10.9320519689162	0.39416404715573	9.20261208289376e-05	0.00112332711127554
7078	chr3	84656818	84663329	8.75460458473239	9.05585740940746	8.37338075600498	0.544261544232798	9.24313762649185e-05	0.00112710953761226
5979	chr19	53403247	53416449	11.046828971598	11.2496428609977	10.8107656713456	0.381532999070633	9.43383446711552e-05	0.00114917719653028
7499	chr4	40141331	40145895	8.27023943040552	8.55280449917239	7.91851046331646	0.519173809492243	9.5569838652159e-05	0.00116297962256839
9351	chr6	88956116	88960901	8.75702706043862	9.01199504670453	8.44711465564455	0.47174299835386	9.61425870272279e-05	0.00116874568756556
4931	chr17	29709194	29713650	7.77304471703908	8.13095197225882	7.29597318324631	0.619456110763144	9.77485659110644e-05	0.00118704733279048
5476	chr18	41946082	41952843	9.51014550690727	9.72221495392877	9.26144028654364	0.397035983108311	9.81714135299388e-05	0.00119095833908599
10032	chr7	80365798	80373167	9.22418001273748	9.43975982942862	8.97062952886819	0.403573124067533	9.95948209133323e-05	0.00120698708093532
8163	chr5	8994766	8998293	8.70554464707555	9.01882129296284	8.30481192889644	0.561300489654041	0.000100253143467526	0.00121251344749907
7321	chr3	131149122	131175318	11.7477968119671	11.9315397484627	11.5371891040763	0.34567084316063	0.000100256062813692	0.00121251344749907
5048	chr17	44554779	44559942	8.54863159917358	8.11657791772524	8.88067389262433	-0.586343249593869	0.000101651784605625	0.00122813648967287
8626	chr5	114244877	114249489	8.59720299263817	8.86982061804437	8.26077964337608	0.498617293953121	0.000101933965189431	0.00123028777597377
6250	chr2	35493881	35499765	9.70916026618459	9.99502334099975	9.35229722658227	0.520418924346049	0.00010239295962174	0.00123456654172498
6620	chr2	131989984	131998432	9.84183947460604	10.0888643184735	9.54359746393675	0.457337289038491	0.000103518016948632	0.00124685921331808
5246	chr17	78244361	78247873	8.8453520870874	9.11358965477258	8.5155838940127	0.491104760636467	0.000103755583267553	0.00124844803654725
1943	chr11	83038617	83049583	10.0144815717564	9.7912814518401	10.2077321270202	-0.363706647996737	0.000104599521119058	0.00125732242272919
1995	chr11	87466474	87473957	9.97619964262455	10.208450934709	9.69924864354739	0.43236760154249	0.000104752266757004	0.00125787884552922
10606	chr8	61435279	61439031	7.8063200491557	7.41117930498231	8.11617703081756	-0.557414014942219	0.000105076329486675	0.00125887166554059
5951	chr19	46498090	46525921	12.4064661688612	12.5920065129149	12.1934926254592	0.348637627858697	0.000105083602850853	0.00125887166554059
4118	chr15	81040913	81049044	10.6077694963327	10.8549293325113	10.3093304700326	0.458044607722902	0.000105154564479398	0.00125887166554059
6342	chr2	68976249	68979834	8.51782123804256	8.8006519129293	8.16567990609082	0.514185981775016	0.000105991167977091	0.00126760287532116
7368	chr3	142880174	142884001	8.62573881439722	8.85760890982572	8.34933018478842	0.4327448706161	0.00010628151167421	0.00126979003229774
1009	chr10	61324982	61332338	9.81796574666497	10.2678197707545	9.16074337817703	0.712598377157958	0.000106498746939181	0.00127110019579127
11633	chr9	121924343	121929029	8.15903142158688	8.46187290510677	7.77525430382802	0.547018908695568	0.00010695917076454	0.00127452498402659
9465	chr6	115954483	115959111	7.97206871634346	8.27251667799296	7.59213566838474	0.541838558998496	0.000107001420459917	0.00127452498402659
1138	chr10	80654904	80660572	9.66580903742945	9.89406358982701	9.39452742385863	0.42633877554512	0.000107306244367274	0.00127686866409235
9444	chr6	114702798	114723581	9.68354395502775	9.4297012414379	9.89933484163458	-0.404053516948125	0.000107936958730617	0.00128308159392452
9068	chr6	29208943	29217803	9.57707135269375	9.81205662628723	9.29622022254474	0.436476536224233	0.00010853282705855	0.00128886822565208
2034	chr11	94988230	95002592	10.0868482566521	10.2882141154839	9.8527455151883	0.377862823093898	0.000108918208993673	0.00129214614203739
5724	chr19	6396204	6403352	9.19975254988624	9.46097771036455	8.88053407589567	0.481413282803512	0.000109073323239992	0.00129268845276203
8246	chr5	31712307	31714701	7.87647096626385	7.43640284917098	8.21321159538643	-0.594617622418365	0.00010945635548346	0.00129592815269796
10671	chr8	71589998	71594455	8.69819202887611	8.97285691412549	8.3586405012907	0.50224424521829	0.000110430770867849	0.00130522777611651
10118	chr7	99831612	99839126	9.11772061623649	8.82380401520793	9.36177390386706	-0.452950352911894	0.000110462743408641	0.00130522777611651
7202	chr3	102695763	102702591	9.08421723379142	8.80911042303426	9.31517136769697	-0.431001926684572	0.000110617496220052	0.00130575058475138
10865	chr8	107434928	107438539	8.66681472481114	8.93773111562968	8.33298231781388	0.497805455972648	0.000111769246474719	0.00131777076250701
8540	chr5	105513745	105522665	10.0447095493832	10.2766824613214	9.76815466586359	0.431209230042341	0.000111858841807255	0.00131777076250701
8388	chr5	65490616	65495031	9.40235774601191	9.66643191401585	9.07886860145808	0.484988350056191	0.000112057960375664	0.0013188016531861
7961	chr4	135066488	135087246	11.714857808362	11.9070177350097	11.493112001738	0.360445411084547	0.000112308638796004	0.00132002284485439
11506	chr9	107887098	107890369	7.86983392698769	8.17299578595629	7.48554101333922	0.544302359995519	0.000112385154191225	0.00132002284485439
2669	chr12	85595602	85713317	14.238496857931	14.4231293058909	14.0267191849601	0.346716155113425	0.000113228178118868	0.00132860392517631
4700	chr16	94368566	94375175	8.36138860034819	8.63941203974145	8.01668085339103	0.506776973528498	0.000113379884500063	0.00132906420163963
1257	chr10	96367012	96377335	11.6914909151859	11.9424641362845	11.38746761627	0.464249461728592	0.000114463112828745	0.00134015894764324
2848	chr13	3522571	3532647	10.3919423421134	10.602496543508	10.1453199260094	0.394014656071291	0.000114553193730507	0.00134015894764324
8130	chr4	155839446	155842275	7.74488966365855	8.13777022857171	7.20324558198237	0.657460016715218	0.00011483245182382	0.001342097181751
7038	chr3	65792418	65795592	7.69553294824724	7.2358729376999	8.04358674509872	-0.608881551576629	0.000115386928832599	0.00134724501095454
6145	chr2	28679942	28690451	8.67581712631039	8.4032658396523	8.90496908760923	-0.42710806822767	0.000115962783130443	0.00135263202909113
4122	chr15	81323690	81349608	10.3579924639348	10.1175102690584	10.5640575561314	-0.3867317590924	0.000116439924607065	0.00135685813526339
568	chr1	160754202	160768486	9.61188995843881	9.35114812409028	9.83264259537103	-0.413267995527483	0.00011793607191608	0.00137293854754719
2922	chr13	24500709	24503593	8.50653257249555	8.75069893188915	8.21245178363487	0.451104180909138	0.000118250223091001	0.00137524078350715
3345	chr13	113238675	113246287	9.41552214717655	9.8865606696226	8.71158151468791	0.722386965901452	0.000118717988627816	0.00137932325823625
10102	chr7	97747837	97750724	8.70241283867271	8.9328423257937	8.42805078642236	0.428373438339761	0.000118860748998816	0.00137962535380159
3262	chr13	94326902	94329538	7.85881821963706	8.16467324410656	7.47017752943792	0.547052725755869	0.000119004883147256	0.00137994278632775
11202	chr9	44505076	44520219	11.0301414003512	11.2571420311125	10.7606306722464	0.422056441633214	0.000121032297704506	0.00140207610752593
1796	chr11	70187336	70194821	9.32641281067323	9.56964674343838	9.03368502619845	0.45035318420752	0.000121298142501222	0.00140377948265861
6158	chr2	29767409	29772203	8.727058729558	8.99469214055872	8.39820452081221	0.48823663737558	0.00012202617398125	0.00141082316219418
11361	chr9	70093150	70097187	8.26666771437632	8.59421985379503	7.84220781113359	0.575376526202236	0.000122590165451221	0.00141595835285594
3799	chr14	122891129	122896344	7.64801300386492	7.19737213069554	7.99088886965485	-0.599289165195625	0.000122742659876554	0.00141625956889423
6062	chr2	18055064	18059549	9.10472112387408	9.33565366328152	8.82964498036261	0.427385176404588	0.000122855962941485	0.00141625956889423
3285	chr13	98689629	98696115	9.69819053055545	9.96017291631962	9.37783902878573	0.479565175312835	0.000124151680513449	0.00142980142002623
345	chr1	92931760	92936325	8.76036347148998	9.00476458459383	8.46594170360984	0.451326483008387	0.000125393909413599	0.00144270149331167
6633	chr2	132723288	132726874	8.2026731536161	8.47129982505239	7.87231580450707	0.489133194494512	0.000125774482532777	0.00144567245681643
1502	chr11	19976380	19980864	8.57098593281571	8.87167798151903	8.19066163385312	0.538358825620759	0.000127506594284237	0.0014641573547741
4678	chr16	91454983	91467628	11.078197430377	11.2706525688778	10.8560582227363	0.360000355371645	0.000128223173072145	0.00147019392479735
10147	chr7	101762791	101768404	7.81065716218695	7.40019467726809	8.12983326833865	-0.568476412416436	0.000128301817275385	0.00147019392479735
334	chr1	91932980	91997314	12.2211574326719	11.9754450617954	12.4310483861278	-0.39232559921583	0.000128405562829288	0.00147019392479735
3586	chr14	57727830	57733080	9.06435715075594	9.35208821752589	8.7045728145298	0.518290782027315	0.0001305924089892	0.00149378499962864
1999	chr11	87964433	87968444	8.20157775261979	8.47187022416859	7.86869363149853	0.491601316448074	0.000131197022774178	0.0014992495368469
7425	chr4	8717735	8725426	9.09523654936602	9.39934259477428	8.70942178017621	0.542242799253194	0.000132191402694599	0.00150915325047284
7922	chr4	133047556	133052998	8.36788273669525	8.68037999031634	7.96842758854588	0.555434659741926	0.000132656343956272	0.00151299938242019
7016	chr3	55437336	55440992	8.23198153424763	7.8552016325719	8.5304584336041	-0.538267554615568	0.000133131890400162	0.00151695893632431
11406	chr9	80076378	80086408	9.47022568154738	9.17913581031898	9.71232886305464	-0.448584359712123	0.000133449892145508	0.00151911746203403
495	chr1	136670210	136675374	8.65724779467096	8.92783208282347	8.32392027434912	0.490968759191243	0.000133940403456458	0.00152323369320645
11635	chr9	122184477	122196517	9.87964697507905	10.0936656452333	9.62825476290308	0.397728305849186	0.000134822844174021	0.00153179492957714
6025	chr2	5711555	5715865	8.40726133079992	8.66970547676601	8.08621817315386	0.480163587228883	0.000135136679394291	0.00153313205896296
10870	chr8	108884482	108888923	8.96852945287005	9.24835838012672	8.6210372127127	0.506239150159766	0.000135200034312746	0.00153313205896296
5593	chr18	74777702	74781078	8.87664171027838	9.09836103589187	8.61454911118821	0.411629723030296	0.000135508131385337	0.00153515252200301
5779	chr19	10941635	10949330	9.26431264537401	8.98769675954073	9.49632843669753	-0.432328123238063	0.000136732243690277	0.00154753658184321
2819	chr12	112597398	112604189	8.08492934458914	7.69521073416753	8.39145004084014	-0.547013654865115	0.000137638421088724	0.00155518656023013
8661	chr5	115725871	115732502	8.87293125938905	8.54621697521711	9.13914765947691	-0.486471367604663	0.000137694753269138	0.00155518656023013
5818	chr19	21628915	21632687	8.71215898312713	8.98580049619457	8.37417255361135	0.495781331409875	0.000137860054736937	0.00155518656023013
5655	chr19	3439748	3442584	7.81071731939252	8.17605356632256	7.32029798578767	0.619468158663085	0.000137934623825421	0.00155518656023013
3766	chr14	118849799	118855863	9.46227876695053	10.0440651064566	8.47176551007299	0.742694602157753	0.000138662299583807	0.00156123744420274
1261	chr10	96568818	96572803	9.46698507035091	9.75646312228	9.10445987809848	0.520515405447159	0.000138735554875836	0.00156123744420274
8046	chr4	145210243	145252961	12.9656811576334	12.7502591110594	13.1530762643865	-0.350302756806363	0.000138914557070502	0.00156176442088016
423	chr1	127342086	127349925	9.60239835728807	9.83884685785079	9.31945249047163	0.436655117215557	0.000139228838708229	0.00156380984617531
9761	chr7	27471706	27476570	9.05607731328212	9.3024398039627	8.75880132281806	0.452869778541245	0.000140281490741076	0.00157391838656496
1183	chr10	84714305	84729624	10.0897155120592	9.84956220588442	10.2955392190431	-0.384848591626075	0.000140395225071045	0.00157391838656496
8425	chr5	73188519	73199300	10.1962634736654	10.4556354416103	9.87981166159411	0.474433882953099	0.000141013357272803	0.00157934960145539
11552	chr9	111000851	111004617	8.05554958224634	8.3528534358898	7.6806409195672	0.534422641932829	0.000141746413362757	0.00158605645861206
5980	chr19	53417063	53448552	12.2181532524157	12.4001182843618	12.009879007808	0.340550249484259	0.000143272215881362	0.00160038547236741
5872	chr19	34116986	34122143	8.45629516770373	8.75219142000668	8.0836267046871	0.528512322895227	0.000143297886743799	0.00160038547236741
1503	chr11	19984067	19995131	10.1747091159815	10.4489677448352	9.83577923427442	0.497281146055801	0.000144901272238549	0.00161676433689395
1244	chr10	95561352	95566227	8.51773801110589	8.77372945026439	8.20631031578704	0.46809873180752	0.000145474657149604	0.0016216307064903
8176	chr5	21470984	21482081	9.24179844240385	8.96577828769333	9.47339535373815	-0.430741275571901	0.000145795096417811	0.00162226272701533
8142	chr5	3414719	3423340	8.93555651992758	8.62153630712949	9.193294820307	-0.473990255982141	0.000145805942458555	0.00162226272701533
3476	chr14	31553642	31561785	9.63658592453133	9.87612595827894	9.34919721288746	0.441445468142203	0.000147814497625589	0.00164306312694634
10261	chr7	123366993	123372381	8.48102687041688	8.7347823269705	8.17290625155086	0.46416424286893	0.000149935783916705	0.00166507633718025
368	chr1	105518870	105529366	9.14176329539971	8.83216213372838	9.39652083970263	-0.468899124432336	0.00015072630911404	0.00167072951542783
8226	chr5	30230393	30241651	9.78896873777063	9.99807149238698	9.54433656853048	0.38809825664253	0.000150727628930777	0.00167072951542783
11217	chr9	45273223	45288282	10.7821764851002	11.2390408338113	10.1097365442202	0.701696594837766	0.000150985178855964	0.00167201581383512
3294	chr13	100490452	100494795	8.49960981315149	8.74518336665843	8.2034830400589	0.451422971826871	0.000151138838681106	0.00167215029761793
11409	chr9	85093191	85097926	8.33758273355509	8.59110395973038	8.02980781318012	0.465405934006692	0.000151820449355913	0.00167723065771457
9238	chr6	70769559	70776110	8.4104067877706	8.10354079820791	8.66331171216352	-0.466006244177375	0.000151881923134274	0.00167723065771457
10040	chr7	80640707	80643912	7.64568819296464	7.99058731687333	7.19153368235365	0.593009151776614	0.000153312282710317	0.00169144531513082
1307	chr10	117762530	117770601	8.81349804135408	9.04208103917175	8.54175195750866	0.421159827854823	0.000154213100483502	0.00169975413071191
11692	chrX	42422257	42429413	9.07215111159698	9.3476960286374	8.73125145551816	0.497283870050047	0.00015435309599305	0.00169975413071191
8698	chr5	119342356	119351787	10.1233931384012	10.3724018400088	9.82225119950523	0.455964399805137	0.000154900930138085	0.0017041986876272
6206	chr2	31805214	31812549	9.66164027982294	9.90956183414531	9.3620887074046	0.453451803995415	0.000156627662944233	0.00172121913411828
6500	chr2	114195470	114202028	8.71847410468707	8.43249676252055	8.95703379248	-0.441478029288165	0.00015673931857746	0.00172121913411828
9904	chr7	46388230	46396962	10.3430598410361	10.6104536281999	10.0145678753662	0.485739185193578	0.000158094046327699	0.00173448398459433
3765	chr14	118826831	118841358	10.9106462007549	11.452255478636	10.033397681627	0.73201572439231	0.000159090554324892	0.00174294098039544
2974	chr13	36301797	36318858	10.7305979635187	10.9231229943457	10.5083655894657	0.358693714909037	0.000159159894875312	0.00174294098039544
7318	chr3	131018610	131021428	8.33728510873486	8.60019452890397	8.01554447204449	0.479122997546838	0.000159934269829028	0.00174979938175907
10866	chr8	107446824	107451867	8.85096672381652	9.12408380847626	8.51378124368783	0.492359863567602	0.000160760306206677	0.00175685956024629
6248	chr2	35459391	35467533	10.4856604077038	10.7380684293981	10.1795265582497	0.461338113996159	0.000160876950252749	0.00175685956024629
8283	chr5	34463681	34467978	8.27940863165683	7.93384884531892	8.55798515036212	-0.506405702020638	0.000161432537189924	0.00176129903918388
3614	chr14	61815424	61820494	8.72704226402748	8.38156656034405	9.00556422660575	-0.501641679650356	0.000162107045134021	0.00176702661005866
1640	chr11	51870461	51877463	9.69520775263171	9.91214224066642	9.43977992982602	0.40093125039101	0.000162476194674932	0.00176941817168571
1934	chr11	80495291	80516707	10.8972236512882	10.6918302182285	11.0769867396771	-0.335123770797504	0.000162714441550999	0.00177038106939834
4555	chr16	44328994	44334917	9.31423170291761	9.56556895390271	9.00967341733983	0.458114796701296	0.000164381242013528	0.00178604773930581
727	chr1	187344408	187350435	8.77243222138141	9.0181056577554	8.47616003772209	0.449153975749382	0.0001644566638765	0.00178604773930581
10907	chr8	117253448	117308632	12.932357266188	13.1151875152011	12.7229482725362	0.340692346568619	0.000165099940121738	0.00179138741274422
11057	chr9	14364277	14370270	8.84343120517412	8.58922346354232	9.05948563862431	-0.401267724879495	0.000166108462815297	0.00180067669415188
5298	chr17	84361388	84371118	8.87938859854408	8.61296519973883	9.1041968643235	-0.414868028289793	0.000166619257404083	0.00180455833683469
8402	chr5	66006711	66010707	8.53137919400777	8.78624058154607	8.22162446252396	0.464703741231547	0.000167063288941443	0.00180771045982792
10930	chr8	120484429	120492158	9.87871480126709	10.0979550566483	9.6200818891752	0.405650451927388	0.000167267763352237	0.0018082670555993
3092	chr13	52846915	52851615	8.55343697876508	9.10592498061468	7.64669218135263	0.729136651046625	0.000167662079885317	0.00181087306757304
11691	chrX	42400009	42410514	9.78405397167399	9.99298739520267	9.53965368288227	0.386309977494875	0.000168018900301881	0.00181306970407948
7443	chr4	11490938	11495033	8.26975387768683	8.58920356018012	7.85883762764307	0.557546616761801	0.000168218529367497	0.00181356764872841
2477	chr12	36153110	36159645	9.67118277042532	9.87396425864209	9.43516339040008	0.376533888983675	0.000168761426607773	0.00181776209370779
2953	chr13	30812428	30822712	9.88640614662037	9.64945794487318	10.0898724876774	-0.37845063249751	0.000169617937980171	0.00182532382074107
4282	chr15	100760558	100763180	7.79217962530401	8.1018498225846	7.39734331438084	0.546195172904701	0.000170419196694878	0.00183227773261754
4016	chr15	73134151	73187800	13.4171078117164	13.5892696374439	13.2215817114555	0.321011421821794	0.000170704196104473	0.00183367343742768
1322	chr10	118549280	118551934	7.8601870966479	8.1957412020234	7.42214962878938	0.577831464271886	0.000170944071553013	0.00183458233376058
7255	chr3	108255485	108262541	8.74101161972478	8.46520954850512	8.97245511502788	-0.428608190609039	0.000172205760293118	0.00184644579276178
5159	chr17	56817974	56821482	8.5439158912048	8.82219771361884	8.19881019881536	0.499054032039627	0.000172671322301464	0.00184975915169002
4944	chr17	31318883	31328596	10.0166012708966	10.2526022546804	9.73429661179057	0.433052169180634	0.000173622092592894	0.00185825964318627
10935	chr8	120713597	120721419	9.44046676467881	9.70566084411809	9.11529308543826	0.480052406446923	0.000175386520334151	0.0018754453613288
11296	chr9	61741049	61767772	12.1969470133574	12.3982216532242	11.9629676226892	0.373334655541826	0.000175600287963095	0.00187603345621331
4878	chr17	27552574	27567115	10.7698720540917	10.9761821428709	10.5290559170237	0.382584132774371	0.000175898843662106	0.00187752550741774
6652	chr2	144439711	144442633	7.98887570317032	8.27580740135994	7.63034266269337	0.511031386341625	0.000178238642749834	0.00190078321546212
3980	chr15	62818273	62826463	8.94107715002862	8.68367806028618	9.15943082601431	-0.403632510039328	0.000178721016896772	0.00190420877876669
631	chr1	171501664	171505198	8.81808460013844	9.03289822628902	8.56559406342152	0.397672896092602	0.000180145874935186	0.0019176609533641
8912	chr5	140634067	140641550	9.16917369912579	9.40427505279821	8.88815657880255	0.429845750568869	0.000180435281106781	0.001918367218595
2215	chr11	109383435	109398202	9.67050662781451	9.45246273938122	9.85988168279501	-0.351826839781119	0.000180536928493368	0.001918367218595
3580	chr14	56954407	56960095	8.496097332496	8.19954948160001	8.74196007874968	-0.451233513522566	0.000181057512267645	0.00192217031891689
3288	chr13	98895781	98898252	7.93908763900227	8.27733293588977	7.49643786595541	0.580584168385335	0.000181304715219403	0.00192306688961622
10818	chr8	104627410	104636323	8.86044257695646	9.07547685497965	8.60764692821571	0.398003120989515	0.000181895105956116	0.0019275987192623
4462	chr16	24390053	24395809	8.70950459112094	8.98266916054025	8.37224661872547	0.49172465765765	0.000182747924211028	0.00193484272902324
9895	chr7	45566659	45572354	8.01406153985696	8.29436307649147	7.66583895836182	0.501692195587903	0.000182906171997204	0.00193484272902324
10626	chr8	69819388	69833858	10.2540646972665	10.4880847458804	9.97459254701988	0.429071208662678	0.000184445264481512	0.00194937857344682
1373	chr10	127755941	127761592	8.25639120182619	7.91267555695767	8.53376996453705	-0.498807459210554	0.00018464064358032	0.0019496995929804
7181	chr3	98069192	98089530	9.8563226223272	9.57370085808107	10.0925449648591	-0.434706360254709	0.000184943893203735	0.0019511580732994
11598	chr9	118359243	118369501	9.90739820548449	10.3410815434181	9.28440511873074	0.67529460252087	0.000187620805429633	0.00197599679449264
2847	chr12	118370834	118379198	9.85879901502146	9.60036070862163	10.077899520438	-0.403401854084361	0.000187632735563705	0.00197599679449264
8284	chr5	34499330	34503907	8.43369742928134	8.07083964890989	8.72338709905502	-0.517926760106434	0.000187812838234143	0.00197613223203441
4998	chr17	34625574	34633090	9.78024973595605	10.0367117068833	9.46812449128158	0.467021959190193	0.000188707025651506	0.00198377421272082
497	chr1	136694352	136697482	8.07909127453189	8.3420738327461	7.75724094758039	0.47513443302024	0.000191214385147528	0.00200750891566458
4232	chr15	97355103	97367467	10.6214806044845	10.8186040581954	10.393095308272	0.364699468336632	0.000191304590304529	0.00200750891566458
5917	chr19	42127037	42132173	9.06254589799286	9.2741077610023	8.81453896377689	0.391706698194019	0.000192671905584949	0.0020200632088658
1262	chr10	96584179	96591480	9.57360610805929	9.7903183781606	9.31848652915009	0.398093802474422	0.000194183008424879	0.00203347732033266
7679	chr4	101146037	101152197	8.31092550512423	8.54567263857471	8.03041480492168	0.430936649229758	0.000194423536927163	0.00203347732033266
3362	chr14	7931212	7946546	9.99537565356825	9.76462426267873	10.1942583279579	-0.367948424870176	0.000194561496876298	0.00203347732033266
4484	chr16	32050108	32072719	10.368360662523	10.1396670451988	10.5657136419825	-0.366502941767017	0.00019463971304132	0.00203347732033266
4746	chr17	8280829	8285647	9.02632399945091	9.27963955250327	8.71885251562457	0.461365153821091	0.000195651120807394	0.00204154408233258
1174	chr10	82981672	82995586	10.2197608332123	10.4539428419265	9.94005745318233	0.429116780158744	0.0001957574005825	0.00204154408233258
7896	chr4	130769203	130780200	10.1061123086077	10.3444831762606	9.82040653557021	0.435099355450749	0.000196628505778022	0.00204882047995865
8544	chr5	105634552	105656296	11.8595108012612	12.0601978404114	11.6263255538634	0.371211814540936	0.000197536111728931	0.00205646404950577
8137	chr4	156197649	156206043	9.29667572939469	9.5298080960597	9.01846980081605	0.426028802030503	0.000200631693617304	0.00208595857562452
6977	chr3	37296761	37303131	8.66681830095896	8.32557006184929	8.94259054512047	-0.494699597208711	0.000200722317238074	0.00208595857562452
297	chr1	87041887	87052486	8.50642192805871	8.21063953225438	8.75175886022834	-0.447032436825308	0.000201599082370638	0.00209322913645998
3905	chr15	41913431	41918700	7.86775964835732	7.49561272888257	8.16332768413626	-0.523419088907787	0.000202804037515612	0.00210389157794949
1436	chr11	4500359	4510734	9.73934138736042	9.43205726673703	9.99252990701794	-0.460655526596903	0.000206228595730272	0.00213754130451657
4279	chr15	100682966	100689936	9.76058842814938	9.9856068272685	9.4938696048351	0.412769760091265	0.000206646522166922	0.00213999588599855
10728	chr8	81546834	81571229	11.9080350655202	11.7099206253123	12.0821997263895	-0.32332271878712	0.000207019726378913	0.00214198343861054
8299	chr5	35837437	35841169	7.55606565414237	7.88508751392197	7.12912714693469	0.569252083402358	0.000209369904644417	0.00216440489350694
9111	chr6	34936632	34939987	8.01501027852229	8.29206338723231	7.67179535958289	0.494116947206758	0.000210108769952519	0.00216502233770182
7325	chr3	132869529	132874475	8.25033494332083	7.87789664347398	8.54608637372484	-0.521786535935445	0.000210141524317278	0.00216502233770182
10986	chr8	124041898	124048364	8.21843474258495	7.89433727517595	8.4829135866204	-0.47958296264561	0.000210251089453973	0.00216502233770182
4587	chr16	52030249	52167936	14.3525592115825	14.5071704069712	14.179367438334	0.287780678137193	0.000210289893416597	0.00216502233770182
3331	chr13	111768858	111782892	10.1214523986751	10.3583434959757	9.83787189742737	0.432171417273625	0.000210383598096656	0.00216502233770182
1551	chr11	30984320	30989262	8.63689565407941	8.86219821128378	8.36977717084632	0.413018381515472	0.000210529000170903	0.00216502233770182
8771	chr5	124073152	124086482	11.6631354888844	11.8609099861318	11.4338753487179	0.365987891227252	0.000210821896776408	0.00216614915853047
3280	chr13	97247139	97250598	7.98422281862064	8.28372673828382	7.60580137030033	0.526288993863348	0.000211912945877732	0.00217423407437998
8558	chr5	107964430	107968389	7.9739663242992	7.63630309983571	8.24739627409457	-0.492006402611884	0.000211976781794663	0.00217423407437998
8280	chr5	34405313	34411903	8.41811883989902	8.07789670549562	8.69322165399309	-0.494234517532944	0.000212588247443021	0.00217861468498416
9241	chr6	71311626	71347689	13.0646324981288	13.219054656348	12.8916779504909	0.287290607094638	0.000214217552224495	0.00219340952953608
8997	chr5	148886564	148891017	8.47754825083993	8.79511914160767	8.06974364192933	0.550154536480466	0.000216826202127312	0.00221819775267213
4799	chr17	23618496	23622613	7.92822105509565	8.24061268021704	7.52893891176551	0.547059839749076	0.000217284196397271	0.0022209602635209
8439	chr5	74474503	74479114	7.56092644881439	7.13792515913309	7.88761180184084	-0.566372254323202	0.000218018342934876	0.00222653823692178
9096	chr6	31190712	31195938	9.17731052430369	9.43232346354712	8.86733161958084	0.459713790535941	0.00021862434538382	0.00222917893628706
6262	chr2	38597467	38618937	10.5338503666813	10.2994262928986	10.7354537898118	-0.373121267364367	0.000218654230463499	0.00222917893628706
8516	chr5	100633246	100639182	9.7467206676526	9.97880821450815	9.47000268905876	0.422977621402936	0.00021914184662448	0.00223222418940936
4108	chr15	80695116	80700794	9.377951826645	9.60641545217557	9.10637458235337	0.416511494576642	0.00022116999757792	0.00225060599978261
7306	chr3	129583708	129592721	9.26764166113698	9.50377876285297	8.98514202173589	0.429088391617334	0.0002213273672772	0.00225060599978261
7027	chr3	59257513	59264615	9.9411385609649	10.1487840961579	9.69849978683308	0.381673454319798	0.000222136535562886	0.00225689192107572
906	chr10	34012472	34016161	7.71718610279977	7.32991499289094	8.02219417860705	-0.53715056213648	0.000223122477244286	0.00226496150439733
8174	chr5	21185207	21193305	9.05274847397816	8.79813006453972	9.26909926854358	-0.397654643329011	0.000225232303489395	0.00228441622148557
2620	chr12	80217343	80222417	8.4030207508892	8.65702079681264	8.09453899642459	0.457172870959474	0.000225877793269623	0.00228899828925717
7764	chr4	117046425	117054125	8.30974947904153	7.96172814366832	8.58992082712492	-0.501510338753131	0.000230561495497236	0.0023344598378709
3096	chr13	52974598	52982705	9.29637518967002	9.56864969984289	8.96047501809124	0.487637496669289	0.000231409344756173	0.00234103837126621
9005	chr5	150257773	150264534	9.1469964547467	9.59968326638255	8.4836530544798	0.677432581344677	0.000231701359750005	0.00234198739675454
11218	chr9	45291354	45296805	9.42192635895712	9.6760219349708	9.11330351336732	0.457713994444168	0.000232957122710318	0.00235266783072232
3828	chr15	11392867	11400535	9.30713515772243	9.55405651408811	9.0090441520355	0.445983885212472	0.000234571193322312	0.002366945533985
9999	chr7	75847265	75857261	9.48468030211366	9.7154059077238	9.20989797758286	0.419539837656694	0.000238421389757361	0.00240374329468684
10266	chr7	125509055	125513202	8.399101836383	8.64454559562533	8.10316398226421	0.442912213836218	0.000238982137590489	0.00240556020201315
8401	chr5	65949490	65958834	9.86772931195886	10.0737482715569	9.6273099830552	0.378970583529448	0.000239008774302931	0.00240556020201315
5283	chr17	83934862	83937550	7.60535254157975	7.93901610031645	7.17054127498417	0.569755119838683	0.000239776673560721	0.00241123504237743
11023	chr8	128344071	128349245	8.05729585630127	7.73159488704642	8.32284004136128	-0.476152895119394	0.000240514779166428	0.00241529263585609
763	chr1	192761694	192766135	8.41449175960276	8.68315345985967	8.08408135248695	0.479285633063807	0.000240588983784921	0.00241529263585609
4648	chr16	84468686	84503290	12.5924577092042	12.7753621774856	12.3829513022472	0.337838813049406	0.000240833350897845	0.00241569344160351
7815	chr4	122981773	122985621	8.31307812734598	8.58231807731446	7.98179137942833	0.484244172358611	0.000241577849925527	0.00242110591579307
1483	chr11	11544729	11572888	12.124124296056	12.2952189180864	11.9299740255453	0.31649881200036	0.000242556422911088	0.00242885312976052
420	chr1	127236972	127245037	9.80455488526494	10.0724035425625	9.47537515646654	0.478638149363333	0.000243461593606822	0.00243585282816106
1536	chr11	23851858	23858499	9.04222666043837	9.26796557560136	8.77449408368892	0.411635756950617	0.000243742440997423	0.00243659956245816
1349	chr10	122812482	122817200	8.30597667305853	8.5839895613712	7.96128517237162	0.494677845509254	0.000246150367190394	0.00245859064980702
4982	chr17	33907411	33913008	9.44591951749217	9.69043286605196	9.15133467987827	0.44325050289255	0.000246438790440894	0.00245939252352162
6897	chr2	181218282	181222738	8.1687546844386	8.43615839462964	7.84024772097343	0.476511082286374	0.000249718471033567	0.00249001979217943
7934	chr4	133404662	133414635	9.42076319880336	9.65209422470769	9.14512096907293	0.419754730994122	0.000251020864005704	0.00250089589299444
10745	chr8	83747188	83749879	8.33769921604467	8.60026177000847	8.01647860972868	0.472217147744597	0.000251871857357498	0.00250726020769688
9421	chr6	112944778	112949538	8.5874021867421	8.83764805318931	8.28444682719427	0.450003982859112	0.000254123901893589	0.0025275488424029
4460	chr16	24201976	24208709	8.83044549940966	9.09426103090217	8.50734492246978	0.471837001276362	0.000254377924472515	0.00252794748155361
3930	chr15	55844150	55855975	10.1598301293992	9.90612078225862	10.3755246980276	-0.395734874092845	0.00025618681292929	0.00254165028460629
1714	chr11	59728807	59746082	9.66990111683611	9.3742504922819	9.91514748388256	-0.4455779469751	0.000256186991280137	0.00254165028460629
1372	chr10	127656754	127679151	11.563094609885	11.7399835864066	11.3614461698162	0.326389400423719	0.000256783464999103	0.0025454307235146
1478	chr11	6619830	6629223	9.61399601729948	9.36313095381406	9.82763277191803	-0.392237691799611	0.000257244780602891	0.00254786615893022
5967	chr19	47730006	47732662	8.20895935539496	8.45135072204302	7.91745234127404	0.438461369221567	0.00025817016944018	0.00255489005201438
8602	chr5	112126864	112133176	8.33599201437964	8.04997669423721	8.57457810319491	-0.433552694081975	0.000261297824771752	0.00258367790586027
5097	chr17	47680940	47684374	7.560212684379	7.11145502959704	7.90200093433632	-0.577017363350693	0.000262997344978409	0.00259830821761278
1786	chr11	69845015	69848710	7.92885059060998	8.22648522845996	7.55341466159425	0.518801221201069	0.000264595157521713	0.00261156097130117
3656	chr14	66239197	66243813	8.30600444890776	8.58739116144767	7.95610259624496	0.495199356819467	0.000264780809378707	0.00261156097130117
2647	chr12	84157448	84184338	11.8622194930202	12.0692853021482	11.6203724277147	0.379458934972669	0.000267614317347309	0.00263730673375797
8827	chr5	134222640	134317196	14.1209700138183	14.2634567996115	13.962852798175	0.264560998951533	0.000268803066633761	0.00264605819333379
8395	chr5	65762456	65766487	8.09814914303209	8.41034934611178	7.69918043731117	0.540726981613142	0.000268950227673822	0.00264605819333379
6392	chr2	79120322	79129206	10.8390261641677	11.0368280611726	10.6097291851037	0.362671986021966	0.000270176213079862	0.00265590859713115
3453	chr14	30247580	30251517	8.5346776074008	8.80281291057567	8.20506419043566	0.47636659580159	0.000270548370944705	0.00265735623531391
444	chr1	128762186	128773502	10.7787831976227	10.9777457753348	10.5479241786007	0.365457444848622	0.000271538141183648	0.00266486268789533
10534	chr8	34122319	34127638	8.90452620724266	9.15098553424993	8.60710905223798	0.442680009700296	0.000274420696448896	0.00268951965578289
11398	chr9	77958126	77964054	8.82724534850253	9.07030141758201	8.53477541113267	0.43687456881191	0.00027450581456281	0.00268951965578289
11161	chr9	35005597	35009810	7.57355689510806	7.03193538567162	7.96642564974978	-0.628064506721848	0.000274936629283839	0.00269150887457982
9878	chr7	44846052	44862121	10.678550137314	10.8575220235104	10.4741893625206	0.330002647371807	0.000278239629062846	0.00272158895447565
2966	chr13	34903040	34905553	7.7440893509365	8.09038656235369	7.28749899056572	0.576843615445122	0.000282196432595257	0.0027580091377548
4661	chr16	87711110	87715485	9.04667919136148	9.34107640902694	8.67639022935708	0.513265582915637	0.000282588361405393	0.00275955708955878
8398	chr5	65907710	65923610	11.5653666800712	11.7434229212679	11.3621993554784	0.327629365152114	0.000283473187304257	0.00276493302376562
1308	chr10	117807216	117812563	8.24096252375608	8.48147659332319	7.95216920682695	0.436686694893715	0.000283606874137096	0.00276493302376562
5815	chr19	18745407	18751304	8.19450885964715	7.87918629505675	8.45312271627064	-0.462210464086442	0.000285909686442727	0.00278508561830771
1111	chr10	78453449	78466470	10.7743386232078	10.9737580243369	10.542864003683	0.365446636466287	0.000286156986104818	0.00278519847431181
5445	chr18	36278304	36283598	8.95842161583279	9.17157873569746	8.70821811024136	0.390061310973291	0.000286658381278326	0.00278778224953473
4680	chr16	91473481	91476716	8.24346563200633	8.50019726836617	7.93094036164063	0.461909424968372	0.000288839742270169	0.00280449492172812
1805	chr11	70532702	70535458	7.71967637516554	8.03778224809493	7.31098682834622	0.543152302530374	0.000288851584270745	0.00280449492172812
8554	chr5	107699820	107704773	8.93845954432389	9.18086474890929	8.64693249490131	0.437217387280361	0.000290110931886302	0.00281440950013838
7245	chr3	107074448	107081657	9.30524795229773	8.99953433058473	9.55737057458264	-0.454257491702248	0.000290794301590528	0.0028187247478209
11149	chr9	32589499	32600843	10.8322202144672	11.0295665254071	10.6035355565626	0.361655581857687	0.000291631554662784	0.00282452331958644
3347	chr13	113609959	113618765	9.6485026627298	9.88330933134146	9.3679068676598	0.423935169447983	0.000295142331213371	0.0028561849186054
2357	chr12	3852913	3858330	9.32421059522712	9.61396340735388	8.96125355318907	0.506188265875906	0.00029590312957231	0.0028612040744897
8424	chr5	73146994	73158202	9.79599481717491	10.0115221643171	9.54251696242764	0.392255043336357	0.000297740697196647	0.00287661821592443
1036	chr10	67584123	67588528	9.14779805584611	9.39546948237068	8.84861197311911	0.443777391586888	0.000298344113555794	0.00288009317465299
9908	chr7	46829815	46834857	8.97041540823302	9.266524459535	8.59740863854418	0.513670620661373	0.000304188168434342	0.00293411216181239
467	chr1	133681968	133699509	11.3364012861793	11.5613164246072	11.0698276490477	0.407938607634777	0.000304990417976263	0.00293945087994089
1793	chr11	69993852	70002966	9.71977437013722	9.92493023287042	9.48053032853075	0.374303089460636	0.000305867787445044	0.00294550430028577
1225	chr10	93184451	93199700	10.3144763724877	10.111724651132	10.4922134380068	-0.327490963919418	0.000306798176353569	0.00295205802263336
5018	chr17	35703662	35709091	8.47613357906806	8.70142336853131	8.20903305734923	0.409290612240328	0.000308410098044068	0.00296515355450668
5869	chr19	32754784	32760585	9.39469724322409	9.64764670899334	9.08776559560011	0.453207732389618	0.000309977089119703	0.0029777961666979
4223	chr15	96458735	96463209	9.06644219859701	9.30599143034848	8.77904023382721	0.430573798975968	0.000311762223980442	0.00299251213529886
9902	chr7	45914255	45925451	10.3038609065201	10.5046993846297	10.0704710618788	0.367072367933951	0.000312997976989206	0.00300193514294193
10688	chr8	72341024	72369298	11.9555057910959	12.1573826600206	11.7207116970955	0.368819528598603	0.000313541361983471	0.00300470781281159
2072	chr11	97797670	97802815	9.0793084948931	9.31950090057729	8.79097928850099	0.433214751947321	0.000314931284146782	0.00301558189098734
4442	chr16	20714685	20719738	8.67116390403464	8.91512165949841	8.37738599757235	0.438383404980518	0.000316413472177607	0.00302732112327984
9635	chr6	145976925	145987182	9.78628577545266	9.51950641260199	10.0113472268209	-0.407276543633998	0.000316707493654277	0.00302768264160108
7354	chr3	138418147	138426944	10.1019779719148	9.82251669371345	10.3359904043437	-0.422021371350436	0.000317090823565934	0.0030288966622919
1391	chr10	128523343	128527667	9.52952011256095	9.75469265630499	9.2625845129123	0.407860602085298	0.000317850774787711	0.00303234248018145
4479	chr16	31033379	31037323	8.2583927081496	8.5842564706688	7.83677180952713	0.549766592468986	0.000317964821677795	0.00303234248018145
1758	chr11	67521886	67528593	9.20827615511573	9.49917180206485	8.84352060907648	0.505927093136931	0.000319368582441128	0.00304327352429384
4323	chr16	4733696	4744972	9.91518917129081	9.67211049232622	10.123156587223	-0.380705933988726	0.000320284395222036	0.00304953979772845
5572	chr18	68057180	68060944	8.11150654503753	8.36692278742968	7.80093079520378	0.454474845579486	0.000320542351792378	0.00304953979772845
5250	chr17	78734506	78738142	8.62658330760616	8.86427168379092	8.34185840050133	0.428504461450119	0.000321346898094538	0.0030547344713476
6460	chr2	102898265	102901968	9.26348066194419	9.00147982902621	9.4851343632999	-0.404386678330799	0.000321828129860071	0.00305684982510176
853	chr10	19590553	19601021	10.4439155734818	10.6530153407407	10.1992874956606	0.381472995360111	0.000323516606971126	0.00307041946021753
11281	chr9	57986541	57995723	9.06088669014638	8.7901946844842	9.28872404718273	-0.411145402324059	0.000324261996342469	0.00307502387542746
2517	chr12	55396360	55410109	10.1356806556124	9.91878911858515	10.324186261959	-0.345971040538497	0.000327213268425724	0.00310052283858729
5880	chr19	36345068	36351410	8.16524276497988	8.45400579183333	7.80384041091338	0.504910903066172	0.000328085170513595	0.00310629356954218
8461	chr5	86070037	86080870	10.1521404685154	9.94164072820883	10.3358012544324	-0.337894244575698	0.000329018228668308	0.00311263361885086
9660	chr7	4143623	4152115	9.95774864825676	10.1600763411151	9.72234414972147	0.368634945149804	0.000332409723355971	0.00314220263293932
275	chr1	85674012	85689280	10.7593416147087	10.9748975601619	10.5058241745393	0.390885263538391	0.0003334755200644	0.00314949247580864
6097	chr2	25108338	25112883	7.62847351803396	7.93352599181521	7.24113066547198	0.528067633000398	0.000333713996251897	0.00314949247580864
5548	chr18	65377754	65383885	9.1011294793158	9.30786901219841	8.85972766569293	0.37643454351742	0.000336373156102984	0.00317136437899473
3030	chr13	44579533	44588852	9.33990914942005	9.58525018592842	9.04412078136734	0.438172748315489	0.000336568291406516	0.00317136437899473
7081	chr3	84812571	84816902	8.9048786644738	9.1469724963436	8.61380232326513	0.432496387798759	0.000337571648243709	0.0031782841399583
3593	chr14	59294572	59299548	8.08477403649739	7.75875818486418	8.35052719302051	-0.473303565384846	0.000339331968186091	0.00319137770353883
2811	chr12	111689872	111696876	8.22466827540682	8.50073913973642	7.88296192109051	0.483499342930542	0.000339502519748503	0.00319137770353883
4076	chr15	78524538	78532360	9.50088973504313	9.73131342415884	9.22653590964868	0.416022105353484	0.000345011065935066	0.00324058088639805
1433	chr11	4421555	4424598	8.35417334045744	8.01441053986308	8.62897623040836	-0.484252854287202	0.000347007070821921	0.0032567399117012
6669	chr2	150664754	150670579	9.31692375688167	9.54815144565765	9.04142836326807	0.415466979647309	0.000347781513651774	0.00325912628706841
9534	chr6	125348098	125358410	10.9177146635107	11.1482482640434	10.6432048699383	0.415209489838528	0.000347812986458469	0.00325912628706841
9069	chr6	29230986	29234894	9.2619196824563	9.48806614841934	8.99361314891252	0.406791458291284	0.000349523454700226	0.00326885735642053
8026	chr4	140943827	140954270	11.1628845426811	11.3691644021603	10.922109616859	0.37491773270781	0.000349655349342755	0.00326885735642053
11601	chr9	118474604	118490621	10.8501158360887	11.2740331466901	10.2472280451631	0.639116585058366	0.000349681423367937	0.00326885735642053
7772	chr4	117623468	117631673	8.46104596697292	8.13829295182397	8.72463005771864	-0.469344720908776	0.000350964384758956	0.0032782570516299
9843	chr7	37488931	37492069	7.99294732608883	8.26841059613418	7.65217283341942	0.481150498970695	0.000352547230403021	0.00329044081709486
4841	chr17	25873840	25877567	8.68542196951966	8.93287965067903	8.38654809050031	0.441266017757496	0.000352834373179909	0.00329052166810876
5344	chr18	4310465	4315922	8.79782147472854	9.01475732866223	8.54239175690068	0.391741060140909	0.000354754572890048	0.00330582021551168
9048	chr6	22416731	22426155	9.76672236459842	9.97082673113858	9.52890791449055	0.370259459770434	0.000355479389969566	0.00330996412283719
10957	chr8	122507480	122516144	8.46048301292545	8.17254244278957	8.70040592931745	-0.429063452243822	0.000356133054504831	0.00331343950553472
228	chr1	71556354	71563044	8.91550305177327	8.66861904221489	9.12624777070046	-0.384025313589784	0.000356768959376169	0.00331674431470403
539	chr1	153627690	153636977	9.95898573708474	10.1540102064971	9.73341467705874	0.354894230903841	0.00035758212059803	0.00332169051649868
4359	chr16	11398757	11401784	7.98301344440642	8.27102738526259	7.6227858834231	0.498652873159903	0.000359992566354991	0.00333997863438489
7051	chr3	69154954	69161587	9.59892779623927	9.80390945530434	9.35992076814298	0.371662120911418	0.000360116179773726	0.00333997863438489
6311	chr2	59482588	59491283	9.65368626800607	9.85120689742599	9.42476737443517	0.358823511754126	0.000361315016608758	0.00334846920490125
5978	chr19	53394849	53400016	8.89715019976125	9.11882929399754	8.63511385970599	0.403401435577038	0.000361889143292185	0.00335116153380913
8072	chr4	149321840	149324459	7.79779275007495	8.10540163473507	7.40630923020377	0.524839784693795	0.000362259023364696	0.00335195976513489
2985	chr13	37618231	37623093	8.76901122612818	9.03366970132442	8.44464359408235	0.465753420731161	0.000362769755179703	0.00335405901972095
7489	chr4	33459711	33470244	8.9302646962295	8.60495405317747	9.19554973622835	-0.471047409332376	0.000364821589937495	0.00337039242118956
9521	chr6	124881744	124888689	9.24553147327056	9.91588526425387	7.95406944198722	0.609716118763946	0.000367588999304715	0.00339330594983165
8412	chr5	67390238	67429516	12.2665864211853	12.4246432115953	12.0890584012493	0.290607181315264	0.000369399592043052	0.00340735798562115
11522	chr9	108486284	108495290	10.1263661329133	10.3568908326734	9.85186897092074	0.4138375954048	0.000370104729904625	0.00341119928904294
4273	chr15	100178914	100189482	10.976377748528	11.1629231750355	10.7620782855902	0.340665519990388	0.000371401618078168	0.00342048442650946
11033	chr8	128639089	128656371	10.9531898181789	11.1372855757077	10.7421182483243	0.335844678022629	0.000373771497946288	0.00343962929885774
10092	chr7	97330282	97334314	8.22496110036128	8.47124583670116	7.92779844054514	0.437752729030268	0.000378638225149279	0.00348170371078901
9128	chr6	38333177	38361982	12.3304424460847	12.5051796406342	12.1315865829965	0.319628257867538	0.000382854962995518	0.00351739292028267
9875	chr7	44743951	44751051	9.34183095370422	9.56018964101325	9.08442489496794	0.393695359489226	0.000383114817908243	0.00351739292028267
3093	chr13	52859223	52864403	8.55708391366762	9.01306475591489	7.88657478738449	0.65070587124402	0.000385354465412297	0.00353365762247317
5581	chr18	70639242	70645493	9.64867077800618	9.87434910844896	9.38102348983434	0.40507578218808	0.000385484485051448	0.00353365762247317
11648	chr9	123235366	123244827	9.50048696754514	9.23251364265241	9.72639686504719	-0.405609749086104	0.00038835642994861	0.00355722447773084
7882	chr4	129787801	129793734	9.63041278491028	9.82673201094843	9.4031068985795	0.356645116981875	0.000388725416596594	0.00355784626065481
6855	chr2	172975745	172980281	9.20421646945361	9.44272148565797	8.91831776719705	0.427271556250111	0.000389224843823452	0.00355966002679404
10023	chr7	80089184	80094641	9.71449091064495	9.94854959635142	9.43496360410017	0.418112734767398	0.000392352035280748	0.0035854846472369
3137	chr13	58112008	58115810	8.19441996656447	8.48379879735135	7.83205067152699	0.502406286994578	0.000395180499875825	0.00360693104515168
11387	chr9	74973872	74977468	8.77043125712485	9.06577816037689	8.39863554913704	0.506776073817829	0.000395309385872666	0.00360693104515168
8066	chr4	148955996	148975275	9.88997520757102	9.6618979076494	10.0868692918857	-0.359122335495188	0.000397049109797904	0.00361911111205822
2697	chr12	99378291	99383707	8.01188617848106	8.29407259313736	7.66074475320344	0.490840276032796	0.000397505108931746	0.00361911111205822
4690	chr16	92814385	92827632	10.3526965422691	10.1003174336903	10.5674295654195	-0.388347621206196	0.000397788983834211	0.00361911111205822
11319	chr9	64338923	64342938	9.17932964306655	8.93578378369577	9.38763871139835	-0.377064442083751	0.000397869442667876	0.00361911111205822
7112	chr3	89086519	89093466	8.86142363688546	9.09987556631552	8.57560128798016	0.425492544285061	0.000401897004907883	0.00365293462307042
8662	chr5	115843751	115860368	10.2367785216259	10.4681704244329	9.961049777398	0.413984399000507	0.000405982580155225	0.00368723302622148
6685	chr2	152847542	152851559	8.07313297453387	7.76584742530376	8.3263224629002	-0.447673843332564	0.000408020973139361	0.003702900014297
2698	chr12	99390996	99395526	8.92795487769135	9.17632198483607	8.62775187169121	0.44042894268287	0.000409818665544929	0.00371636020880958
5053	chr17	44659584	44680340	11.3821785938232	11.2107820155879	11.5353578689107	-0.281234495733134	0.000410375175281705	0.00371855296865692
1175	chr10	83001258	83007584	9.80855723627709	10.0691461871161	9.49028956916633	0.458430950673389	0.00041307962726837	0.00374019070942763
6204	chr2	31724867	31730186	9.55792817274979	9.75215672386984	9.33342174667346	0.352257428003339	0.000415465512139787	0.0037589130868635
7531	chr4	43441540	43445169	8.34713942127532	8.60025059863706	8.0399693538133	0.4468112674535	0.000416303415684494	0.00376361221096249
7360	chr3	138873441	138879309	9.64380938235748	9.88147408291111	9.35911848120574	0.423071576090768	0.000420575271310067	0.00379780141460685
2602	chr12	79350904	79354219	7.79832151823644	8.35874116307591	6.86954020223961	0.65510289592234	0.000420728000314858	0.00379780141460685
8349	chr5	53588018	53593832	8.96181694163453	8.63744062604408	9.2264811895487	-0.463658947230294	0.000421369450659162	0.0038006881137318
1162	chr10	81558322	81563022	9.21197487384397	9.46102444591696	8.91077308874692	0.440849195742704	0.000422414342520657	0.00380720661420602
5728	chr19	6905595	6915074	9.8321935621456	10.0367861817503	9.59371559946963	0.369833537926646	0.000423494438204636	0.00381403222700151
4172	chr15	86003930	86010871	9.85159995506194	10.10568515144	9.54299244057381	0.447948866691508	0.000426054566252431	0.00383416660688403
988	chr10	59569106	59572596	8.06874270083751	8.3916699082883	7.65203847481876	0.537132844425921	0.000433452601285826	0.00389777468553525
1340	chr10	122676861	122683392	9.05445508773427	9.28436265536583	8.78083327273009	0.410296810969569	0.000435956697020306	0.00391731127908132
3011	chr13	43169777	43179897	10.6639820983971	10.8618592410084	10.4345839433873	0.358237206551184	0.000436857714173915	0.00392242458258281
3844	chr15	25560279	25564600	8.22762680486518	8.48892604747542	7.90829754809911	0.457071169177483	0.000440822844240803	0.0039550210535682
4954	chr17	31823970	31851308	11.529039735747	11.7147882115617	11.3157917977073	0.338383927456369	0.00044652793126055	0.00400303384370116
5999	chr19	58093386	58099108	9.73775901509615	9.96141532834568	9.47295329833886	0.400252628538298	0.00044688212618989	0.00400303384370116
7045	chr3	68965307	68971189	9.20990694273234	9.45697781370046	8.91159776252908	0.436854487901876	0.000447190646046508	0.00400303384370116
1721	chr11	60142754	60171057	10.3416551778255	10.0791458004802	10.5636724617973	-0.39937293882672	0.000447980519570293	0.00400706875037288
11595	chr9	118281905	118288800	9.4423041567817	9.66980397250402	9.17208888571294	0.405516509864546	0.000449101886196436	0.00401406042912034
3922	chr15	52898069	52901080	7.98436946390061	7.62022400415924	8.27487770093118	-0.50094534387799	0.000452863224684168	0.00404461969982474
9236	chr6	70740193	70746556	9.28647378359873	9.5281149289418	8.99605227618314	0.427427520753881	0.000454318316592393	0.00405455077708135
6309	chr2	59346301	59355639	9.61135307015258	9.84719560962456	9.32927531611506	0.418899817849649	0.000455522589088874	0.00406223012277293
4714	chr16	97396969	97406153	9.97094140572273	9.74320141562191	10.1675841923762	-0.354964828840041	0.000463737949317344	0.00413191656737037
8024	chr4	140856311	140859152	8.12157689488942	8.4337647229465	7.72262844846045	0.522370737177066	0.000464036330814191	0.00413191656737037
3490	chr14	36859810	36864828	8.7731883383722	8.99099778307554	8.5165457392957	0.389546509321458	0.000464786085705336	0.00413547619630591
4006	chr15	67169225	67179585	10.5137925846291	10.3232525168656	10.6820782298648	-0.307185495784162	0.000469635766604662	0.00417548248171609
8915	chr5	140867587	140886263	11.0806303191627	11.2793553440159	10.850091237933	0.358760283833952	0.00047199824368417	0.00419333176494147
7450	chr4	12782289	12786852	7.90118084098436	8.20507410017432	7.51570927131413	0.512384036780005	0.00047286235540655	0.00419785243537475
6632	chr2	132699265	132705888	8.48492544901386	8.71829806454025	8.20637700731132	0.415231963563332	0.000475484559542897	0.00421796212879795
861	chr10	21075826	21080186	9.00479031287874	9.21680377305003	8.75616214257967	0.381000579774186	0.000477846770210012	0.00423573701185409
1669	chr11	53855970	53860519	8.82422782035513	9.04406687300116	8.56476055556833	0.392196894259353	0.000479040448545309	0.00424313488756475
4800	chr17	23723659	23727321	7.71971067196955	8.00717868143171	7.36033831023531	0.495718422467395	0.000480535995556906	0.00425319350074936
4838	chr17	25822818	25835223	9.88223117116511	10.1067910643433	9.6161568236358	0.400734496574207	0.000483119327962969	0.00427176447274264
9099	chr6	31493783	31497208	8.00714189667001	7.6696042905634	8.28048959814839	-0.476491532835599	0.000483675347355975	0.00427176447274264
8403	chr5	66066732	66078955	10.1408900454963	10.3314215117578	9.92131096484511	0.34464429165913	0.00048388495178021	0.00427176447274264
4901	chr17	28502736	28509035	9.49051410249992	9.9372307468193	8.84002683370472	0.633283031008329	0.000484113727799882	0.00427176447274264
3653	chr14	66187928	66192615	9.05695625326856	9.26509890739595	8.81363798379321	0.372883427639995	0.000484441807166143	0.00427176447274264
2171	chr11	106438051	106442064	8.50434809794576	8.74152594471392	8.2203561768235	0.419169265658127	0.000487937341363944	0.00429937928825978
6411	chr2	90545123	90550082	8.01080205198364	7.71130486157759	8.25868639600127	-0.437273518360925	0.000488776782533042	0.0043035666634951
7337	chr3	135522364	135530305	8.70583195504555	8.9914676679043	8.34932381870989	0.488285981339709	0.00049111447988182	0.00431805285658133
3847	chr15	27590004	27616162	11.4933736168449	11.7200142302642	11.2243706477271	0.40427831917023	0.000491152931554274	0.00431805285658133
9437	chr6	113646901	113682596	12.6065397380132	12.7555949191733	12.4402911764103	0.272807512248383	0.000493289644940667	0.00433361371347132
1662	chr11	53757381	53765199	9.49207719915796	9.71290393132659	9.23123190747351	0.394700972937317	0.00049626113373307	0.00435215367100921
4646	chr16	78555701	78566988	10.6642093870177	10.8815084481764	10.4082756103675	0.388804978173226	0.000496483088492157	0.00435215367100921
2968	chr13	35811283	35819344	9.85503489667704	10.0740250137953	9.5967502771584	0.391121755854403	0.000496505005798952	0.00435215367100921
11697	chrX	48422657	48445973	11.8649078447136	12.0603388959466	11.6387924036868	0.352772330848257	0.000498799488294458	0.00436902502126562
6223	chr2	32635788	32641725	8.98996547863129	9.21365932842154	8.72510709839496	0.397541768571542	0.000499553399828618	0.00437238738694441
37	chr1	24676648	24681861	8.75874061725298	9.0031347459828	8.46432899611816	0.430191950498882	0.000503795415365911	0.00440361057655655
7651	chr4	87933114	87941763	8.71431043551387	8.45774341274389	8.93206548246805	-0.388444081577475	0.000503866071386633	0.00440361057655655
4677	chr16	91440788	91454499	11.5825255322538	11.7929735398324	11.3360488918636	0.377796672570663	0.000504838477848901	0.00440884808149491
7431	chr4	8904714	8916388	10.8576606138952	11.0402303023223	10.6485935160867	0.330311928403623	0.000506978567626552	0.00442426791364501
8394	chr5	65723416	65726424	8.2219283488736	8.49799024324203	7.88023575893605	0.474341642645969	0.000508345415357024	0.00443292208698051
7138	chr3	90393540	90408870	9.26624820008577	9.01453276976705	9.4805009205484	-0.385731958231828	0.000509004345713783	0.00443301568968101
10927	chr8	119822790	119842670	11.5391062214244	11.7293156949516	11.3199548895735	0.343505226755591	0.000509956487827272	0.00443301568968101
7601	chr4	59579072	59583581	8.78015530265825	9.04267304329723	8.45900185879607	0.456432181369205	0.000509971203709695	0.00443301568968101
2344	chr11	121672055	121675067	8.20952983379853	8.46313550392665	7.90163029937746	0.446088130556269	0.000510110180365535	0.00443301568968101
3384	chr14	16266351	16271427	8.54321229857618	8.26982045751854	8.77295762535337	-0.410208664458312	0.000510508948478699	0.00443301568968101
3238	chr13	89520341	89524395	8.14034993457935	7.83986165893592	8.3889120473819	-0.438641467846417	0.000510607172787394	0.00443301568968101
519	chr1	144298669	144321668	11.4719641244202	11.6922881933259	11.2118204392466	0.393556163542306	0.000511048364020522	0.00443358845026908
7670	chr4	95104868	95108218	7.83681760929918	7.51195462050917	8.10180529936636	-0.461913667384266	0.000516361020066284	0.00447639164571035
5650	chr19	3320225	3327304	10.0314499848472	10.2663301160297	9.75074917640925	0.415578883114896	0.000516822116814176	0.00447710420254861
2068	chr11	97709829	97733170	11.1420952357001	11.3325274665653	10.9226480072556	0.343822900608817	0.000518964821409138	0.00449237240276218
9493	chr6	120480876	120494796	10.2913558679939	10.5005265432023	10.046630670791	0.374380921417197	0.000519684239177312	0.00449530671311795
11197	chr9	44008693	44051127	12.3178077180972	12.1340936935994	12.4807479181276	-0.296886326124324	0.000521196085270498	0.00450193971457283
5381	chr18	12642183	12645701	8.14407047919155	7.80549576396049	8.41809687060011	-0.473882395706094	0.000521213061064289	0.00450193971457283
11763	chrX	107280890	107286676	8.50225244791613	8.25081658591851	8.71630273127404	-0.383625350904665	0.000522275949341075	0.00450782514055087
3787	chr14	121420425	121424599	8.28146330905258	8.56902094806899	7.92195059997194	0.489348932808445	0.000527145311394287	0.00454653211637583
6894	chr2	180729602	180734253	9.0965074906112	9.31674379627831	8.83648624343232	0.391742072155686	0.000529196249396094	0.00455845987635542
7278	chr3	116198583	116202652	8.76793245492752	9.04552537793839	8.423887360573	0.476539052162503	0.000529299843463071	0.00455845987635542
11612	chr9	119434408	119437459	7.96789836069755	8.3191518780674	7.502620305964	0.560726565117141	0.000531529268647371	0.0045743261750454
6864	chr2	173451201	173456396	8.61419503995227	8.83151164382539	8.35823690985841	0.387555112993498	0.000534014326360718	0.00459236774401619
7497	chr4	34862180	34866480	8.25088692768041	7.93370801357193	8.51074650528624	-0.456228876752651	0.000534633542161968	0.00459434904304423
11515	chr9	108143233	108152922	9.43670782251182	9.68135120102039	9.14193402217905	0.429520405223655	0.000535342697020945	0.00459709978779032
1050	chr10	68442016	68448930	9.80516208247263	10.0424304734285	9.52104020979026	0.418941575859797	0.000536228329285945	0.00460136088514359
5266	chr17	83153759	83161146	10.8246062626124	11.0618353573445	10.5405407914128	0.419091357537807	0.000539427076617509	0.00462545017221516
4798	chr17	23598246	23600817	7.98637345815793	8.23796305689861	7.68144412081004	0.439970918636038	0.000540571138663596	0.00463189889372665
11463	chr9	100543197	100547599	9.17083239000176	9.38713015442933	8.9162874792483	0.385270588873378	0.000543048178906826	0.00464975165359642
4342	chr16	10572631	10582975	8.78113640214468	8.52599415197079	8.99786501910568	-0.38667181716946	0.000543549432630181	0.00465067349453889
867	chr10	21315560	21324445	9.49501373653366	9.26399096383978	9.6940978653506	-0.359058992145554	0.00054729358276224	0.00467932053105544
3317	chr13	107566891	107575430	9.65940485365094	9.44710451681249	9.84443426707387	-0.335338649892261	0.000549944793232081	0.0046985883418874
7460	chr4	21935114	21937738	7.87667711615715	8.18347037113388	7.48651677612165	0.511317096736283	0.000550444088855366	0.00469945618057443
3498	chr14	44983598	44997084	10.8456744799044	10.639309338768	11.0261811590315	-0.327145300731561	0.000551982914279432	0.00470919141886337
3851	chr15	27723269	27727446	8.34076737333914	8.57514781829588	8.06078060075635	0.412559339346391	0.00055267342026675	0.00471168047176906
8042	chr4	144905208	144909968	7.64274602351269	7.2297486093242	7.9634486811842	-0.531229338837354	0.000553623967909187	0.00471638125797762
3964	chr15	60108415	60142494	11.7465260152218	11.8986313063452	11.5764732565001	0.277751925151492	0.000554467566675141	0.00472016481832383
6308	chr2	59335387	59341485	9.18139758945516	9.43139856929255	8.87880148610452	0.436470372155821	0.00055527288350263	0.00472253756655678
7713	chr4	107017252	107039734	10.1135634155797	9.87516591839835	10.3180968445262	-0.367958812143437	0.000555557607283531	0.00472253756655678
3707	chr14	75766931	75772935	9.13040461452174	9.3691962087531	8.84409361606929	0.419828960783443	0.000555945307640528	0.00472253756655678
8640	chr5	115010134	115013879	8.06968910627343	8.38496032711294	7.66567859067513	0.522960514972811	0.000567798918150416	0.00481976437993198
8357	chr5	62750231	62754984	8.5229058159625	8.26016135000014	8.74509110170976	-0.395190424274546	0.000569029767708226	0.00482674496427883
5468	chr18	38991578	38999375	9.3198222870401	9.04424054259202	9.55111074809849	-0.408713938884913	0.000573252381527542	0.0048590747059752
9634	chr6	145334393	145342585	9.56648843085418	9.75988532269189	9.34309298116118	0.348599907161685	0.00057803951012843	0.00489390440916267
1660	chr11	53655690	53659227	8.42775659341854	8.12868201275758	8.67535169074982	-0.433738083354488	0.000578189789708115	0.00489390440916267
1870	chr11	75650921	75657845	9.26014253976749	9.49746298061317	8.97594595463088	0.417881266733597	0.000578648618399762	0.00489428208662247
1624	chr11	49845198	49849299	8.70472683658423	8.94293552513122	8.41925424724314	0.418023919646011	0.000579695298694124	0.00489962778924876
4450	chr16	22600125	22604112	8.07784065112988	7.77837584219289	8.32570283735479	-0.432750689662012	0.000580324836399523	0.00490144264967603
8051	chr4	147894077	147901576	9.00689820556317	9.23340895410336	8.7380783195201	0.399647571446427	0.000581058824309084	0.00490413647716867
10951	chr8	122424002	122435655	10.4029867176745	10.5996472116421	10.1752229640478	0.353222156370247	0.000581844026746835	0.00490725840117103
10457	chr8	13213089	13216793	7.85699665390519	8.14275069725099	7.50030382610656	0.485688346206765	0.000584435298982422	0.00492559735576056
2585	chr12	76260170	76272461	9.60160325758766	9.36014996604794	9.80838052192496	-0.371357090341016	0.00058541114286736	0.00493030510628705
6466	chr2	103623846	103635018	9.41284171903454	9.18832065074415	9.60708122360915	-0.349806501132947	0.000586150230139097	0.00493301361775183
10847	chr8	106130511	106138678	8.54255340490331	8.83062671136294	8.18223279786521	0.491206281426178	0.000587820048203751	0.00494354568653062
1235	chr10	93866348	93874195	8.7317163680208	8.48679324878175	8.94103152276622	-0.375811762332545	0.000589994010760955	0.00495829959541354
4421	chr16	18446826	18465816	9.99988085742304	9.78780702885304	10.1847382679064	-0.333997804872081	0.000590562030639101	0.00495954580954628
1256	chr10	96355407	96359293	8.27629733149983	8.52622250465907	7.97381240839229	0.434514096685693	0.000597314098258045	0.00501268706322235
10944	chr8	121849910	121853975	7.83050803712193	7.42845245188565	8.14459053924441	-0.518237762290994	0.000601017541024942	0.00504018684510341
8421	chr5	72791002	72794937	8.5309829959405	8.79257041274093	8.21122266705724	0.451250680759297	0.000602466986467094	0.00504875880290439
8486	chr5	93091372	93095981	8.55096429960495	8.79856580484197	8.25188035880153	0.432831096982963	0.000604000839558497	0.00505802545728079
10129	chr7	100691687	100693879	7.88700703015334	8.16890988682022	7.53630533244885	0.479637935654062	0.000608904265229675	0.005095476485803
2768	chr12	107117641	107135612	11.9371521450474	11.7685128789324	12.0881258245792	-0.275027028307533	0.000611814219285371	0.00511620439849677
6773	chr2	163601266	163606298	9.04250961635383	9.26467456878128	8.77979360675164	0.392608071846372	0.000612861653218333	0.00512111498243567
8925	chr5	142429688	142436705	8.10057891335671	7.74397041082552	8.3862789331957	-0.48677943944689	0.000613268254920994	0.00512111498243567
9929	chr7	58397305	58400627	8.34626528154032	8.58676560739539	8.0574917998025	0.420985903484834	0.000628562795929494	0.00524374820428986
9633	chr6	145302214	145307131	9.08597107519303	9.29846380843263	8.83668309105326	0.377851640202478	0.000628841503510387	0.00524374820428986
3379	chr14	14712613	14719567	8.67896080524926	8.42217949604892	8.89687007693871	-0.388453100304406	0.000631775742700618	0.00526406332751223
11189	chr9	41111841	41120209	9.78778559275376	10.0080233674644	9.52776229626745	0.389058603651838	0.000632168742530454	0.00526406332751223
7696	chr4	106292452	106295684	8.06459134068494	8.37033989440613	7.67612293743908	0.506126371569828	0.000634424371800003	0.00527912561773861
2583	chr12	76093279	76097542	8.29617168927568	8.55368050165919	7.98249250489077	0.443829946119594	0.000634890951885083	0.00527929027971438
7417	chr4	6802558	6912343	14.2682075929882	14.4067889336292	14.1148860733376	0.253094208598759	0.000635630382639284	0.00528172194181841
8612	chr5	113135704	113140577	7.84302240878737	8.20498098483687	7.35869563487858	0.563808858910994	0.000637850651403566	0.00529644644904044
2416	chr12	17111101	17115976	8.26653274335091	8.50943448571738	7.97428646870222	0.423186761168586	0.000638305257058828	0.00529649923975219
5184	chr17	65870432	65875435	9.01090554551275	9.28860196304031	8.66670119780787	0.472098756573979	0.000640178470729842	0.00530831495448689
7509	chr4	40849469	40855753	9.98665026163685	10.1562111037358	9.79447325353952	0.306203031401971	0.000641587479917341	0.00531461001137577
3281	chr13	97440721	97444322	7.97645840325729	8.30197473065711	7.55542061257777	0.527813581088096	0.000641837211089474	0.00531461001137577
6624	chr2	132110471	132117160	8.86341017164162	9.12384341053796	8.5453750547155	0.449960828717795	0.00064394629132603	0.00532833990077617
7143	chr3	90602658	90607345	8.67195527589706	8.40717479182041	8.89559360341229	-0.394582657264287	0.000644921507696338	0.0053297016602289
2408	chr12	16523557	16542127	11.7775916839034	11.9480955135428	11.584202056875	0.307885414247446	0.000645012980207119	0.0053297016602289
5762	chr19	9051300	9058925	9.34073854635614	9.11289716657221	9.53745687965577	-0.351799180635292	0.000646813129985182	0.00534084133047163
10112	chr7	99404009	99409447	7.63676425438585	7.25523796414531	7.93820550916605	-0.504994205001907	0.000647590389176297	0.00534352516655525
7363	chr3	142543404	142547753	7.63887767746626	7.26375487692368	7.93631589571472	-0.499459805898269	0.000653420922706468	0.00538787273042542
4293	chr15	102398359	102402943	8.47115101529416	8.72892887308401	8.15707200496097	0.443149264427138	0.000656660046298667	0.00541080551399236
330	chr1	91410769	91414853	8.24236041534968	8.5402534697536	7.86651235495025	0.498091765091173	0.00065723923543595	0.00541180404593114
9122	chr6	37713058	37716163	8.15302094860294	8.38435839257257	7.87736959833094	0.407014058795259	0.000658420421415564	0.00541775466535258
11637	chr9	122217576	122236673	11.157337982926	11.357200795565	10.9252653984507	0.356608250158932	0.000666729327961217	0.00548230601196224
9392	chr6	103343307	103346167	7.73632101523736	8.02943123652426	7.36806988038802	0.489535868989144	0.000668206615582679	0.00548562398867016
9500	chr6	120976216	120979713	8.12390834270983	8.44259141446195	7.71426304791861	0.519121858640462	0.0006683328156733	0.00548562398867016
2263	chr11	116420802	116446894	11.6176476052592	11.7819115296256	11.4322485659458	0.297360492094275	0.000668525604577271	0.00548562398867016
11216	chr9	45266176	45271093	8.96959762801726	9.23467250008654	8.64460341245122	0.454334467771186	0.000671572839654039	0.00550680407588628
5844	chr19	28009635	28013827	8.92254930646391	9.1397018619104	8.66681888683746	0.383761045036665	0.00067364594941272	0.00551672831932582
8032	chr4	141557232	141561104	8.57968274014414	8.79899937162208	8.32094345316237	0.386585382048959	0.000674002050240646	0.00551672831932582
6371	chr2	73434421	73487967	13.2765323151334	13.4338588313732	13.0999252927795	0.284970126309493	0.00067418379257841	0.00551672831932582
9819	chr7	31143060	31157952	10.799010706819	10.6055725631415	10.9695522359049	-0.307402323288707	0.00067627860217957	0.00552648185717074
5507	chr18	56438583	56461457	11.4794957378474	11.6726254310245	11.2564569095364	0.346221346261905	0.00067631116837076	0.00552648185717074
1027	chr10	66950813	66958479	9.17676349740119	9.40141216495827	8.91056440709621	0.394764097038627	0.00067690304941465	0.00552749580641569
5605	chr18	75534281	75540094	8.14647517275198	8.42334472001338	7.80354237172784	0.47113260714039	0.000679345232245535	0.0055436072266666
3025	chr13	43773785	43780077	8.65923258062559	8.04147406243666	9.09039268506106	-0.606028158731289	0.000682949804628928	0.00556917521842333
998	chr10	60113759	60117923	8.54012377066837	8.76836143352538	8.26886603449945	0.399330634722683	0.00068386414201298	0.00557278531174164
5167	chr17	57184135	57196896	10.2376287790528	10.0391379448155	10.4120841600756	-0.314874446887585	0.000694826538970765	0.00565821528909618
881	chr10	26226758	26232980	8.73800615896049	9.20774161603434	8.0370033911653	0.615915376657889	0.000704775775745032	0.00573528275909318
3027	chr13	44315567	44328345	10.9492550369328	10.7560344920279	11.1196274651471	-0.307389377272393	0.000711513895942404	0.005786130897767
605	chr1	165779033	165783790	8.08503404231833	8.37428063884675	7.72287247217698	0.488277243148656	0.000713887708385002	0.00580144233994304
9085	chr6	30349661	30358420	10.1394580116154	10.3600335981553	9.87896333677466	0.388071453981116	0.000715919885149302	0.00581395832503378
9802	chr7	30192328	30196031	8.41087185201811	8.64294888771944	8.13416882931559	0.4071872813001	0.00071709955315591	0.00581953868138065
4932	chr17	29714314	29718058	7.70635709118093	8.0217272428598	7.30218368481131	0.5152882660738	0.00071781528395184	0.00582134893285857
560	chr1	156955530	156957646	7.73589945841248	8.07935564696692	7.28425216173887	0.541605515358458	0.000722018677170622	0.00585142159770101
7432	chr4	8925408	8932617	9.74393571749476	9.93595560139339	9.52237646699499	0.34238444020574	0.000723051034006423	0.00585577177369424
3520	chr14	47472501	47478425	8.45828427300729	8.68669515477106	8.18678161848735	0.401911860551943	0.000725079660977858	0.00586817895487285
3792	chr14	121876037	121975318	14.5105933119176	14.6518455157039	14.3539952309671	0.25694098581925	0.000727262960378004	0.00588182008201677
8825	chr5	134180826	134189698	9.63904137457695	9.8232907766508	9.42776772259418	0.329608959560744	0.000728851618445778	0.00589063660981895
11516	chr9	108153237	108156061	7.8468726257316	8.15163613841654	7.45999660168855	0.500599049677444	0.000729696943475243	0.00589343751476655
3039	chr13	45731280	45737492	8.63637026441353	8.3763456480898	8.85660898524606	-0.390441967756826	0.000733097151523929	0.00591685515191718
5775	chr19	10772655	10805227	12.1806157058214	12.3544936653541	11.9828722861049	0.312344377382934	0.000734652083958438	0.00592174050740231
11193	chr9	42422606	42430721	8.76892108426751	8.52418203694258	8.9781018709325	-0.372788324679556	0.000734704771822257	0.00592174050740231
597	chr1	164985277	164993914	10.2193742893637	10.0210141972146	10.3937287027256	-0.314354513845406	0.000736011935642353	0.0059282324686776
8187	chr5	23741065	23748535	8.32449288089762	8.07060884207085	8.54031360970465	-0.382455730696815	0.000737873747951398	0.00593729536988287
5732	chr19	6984551	6988852	7.83366811988295	8.11121614782003	7.48969209930882	0.468945136061038	0.000738142086861707	0.00593729536988287
8609	chr5	112383919	112386601	7.67548013789107	7.99649405611235	7.2619649802855	0.51837998901312	0.000741115865094705	0.00595715990609458
4537	chr16	38383520	38387008	8.02334648523214	8.26353039471553	7.73502953409928	0.417752497624479	0.00074265963006797	0.00596551066545421
6379	chr2	75679724	75694649	10.4493248929325	10.6471210392004	10.2200356458543	0.351614899635627	0.000745275377544598	0.00598245506865963
5839	chr19	26603859	26609453	9.07846066537055	9.29701299742885	8.82078527034637	0.386427917435845	0.000746010643493079	0.00598429176070212
6335	chr2	68347402	68359745	9.96488301941805	10.1597368330845	9.73954034709862	0.34632914043722	0.000746533621598499	0.00598442420136219
9838	chr7	35724632	35731107	8.19113228246046	7.90415912832929	8.43038383618162	-0.418001140554669	0.000751946318295574	0.0060226190676624
8423	chr5	72936422	72945498	9.24436317393349	9.03014613457248	9.43084616848749	-0.334610731090918	0.000752317683130475	0.0060226190676624
8513	chr5	100565095	100575536	10.0614529181464	10.2556606591007	9.83697430969257	0.345043258925608	0.000753770596851385	0.00602883167101357
1123	chr10	80012504	80041221	12.2879450921053	12.4816667647306	12.0641159603228	0.345700127614095	0.000754114184982909	0.00602883167101357
11220	chr9	45941938	45949220	9.87717309548416	10.0589856027954	9.66909872689044	0.325068539951117	0.000756608679306419	0.00604317380118089
196	chr1	60851856	60855289	8.0863549254448	8.34069836464757	7.7773658956733	0.436659518677773	0.000756931044833084	0.00604317380118089
5882	chr19	36475474	36480198	8.66300536902529	8.89038834492043	8.39295505682211	0.397183458143715	0.000760107038969672	0.00606100539577095
10260	chr7	123320083	123325017	9.19079659430152	9.44954129625969	8.87527923402521	0.442643708960299	0.000760190419476349	0.00606100539577095
8722	chr5	122128572	122135675	9.09934939670909	9.31017515016901	8.85235409640454	0.37405402069777	0.000763941159286503	0.00608680292523892
469	chr1	133815205	133817600	8.36017110175255	8.10056862658652	8.58010713603411	-0.388968860442882	0.000765129261810765	0.00609216129215364
9449	chr6	114927796	114939118	10.0115465715821	10.3985901969108	9.48099312767375	0.575638109140856	0.000768071055388459	0.00611146639088891
6103	chr2	25261148	25265520	8.24230753439558	8.4914198678124	7.94101384037536	0.43165740164914	0.000769354139221691	0.0061175561972029
591	chr1	164246201	164250476	8.18256936773235	8.42485203680351	7.89121971538583	0.421570666586513	0.000772005073037125	0.00613450702286932
11266	chr9	56143777	56151371	9.30211873014122	9.52933853970211	9.03229872840337	0.397097996284889	0.000773721220728505	0.00614401205922582
9315	chr6	86598616	86601914	8.57856782786074	8.83359014802576	8.26857504508626	0.436384271358643	0.000775834902925624	0.00615665897445882
3013	chr13	43213274	43220237	9.28183586563369	9.54243073078756	8.96355936447265	0.444957235983627	0.000777881271353969	0.00616875510222718
4935	chr17	30190859	30217708	11.2080863179481	11.3896193910424	11.0003780074975	0.32426818192042	0.000779553031432769	0.00617484303469852
690	chr1	180940638	180945272	8.01788536723455	8.34963715329281	7.58632492208448	0.530041003007407	0.000779694127265588	0.00617484303469852
65	chr1	36554857	36560871	8.94844868559317	9.22113516443618	8.61192031164405	0.462924888216497	0.00078030638901114	0.00617555277465213
8793	chr5	125029668	125062284	11.1844636595337	10.9907217746703	11.3552411569126	-0.307327966401834	0.000784164050083598	0.00620192932783654
1071	chr10	75410721	75419238	9.65745935812255	9.85359951244602	9.43039362464903	0.347383189874451	0.000787892189647951	0.00622724689824762
11003	chr8	125065252	125070643	9.38147769438958	9.58938206476986	9.13848519619976	0.366434456777143	0.000788540730358821	0.00622820673122983
2356	chr12	3831063	3837419	9.58652683880316	9.84796638460462	9.2669877330647	0.446911494600808	0.000790215422325321	0.00623726481643019
6091	chr2	24931911	24936354	9.38310796691404	9.60548155681385	9.12009992467859	0.388957371850831	0.000798012724522389	0.00629460504202707
9458	chr6	115682892	115688788	9.04739120255693	9.25233065822484	8.80844158429979	0.362022062101654	0.000799823897524846	0.00630468257048271
3243	chr13	91368790	91373287	8.89713412581785	9.10557395329875	8.6534093951828	0.36681586024854	0.000805439928944942	0.00634471880027562
4588	chr16	52171400	52189136	10.3196730771749	10.4851537702039	10.1327220662053	0.296965919423569	0.000806744544851423	0.00635076185340734
147	chr1	52814002	52820125	9.35330940353168	9.56358140664371	9.10707431415583	0.370398463335502	0.00080809469712446	0.00635459608710725
7258	chr3	108502728	108505425	7.88904583872352	8.17792477084996	7.52746157016326	0.479852619542999	0.000808307203700253	0.00635459608710725
2967	chr13	35793521	35799793	8.86127458923761	9.14854984220219	8.50220398144304	0.478810424174072	0.000812800929167398	0.00638567538500131
8329	chr5	43866610	43873356	9.16250290414575	9.41247221687778	8.85995324643038	0.429436946624612	0.000816099753032596	0.00640733201450708
9967	chr7	66372641	66377952	8.61867953790479	8.87876011292214	8.30117088049945	0.441787840771182	0.000826886658266283	0.00648771099208128
4080	chr15	78585215	78618182	11.7643452991846	11.5989711257662	11.9126973661978	-0.267898516924312	0.000828884080102952	0.00649906721333542
4203	chr15	93403584	93407422	7.82020733411232	7.49703528840815	8.08407044500921	-0.450794573034122	0.000831772752936757	0.00651739180948323
7726	chr4	108308615	108320249	10.6917434500997	10.8809482964412	10.4739252802563	0.336551336853063	0.000837060970954636	0.00655448140013252
1395	chr10	128634433	128639625	9.85315613913938	10.0510249655117	9.62376916683041	0.349851581745339	0.00083805242939271	0.00655789901040018
10874	chr8	109733363	109738357	8.70246406658437	8.41249175453402	8.94379448218177	-0.41882566436869	0.000841360055946485	0.00657942450103485
10035	chr7	80443886	80464064	10.8431347451813	11.0657038404392	10.5798529595038	0.388981266247861	0.000845573087041315	0.00660799708761917
3790	chr14	121795567	121799729	8.57580875151804	8.82410232370092	8.27571329360109	0.427880008888697	0.000853788307204339	0.00666538374073052
9968	chr7	66382539	66389870	9.96684785813297	10.3425829499428	9.45741696678263	0.562676472989092	0.00085404459914235	0.00666538374073052
1226	chr10	93201614	93210958	9.2888765003988	9.02828515943709	9.50952133900563	-0.386866387177137	0.000856197259843401	0.00667707127204126
3802	chr15	4025112	4029145	8.37631628439832	8.627747142558	8.07162037767421	0.432661087545706	0.000856672312831293	0.00667707127204126
9151	chr6	42341659	42345837	8.73102270614412	9.21983577050371	7.98612484509701	0.603327587067525	0.000859394724983927	0.00669387479921561
2955	chr13	30908359	30916934	10.1285129532506	10.3641918248868	9.84666952116672	0.407886793840537	0.000862765233715818	0.00671570092331101
8031	chr4	141544799	141548988	8.75556332638609	8.97241512313858	8.50025021990857	0.380317838433022	0.000863359785022473	0.00671590468717942
4620	chr16	59470467	59485632	9.94860515042609	9.75842220430816	10.1166122511865	-0.301931716243025	0.000872406384486755	0.00678181173624704
7970	chr4	135962764	135966985	8.80407016914121	9.01485966074924	8.55712467176687	0.37043651093901	0.000873885456151608	0.00678669256964219
8848	chr5	135872257	135875469	8.21418439675294	8.79970431127913	7.21251086196449	0.578459980248496	0.000874182979942063	0.00678669256964219
8710	chr5	121225546	121231624	8.49969788791894	8.21669933986073	8.73618314118237	-0.407881276687152	0.000875366471995171	0.006791418406497
1196	chr10	86725735	86729710	8.53859801349118	8.78045611031867	8.24786273758761	0.414894032936357	0.00087783530799385	0.00680610367405205
4261	chr15	99428586	99433948	8.52344988367102	8.95786592812654	7.89893147606216	0.591087007962311	0.00088430256142551	0.00685175020708448
8939	chr5	143042346	143049465	8.52866446085891	8.23963178904873	8.76934435309574	-0.417196222690204	0.000887870184087115	0.00687488472816078
11461	chr9	100453331	100463426	10.5572508856086	10.7415588739111	10.3459001645302	0.327226548373369	0.000895266266327877	0.00692761375437472
9205	chr6	54845311	54857090	10.3906395354638	10.6123878378483	10.1285064133027	0.386464277669226	0.000898247973566009	0.00694613747097903
6957	chr3	32434342	32442992	9.43202127231081	9.16653739028235	9.65616077676837	-0.392724806433089	0.000899480063628131	0.00694644616312834
8778	chr5	124324234	124332268	9.2937140039357	9.48854952730623	9.06839580567753	0.344040110611452	0.000899659398192115	0.00694644616312834
2603	chr12	79378429	79386845	8.83263264840131	9.05846553199827	8.56476776984749	0.391292075315665	0.000900376256697046	0.00694644616312834
11372	chr9	70888266	70895074	8.98911296855403	9.19661413761004	8.74667141989431	0.364074682809142	0.000900639431441488	0.00694644616312834
9695	chr7	16283888	16287319	8.20460426070831	8.48500681744904	7.85622548996041	0.466302780570897	0.000902332081651565	0.00695496143300384
6089	chr2	24860921	24871928	8.55252120838812	8.30444141953539	8.76413604923965	-0.371093315721909	0.000903858558805396	0.00696218561332761
9383	chr6	99092682	99098305	9.7315361326614	9.92163319149459	9.51253408491746	0.336317179825351	0.000908156258017093	0.00698978770491237
698	chr1	181850177	181854939	8.65342956605537	8.87768374378883	8.38778465838395	0.389884696633539	0.000908625077415826	0.00698978770491237
9862	chr7	43463847	43467824	8.12510363462911	8.38649636601625	7.80563455403444	0.444414363012413	0.000912379453347254	0.00701172228230393
151	chr1	53194072	53204534	9.67457354487975	9.45216844648098	9.86722813054578	-0.342605152442003	0.000912663242229472	0.00701172228230393
2594	chr12	76884356	76888338	8.74770028894823	8.97668420761514	8.47538689772137	0.395751713039433	0.000913718005022887	0.00701526442322965
5666	chr19	4092065	4122869	12.0921759873782	12.2551228500158	11.9084534906101	0.291794641181197	0.000917705278373513	0.00704130231770223
5731	chr19	6972710	6982738	10.2344824398677	10.4328703626894	10.0043971578092	0.349728842516806	0.000920140093076796	0.00705540255664856
5299	chr17	84405354	84411544	8.57617998383842	8.33060722327842	8.78596912421265	-0.36748133649502	0.000921896494002554	0.00706428597479519
2924	chr13	24545102	24552076	8.86867479222104	9.40193171439244	8.01352366185134	0.592664187569056	0.000922551501770741	0.00706472361952241
11638	chr9	122237912	122248998	10.185134862832	10.4174236163802	9.90813054456157	0.402088231512298	0.000927126316637002	0.00709515839208732
9009	chr5	150858876	150861764	7.78825020044496	7.45375490863008	8.05960232901425	-0.458271804359774	0.000933301900829527	0.00713779628492018
1774	chr11	69119268	69124545	8.20902650040094	8.51289292709795	7.82359819904387	0.496569479012889	0.000943166910421999	0.00720857711096141
6340	chr2	68872030	68876448	8.39377651496882	8.64491990706777	8.08950317034704	0.427331546740155	0.000945784013316529	0.00722352006191331
3014	chr13	43236746	43255634	11.3794098983379	11.574769039689	11.1533907650961	0.344985561957498	0.000946528703125549	0.00722352006191331
2706	chr12	100164068	100169250	8.67994547063045	8.89670628338876	8.42475856669629	0.377377732529752	0.000946956040614735	0.00722352006191331
4299	chr15	102742870	102748628	8.2041937314928	8.50231097751267	7.82798796755558	0.488126968845578	0.000952047322160568	0.0072576717152576
5073	chr17	46683794	46688417	8.48122258799996	8.72026879247925	8.19454511738357	0.410416288031926	0.000954646830811358	0.00727279623008834
10197	chr7	112512466	112517782	8.60970514323419	8.87135569645482	8.28985034155122	0.440065029887776	0.00096327623326965	0.00733380926051172
5595	chr18	75018371	75023631	8.80531050630085	9.01889229796695	8.55452127950145	0.373605496467661	0.000965248925209168	0.00734304487121382
8590	chr5	110645827	110656018	9.1333772264447	8.8873147428767	9.34352343032428	-0.37013017457446	0.000965732204626462	0.00734304487121382
9410	chr6	108568392	108573076	8.8873638671733	9.12702409334906	8.59980195762765	0.414291385411087	0.000967027419482531	0.00734455888068894
1326	chr10	118878933	118885227	10.1250279793607	10.3548056958726	9.85159023134085	0.397535728963195	0.000967174476840893	0.00734455888068894
947	chr10	42884497	42891040	9.7437335075174	9.95434330767158	9.49703475902774	0.367838893327472	0.000969802015903557	0.00735724466029181
7931	chr4	133296017	133301460	8.90086868420652	9.11407034147675	8.65060377042352	0.372798776463704	0.000970090316582146	0.00735724466029181
11139	chr9	31028868	31032792	9.29193420046678	9.49969122715358	9.04914308051956	0.362583912310536	0.000972307406041215	0.0073693292557941
4205	chr15	93553694	93558772	8.1586365182132	8.44230273442583	7.80519670780394	0.467418648570689	0.000981148583159489	0.00743050114084693
8734	chr5	122391617	122402050	10.4107050915109	10.6051706942231	10.1858817247082	0.342480813479278	0.000981636110431792	0.00743050114084693
1366	chr10	127270321	127275303	8.36567311850567	8.58246332614767	8.11044544344358	0.377102086695599	0.000989616391631077	0.00748611221735775
1245	chr10	95744213	95749020	8.35870045194514	8.612950326054	8.04984967019906	0.429850997656291	0.000992880926332352	0.00750600193572813
8995	chr5	148737577	148742817	9.26601248344017	9.48737602244674	9.0044172812558	0.383867421436605	0.000996304005211911	0.00752706401891556
11353	chr9	69288508	69356265	13.2747936271985	13.0794361827054	13.4468247271692	-0.306345459258094	0.00100754099267698	0.00760709544375153
10473	chr8	15023593	15031120	9.38076119064427	9.60396476960742	9.11659039738152	0.386933622478533	0.00100839990382737	0.00760871855914698
9294	chr6	83790813	83796316	8.41783202265498	8.67198108928365	8.1091301651373	0.432468456514154	0.00101607527286143	0.00766173926236801
55	chr1	36291807	36296093	8.31804880571894	8.53370748448553	8.06438914795667	0.377621496526875	0.00101811058799736	0.0076721905024087
4120	chr15	81094837	81100325	9.17244407293869	9.41946478566595	8.87420809078079	0.41995103631249	0.00102149072295965	0.00769275613925505
3263	chr13	94357475	94361155	8.41245154441765	8.64888516758418	8.12952700190023	0.405695403967702	0.00102534141916724	0.00771683707571984
1416	chr11	3701883	3704727	7.8899961602083	8.1385454995424	7.5895265735079	0.422471393000884	0.00103067772811262	0.00775206113009465
1312	chr10	117916605	117920282	9.35260495012821	9.60170122025416	9.0513347804394	0.422801780252148	0.00103535546799383	0.00778229020980604
2209	chr11	108265279	108293877	12.1062819222023	12.2518668724015	11.9443396550709	0.261661256401647	0.0010393670025933	0.00780747647974729
5554	chr18	66456772	66462701	9.35433775388441	9.56095136612742	9.11310771373632	0.36025922053265	0.00104480916612155	0.00784337046181207
8583	chr5	110250285	110257772	8.2563546476378	7.97701601355543	8.49028115752189	-0.404873464915953	0.00105294903944101	0.00789945768256187
3804	chr15	4082886	4087810	9.06983943393948	9.2797055083625	8.82416118038078	0.364589959018194	0.00105568244797381	0.00791287141595034
9266	chr6	72987459	72995635	10.1806990736453	10.386618007888	9.940416035325	0.359230451207794	0.00105607635603873	0.00791287141595034
11577	chr9	114932470	114935034	7.82310634787959	8.09981870746111	7.48041505823096	0.45877232852308	0.00106143870119923	0.00794800994510144
1357	chr10	127105915	127110228	8.91717304468212	9.14020479129935	8.65324310721909	0.384085559589602	0.00106214311047546	0.00794824762088542
402	chr1	120054507	120057975	8.57115805784146	8.82204262668625	8.26726499384181	0.42383491770612	0.00106371249644046	0.00795495370755724
552	chr1	155971559	155976273	9.16277639674451	9.37918340753654	8.90808006572817	0.375362573758948	0.00106595606975525	0.00796669001911956
9380	chr6	97385369	97389340	8.75511478240963	9.01613318367472	8.4362054220586	0.437071862548596	0.0010685657663577	0.00798114607792833
10350	chr7	135645565	135655394	10.355940037157	10.5788707099501	10.0921517417553	0.385086518119091	0.00107449172356209	0.00802033746406169
3776	chr14	120397945	120408470	10.4186909416828	10.6032449581376	10.2070164960062	0.325613849379172	0.00107574164111177	0.00802459799960645
8117	chr4	155305912	155309852	7.40978822237237	6.99910884864987	7.72909510863522	-0.504937875168591	0.00108329702003241	0.00807585967741513
11237	chr9	50772968	50776773	7.85861240589976	7.51807200020665	8.13392294416162	-0.455716522764796	0.0010922303642241	0.00813732281442118
10048	chr7	80916108	80922611	9.07431453826115	9.26987574255129	8.84802475671187	0.343485875425782	0.00109469591597303	0.00815055257916653
2379	chr12	8496840	8502743	8.91494455108672	9.39124875754561	8.19904338472143	0.583942018068731	0.00109595534488064	0.00815479115561059
7528	chr4	42948864	42954128	8.28481288902465	8.54794713408785	7.96273502233722	0.441920205777672	0.00110106428173298	0.00818764981306286
5151	chr17	56387000	56403502	9.43381361863362	9.21746473839319	9.62190936840441	-0.331925175509082	0.00110764850066617	0.00823143061878705
2650	chr12	84215389	84223954	9.55106752567016	9.72823950805638	9.34905108838174	0.313716916044081	0.00111319396485522	0.00826744179052748
10517	chr8	25942536	25978999	11.9319535640222	12.1048769507283	11.7354442399424	0.306537419127391	0.00111729325937848	0.00829267409096492
108	chr1	40460572	40482357	11.5846256682382	11.3320925228049	11.7994701131252	-0.373649780224711	0.00111954089358304	0.0083041401121012
10584	chr8	47672637	47678098	9.75723514384165	9.94397263557952	9.54268206168025	0.328573939028298	0.00112039539198979	0.0083052647125165
8192	chr5	24343062	24346055	7.63287316752966	7.9816427972179	7.17195928221802	0.527502632184173	0.00113535212821293	0.00840797311775967
4852	chr17	26233542	26245902	9.55260450346244	9.7529675475747	9.31985681071709	0.350448070442077	0.00113567409410498	0.00840797311775967
7958	chr4	134493438	134498465	9.18441828092316	9.42270160554766	8.89883838658065	0.405421624074547	0.00113988092172709	0.00843383404579038
446	chr1	128804712	128812757	10.1913527857911	10.3906825019576	9.95999905893397	0.347748482028351	0.00114290873810481	0.00845094471179377
7956	chr4	134113208	134131860	11.8794354969493	12.0551535678173	11.6793078420609	0.310725181547147	0.00114526799200313	0.00846309355441461
8091	chr4	151991928	151999253	8.3267888256464	8.58787306835391	8.00778104158964	0.43867587247205	0.00114962573531744	0.00848998605531933
2090	chr11	98957177	98965822	8.77133011897795	9.03842306164365	8.44329273072413	0.447224562834503	0.00115061675305197	0.00849199722302438
11414	chr9	86560034	86562969	7.87030127722266	8.13935433171696	7.53929786713046	0.446296665041886	0.00115269729450258	0.00850204196744227
10390	chr7	141623724	141633354	9.22840471398395	9.01272862928128	9.41599194035116	-0.331456781144513	0.00115636262935107	0.00852375597530392
10638	chr8	70185373	70194155	8.08786972172248	7.72329778307585	8.37864880461101	-0.473309721383441	0.00115792141535623	0.008529924840305
1746	chr11	62493004	62497033	9.05677653487581	9.32588871575138	8.72568349781989	0.445725503001589	0.00116432998612792	0.00857179010348129
5916	chr19	42088971	42092205	8.89424896919252	9.14015718379436	8.59763489544953	0.415560369126082	0.00116929998809665	0.00860301909050439
10989	chr8	124253563	124262536	8.7206984490985	8.93743727805683	8.46554203571618	0.377779216573837	0.00117601918499637	0.00864349298680424
11481	chr9	106157446	106161368	8.20435270791133	8.43019464090648	7.93647508726325	0.386785056991769	0.00117626410991716	0.00864349298680424
4918	chr17	29329916	29350350	10.675468788659	10.8702681632639	10.4501989585673	0.340500955506983	0.00117990552567202	0.00866486245577413
5795	chr19	12539012	12543060	8.72749744407337	8.97888550313923	8.42286446325831	0.421745630852626	0.00118460530303576	0.00869119651970917
6849	chr2	170171307	170176551	9.30383841415601	9.54125662860748	9.01950146695635	0.403230941090522	0.00118496255867057	0.00869119651970917
11446	chr9	96711581	96721875	9.78963626940778	9.97708806271919	9.57413927485085	0.330116894016305	0.00118594755964089	0.00869302504014691
5123	chr17	51405795	51410578	8.21180612926163	8.49021346539903	7.86650706310805	0.455317062005832	0.00119598628247784	0.00875715161960163
6303	chr2	59199345	59204810	8.03983214491402	8.34321807944198	7.65517829788566	0.482937990630679	0.00119617829333421	0.00875715161960163
8092	chr4	152006166	152014812	8.88332115453365	9.11724745489128	8.60398281950349	0.400526960797435	0.00119935028515721	0.0087749368231688
8208	chr5	25526682	25533101	8.93801548867811	9.14053382369925	8.70235273020499	0.351746976930156	0.00120262778850877	0.00879347150310622
9173	chr6	48671533	48750945	14.2824038011369	14.4225880549386	14.1271174808295	0.251852775292704	0.00120592343635107	0.00881032901507117
3742	chr14	103068518	103072432	8.69033854550207	8.88972459054979	8.458908891046	0.346660800956123	0.00120642453845507	0.00881032901507117
6279	chr2	49448979	49453641	8.48923764421819	8.70625066714181	8.23370085664926	0.375638102709608	0.0012087259543138	0.00882168367892022
1315	chr10	118080572	118086193	9.23938787334475	9.46936110039116	8.9656729693438	0.392001927483609	0.00122437299365127	0.00892791221441787
3623	chr14	63161877	63171357	9.59181968548575	9.78680054877527	9.3663069893183	0.339655729254478	0.00122479229007882	0.00892791221441787
4280	chr15	100698567	100711484	10.0108661748291	10.2412876697211	9.73651546282297	0.394029012532946	0.00122961646071847	0.00895755123295283
4580	chr16	49932109	49941495	10.1413043972253	9.89539000718679	10.3513426462635	-0.364064367531176	0.00123049777484201	0.00895844837186271
7621	chr4	63567373	63574881	8.47078151127803	8.22677564592646	8.67942679821987	-0.363459815548298	0.00123136436574572	0.00895923728180504
7117	chr3	89226816	89233461	8.75734065996856	8.96556936352971	8.513904716102	0.362312029060051	0.00123843531330531	0.00900513948431726
3377	chr14	14629302	14636007	9.63581154861806	9.42380196303233	9.82062016643956	-0.324821901653217	0.0012394186164838	0.00900674684647758
11541	chr9	110354100	110359018	8.08369610648837	7.73333074993521	8.36538197783935	-0.462357447431909	0.00124378079351676	0.00903289112243027
8680	chr5	117243372	117250823	8.87035132701616	9.10438232270278	8.59086354966351	0.3972172342101	0.0012475915141204	0.00905500081747334
202	chr1	61044865	61052715	9.41449394804963	9.16903763939165	9.62419815095646	-0.363279645248204	0.00125014294019084	0.0090679490370135
390	chr1	106864586	106869007	8.02185137599576	8.2828133444309	7.7030263658786	0.433170075388126	0.00125229766952128	0.00907363495758356
3349	chr13	117022347	117028638	9.287665086897	9.46894854610744	9.08028363157384	0.318705940709449	0.00125246264521148	0.00907363495758356
7307	chr3	129599902	129605801	8.88342613589445	9.13283736603087	8.58169459650326	0.417557719573001	0.0012689623749736	0.00918609797420055
2949	chr13	30624309	30633460	9.67092933605936	9.85832514615462	9.45550635960518	0.327095648256331	0.00126954112998218	0.00918609797420055
5992	chr19	55252931	55270202	10.9608574319378	10.7733829577413	11.1267480016215	-0.294614037131606	0.00127336415531319	0.00920812170084498
9505	chr6	121267745	121273075	8.4448172976593	8.68680570278217	8.15389350644343	0.408710628104399	0.00127576027676997	0.00921980637939689
5259	chr17	80321792	80325122	7.88601711322837	8.16071418629184	7.54641631351609	0.449511733988923	0.00127693834667342	0.00922267940360215
5185	chr17	65883239	65888851	8.94687438900415	9.18810718685101	8.65704314573935	0.409327631295223	0.00127891802015421	0.00923133495793659
4086	chr15	78981099	78990175	9.27913537414467	9.48363330376231	9.04078613204224	0.353425770857607	0.00128005932370027	0.00923393221541052
956	chr10	44701326	44711130	10.3317508171609	10.5397276719932	10.088659234826	0.359676884591855	0.00128902555425238	0.00929293834597076
9276	chr6	83007756	83012377	8.06144100667975	8.30129389595029	7.77360139513508	0.404809592806507	0.00128989080965761	0.00929350597982579
4008	chr15	68163716	68170888	8.13710890466578	7.85135899534209	8.37551046407457	-0.40540810135853	0.0012959410871217	0.00933026760544888
942	chr10	42499640	42505071	9.41919828244094	9.59801047396041	9.2150457790708	0.313319730563598	0.00129728922372443	0.00933026760544888
4590	chr16	52440797	52447223	9.21621837034311	8.95254760689952	9.43906516103934	-0.383816082182933	0.00129744610224051	0.00933026760544888
5834	chr19	24989582	24994949	8.5955474412953	8.82454894968208	8.32320915170251	0.389898175477036	0.0012981516539741	0.00933026760544888
4040	chr15	76193983	76209613	11.061140622016	11.2301224081487	10.8697073440609	0.298058810027003	0.00130826722912056	0.00939725567129999
3423	chr14	25479459	25483696	7.65641614041289	7.95601255934376	7.2778466959612	0.478124833973802	0.00131116607958624	0.00941235625540159
3612	chr14	61770457	61780156	10.7118821181953	10.8921690456943	10.505804263948	0.316555417060346	0.00131531447328869	0.00943640304576757
8127	chr4	155740661	155762440	9.94011028924839	9.73826039028972	10.117154212236	-0.312839427265202	0.00131799390158413	0.00944988831378524
6585	chr2	128150379	128154894	8.18975411716248	8.47591218431898	7.83243039229681	0.466123127259534	0.00132010393259689	0.00945927717863245
1657	chr11	53328733	53334383	8.32190596084887	8.56505917958947	8.02929519629332	0.407672691171123	0.00132426891125072	0.00948337057899305
5884	chr19	36900226	36905074	8.70692161735475	8.93075763983498	8.4418637400664	0.386446819189296	0.00133364806875263	0.00954475201719022
3254	chr13	93091877	93097819	9.87600259152562	10.0836106736292	9.6334149883334	0.357781593470569	0.00133647924334144	0.00955922441847608
8080	chr4	149755577	149763904	9.98686602347955	10.1965601603494	9.74142351459305	0.361044194678415	0.00133761466959204	0.00956155773496644
3333	chr13	111866409	111869937	9.03019362543731	9.23575813775729	8.79039332874245	0.35445905561647	0.00136120774150539	0.00972432326095994
882	chr10	26321674	26327008	9.00698915380738	9.27256663107726	8.68123802684134	0.436851108169501	0.0013621420072484	0.0097251177991825
8479	chr5	92276281	92279214	7.60075994436162	7.91706703054288	7.19504239735606	0.492652016464138	0.00136489411323218	0.00973888215093687
11451	chr9	96888354	96891043	7.71040126333371	7.99177388214198	7.36052124085434	0.460143780173416	0.00136617237395002	0.00974211995811309
11093	chr9	21231968	21241834	10.1334259958899	10.3400790650399	9.8921421347806	0.356600724215061	0.00136832478870025	0.00975000898107249
4566	chr16	45344464	45349266	8.13901690068738	7.82768052506415	8.39494671195619	-0.426249673044142	0.0013689289860866	0.00975000898107249
5618	chr18	79091165	79095124	7.91389618643572	8.22192683999297	7.5217276691758	0.485347576185712	0.00137198009193211	0.00976522334949135
4159	chr15	83600633	83606627	9.45096568679152	9.64361082680079	9.22857318269924	0.334416015657525	0.00137288152569052	0.00976522334949135
5600	chr18	75409332	75411719	8.00809574179697	8.24509669611695	7.7243576443896	0.399977097995051	0.00137354444878594	0.00976522334949135
11419	chr9	88518989	88522884	8.00475343152407	7.69015671506436	8.26287947178724	-0.429047615147484	0.00138161698794722	0.00981670855657508
11357	chr9	69448376	69463047	10.6175731333614	10.8066294560566	10.3999518744131	0.329442451372315	0.00138252094290313	0.00981722804167267
743	chr1	191383193	191387229	8.15612713358441	7.88762233200441	8.3824143197651	-0.386883899283638	0.00138548022531057	0.00983233293830015
8264	chr5	33597604	33612805	9.81708411050543	9.58970548489864	10.0134575648446	-0.342505410758809	0.00138864619288913	0.00984888560334813
7593	chr4	59210265	59227842	10.3383284713368	10.518787703356	10.1320253675577	0.315741746834772	0.00138998131093403	0.00985244101379511
4174	chr15	86053360	86105790	12.9728003967426	13.1494494393459	12.7714638166991	0.310062796004346	0.00140545896960276	0.00995617696932026
6746	chr2	157869282	157891266	10.2282534868846	10.021228053302	10.4092649446265	-0.318082997962351	0.0014064310135605	0.00995709338300233
11670	chrX	12671011	12675816	8.4964408096782	8.73045205339438	8.21698122834258	0.396459176434197	0.00141122552345024	0.00998505436232815
11020	chr8	126891295	126901125	9.38591047900217	9.12521233993594	9.60663181901737	-0.37616569210765	0.00141219647013496	0.0099859446386084
267	chr1	82793742	82797145	8.70989461574739	8.96008417073076	8.40702188017134	0.416425329312928	0.0014148217846195	0.00999852524345936
7887	chr4	129882131	129884769	7.79632248903857	8.05694777479777	7.47800054802486	0.43082622501183	0.00141738377418042	0.0100079972034689
6479	chr2	105393771	105402526	9.55094841878086	9.76025809690782	9.30603280279978	0.359902932680366	0.00141785606961806	0.0100079972034689
1076	chr10	75562760	75567432	8.98470993238602	9.19732031695639	8.73525989833767	0.363394190583983	0.00142106403677412	0.0100246523334466
8365	chr5	64226990	64231551	7.72978243614515	7.99182790062372	7.40933648338604	0.435038962096281	0.00142626738038135	0.0100524025717742
6115	chr2	25946244	25958961	9.27311397155466	9.05248219891655	9.46443715146927	-0.334947577566433	0.00142677871687547	0.0100524025717742
7068	chr3	83958561	83967323	8.46922533170192	8.22878262373517	8.67526144783915	-0.356384319425493	0.00142755006054817	0.0100524025717742
9467	chr6	115988030	115995443	8.71577339890795	9.18391456160917	8.01835338126875	0.562818462757434	0.00142866131052893	0.010052866529759
7294	chr3	123173201	123177225	8.27674847952548	8.5298968526761	7.96952356301613	0.419755780269162	0.00142931751607948	0.010052866529759
4610	chr16	57398872	57404056	8.01928883420798	8.25201060185754	7.7416679599705	0.395392751216683	0.00143863221277215	0.0101097666594484
1369	chr10	127319382	127332142	10.7856740138766	10.9766005808246	10.5655697608494	0.332111894484441	0.00143911878141437	0.0101097666594484
3635	chr14	64647149	64653602	9.29215781298588	9.49193187258461	9.06020495144997	0.344740088334027	0.00144037636540581	0.0101125889088741
3889	chr15	38052871	38058070	8.00904707352763	7.68727424165627	8.2719779614003	-0.434117696947052	0.00144494518119034	0.0101386414851218
9915	chr7	48907609	48911346	8.03124885914532	8.31048964920505	7.68466464008121	0.451292948118611	0.00144674292335202	0.0101452310874347
8652	chr5	115540911	115546403	8.30237939367773	8.55811667253244	7.9913282486333	0.421896943860996	0.0014488625864387	0.0101540689925028
695	chr1	181244822	181249237	9.0662282146606	9.28124714617247	8.81345379029924	0.366897925292	0.00147070217929554	0.010301017753738
142	chr1	52452190	52458822	8.98103907801285	8.75250362828206	9.17827432229846	-0.342267971793147	0.00148475328311272	0.010393272981789
3900	chr15	38633182	38637968	9.04994419047372	9.28841996905214	8.7640875407951	0.399766507054838	0.00148953174004517	0.0104205488693746
468	chr1	133796707	133801594	8.30967011132923	8.05857480161277	8.52347370733114	-0.366998813208984	0.00149442014415624	0.0104394657870713
10471	chr8	14984114	15000955	11.3886471222385	11.5809474007198	11.1667143053671	0.333819095859732	0.00149457700088171	0.0104394657870713
8553	chr5	107644318	107653083	10.2645384904047	10.4491944458965	10.052729875563	0.321739066398177	0.00149488626537955	0.0104394657870713
2503	chr12	54396411	54401266	8.57493075162692	8.7788951817354	8.33730637080532	0.350397272412598	0.00149657150836102	0.0104450613956254
1997	chr11	87717731	87729888	10.9685930003209	11.1544309385905	10.7552270894719	0.323339871001794	0.00149751961645707	0.0104455087296675
10300	chr7	127214577	127221557	10.043583740562	10.2177969932758	9.84540640083252	0.305004607620996	0.00149861082061698	0.0104469530716285
2044	chr11	95713012	95715676	7.55359643944179	7.84241957678175	7.19209974604871	0.460556291971774	0.00150339403859337	0.0104694104398663
8659	chr5	115691781	115697382	8.50357564337284	8.26622384179218	8.70733933411824	-0.350756432219655	0.0015036043937418	0.0104694104398663
8464	chr5	86781664	86784850	8.37178727271409	8.62962655633873	8.05761695200579	0.426373968555711	0.00150647356565839	0.0104829081832833
2162	chr11	106133608	106137583	8.3418277014657	8.07506226820432	8.56687924718209	-0.381065047725465	0.0015073172819396	0.0104829081832833
10396	chr7	142339363	142343071	8.01130774137428	8.29585626615685	7.65649468602638	0.456295938305763	0.00151019550110433	0.0104940670622263
1787	chr11	69877991	69883549	8.87817207707522	9.1347198338552	8.56591959653691	0.425381582432516	0.0015106980427257	0.0104940670622263
2719	chr12	100835647	100841920	9.00427769644591	9.24669454581159	8.71273378672664	0.404316544400208	0.00151187871352016	0.0104960980487392
5612	chr18	77820398	77824692	7.76181533778013	8.08026961615959	7.35254900933779	0.489688757085313	0.00151523990939801	0.0105127539482509
6631	chr2	132685838	132693727	10.4312723603034	10.6480175029119	10.176107190283	0.369813489286357	0.00151605727215805	0.0105127539482509
11347	chr9	66665040	66668892	8.14845552917319	8.420152315659	7.8134355539244	0.440208901231056	0.00152454336200136	0.0105653984547848
2513	chr12	55057904	55063100	9.56643480778613	9.765207373851	9.33583170762653	0.342435919706379	0.00153488978521265	0.0106263612218418
2403	chr12	13517024	13526666	8.71445720161438	8.4556287866722	8.93383781861933	-0.375351179922177	0.00153513867685206	0.0106263612218418
4144	chr15	82192487	82205681	9.21054531113401	8.9842354786831	9.40612148256464	-0.339473734231661	0.00154484596333271	0.010687295025023
7329	chr3	133328216	133336145	9.66993040451281	10.0533307165825	9.14623405288634	0.535415959650071	0.00155000112133778	0.0107130959330521
8740	chr5	122643119	122648297	8.89257155257905	8.67682669001807	9.08021078287038	-0.325367578071504	0.00155038879870677	0.0107130959330521
2327	chr11	120913370	120922401	9.20860754941505	9.39961002905579	8.98840235398869	0.331769476523504	0.00155503493289529	0.0107389203781945
9735	chr7	24608008	24612074	8.06987685838188	8.33876159626697	7.73912854111191	0.439248769198912	0.0015633745245137	0.0107902064145174
8075	chr4	149483963	149490506	9.07980516905038	8.86508013306308	9.26667284726291	-0.324772927991293	0.00156430332643559	0.0107903141302761
7952	chr4	133886136	133888611	7.57282771379401	7.87650947507753	7.18769713472278	0.474171247549797	0.001565951549089	0.0107953812742332
3087	chr13	52082149	52086883	9.24451522191324	9.4474377995731	9.00830457633213	0.347650213931333	0.0015671204316104	0.0107958211972868
8900	chr5	140229113	140246552	9.82679556236942	9.58977074905792	10.0303183576338	-0.351176811850918	0.00156853673151546	0.0107958211972868
8017	chr4	139577882	139581913	8.31501951734312	8.03527801268742	8.54922822542128	-0.393774601837897	0.00156925333800348	0.0107958211972868
6690	chr2	153222064	153244012	11.1450225858682	10.9769276891388	11.2955599221899	-0.267136350348622	0.00156967000820403	0.0107958211972868
3738	chr14	101474868	101478832	8.50074808318175	8.78272573910082	8.14993041193658	0.451302902597957	0.00158025972564544	0.0108623321222958
8902	chr5	140266870	140279872	9.39430890089915	9.16715050438211	9.59051815625662	-0.340764619357381	0.00158163550420148	0.0108654680916539
2565	chr12	72083645	72087369	8.30948043327689	8.53549702333753	8.04135684731675	0.383644535363832	0.00158413724745746	0.0108763310377439
1538	chr11	23892919	23895993	8.14378028870128	8.36906919308258	7.87668101209155	0.382886909023725	0.00158597045733589	0.0108825940324512
2073	chr11	97805524	97811353	8.47365410798082	8.67278209649346	8.24257223954506	0.343769022537145	0.00159371556164687	0.0109253090911003
7461	chr4	22356062	22360038	8.45446039002242	8.66686897976426	8.20528828369894	0.362051299148906	0.00159404475906033	0.0109253090911003
10078	chr7	89252013	89255497	7.96198521424524	8.22222798801455	7.64423446505979	0.426092785241124	0.00159517435390449	0.0109267131395568
9121	chr6	37605774	37609495	8.29046565686264	8.52367548097164	8.01214931543817	0.392228867161107	0.00159683917001821	0.0109317796251073
1895	chr11	77799895	77803926	9.64413618486143	9.85741053054673	9.39377103857757	0.362987982925274	0.00161394679977675	0.0110361192008967
7066	chr3	83788801	83792599	7.84951676584615	8.10144991113068	7.54408202033075	0.418078964332185	0.00161394837332003	0.0110361192008967
4435	chr16	20297840	20302398	8.57510536824968	8.33155943821465	8.78341448824427	-0.358986931738153	0.00161657092301513	0.0110476587775285
1668	chr11	53850354	53854387	8.28976298042913	8.51762931044661	8.01903004153867	0.382599623766717	0.00162313293619269	0.0110851092371898
6769	chr2	163128871	163133294	9.24427685128052	9.01112374625434	9.44494009586593	-0.347378367193268	0.0016239272249133	0.0110851092371898
9037	chr6	15707948	15732945	11.328889022847	11.1693101308063	11.4725614735166	-0.255246626196628	0.00162577948400066	0.0110913454866927
10574	chr8	46772497	46804162	11.1781571245312	11.3601993898541	10.9697816507684	0.316327210822062	0.0016273561348906	0.0110956953778807
2984	chr13	37540317	37547033	8.5042252402618	8.77444358100823	8.17145372081318	0.436616352127089	0.00162991411009993	0.0111019958595991
4726	chr17	3202273	3218271	10.2547732392036	10.4629269438986	10.011439858777	0.356056390797657	0.0016301593446517	0.0111019958595991
1158	chr10	81406247	81412839	8.57496565524306	9.05077568991021	7.860193045298	0.55175980693159	0.00163447534264565	0.011124977332201
4943	chr17	31293592	31309929	10.80202678752	10.961259905078	10.6230130033776	0.280114943501422	0.00163664259830641	0.0111333154528432
6655	chr2	144654827	144661351	8.93506036318811	8.66520962661763	9.16230194979942	-0.385711585120072	0.00165054180529885	0.0112214050468419
4386	chr16	14360316	14367739	8.91968670558461	8.70213360383224	9.10869161118181	-0.326099666508161	0.00165361973734616	0.0112358659094205
6496	chr2	112711564	112716973	9.72310287282905	9.96492817967445	9.43241502720517	0.402210439808991	0.00165577081175366	0.0112440160411961
3698	chr14	74865240	74870110	8.6688620539009	8.90239701363893	8.39008208624283	0.389622112596496	0.00166053496700654	0.0112698915394309
1756	chr11	65805201	65809588	8.48656099771052	8.76062620761281	8.14792692646054	0.4417471092825	0.00166388182101383	0.0112861237641214
3361	chr14	7910666	7916310	8.53317757618563	8.2532170704878	8.76753963141324	-0.394171301816367	0.00166783788945989	0.0113064672988285
11427	chr9	92271985	92276068	8.79536355477009	9.01064796871472	8.54222188966832	0.36428032658164	0.00167027595693154	0.011316502699027
11600	chr9	118387023	118406949	11.5193215161497	11.8911514153669	11.0170757508816	0.525102510469742	0.00167559735532548	0.0113460506306738
7646	chr4	86709482	86714699	9.11748646760777	9.35842130132934	8.82808567219664	0.400403365739034	0.00167831512162249	0.0113579447176926
6030	chr2	6348449	6362566	10.9479630110331	11.1334512889587	10.7350580956955	0.3210718342542	0.0016858859746966	0.0114026495002948
1161	chr10	81533028	81545418	10.5036619053084	10.7151176291443	10.2558009135828	0.359968541340436	0.00169461918849536	0.011455160372575
10105	chr7	98689635	98706638	10.6508668347825	10.4273587784475	10.8443480731787	-0.333890330865254	0.00169861655478857	0.0114756164730599
852	chr10	19580691	19586058	9.15210434941125	9.37225099010881	8.89220817490006	0.373392500829878	0.00170413547605942	0.0115063227343532
3732	chr14	87023045	87026535	8.14607216821961	7.8551654564787	8.3880487686057	-0.404412568926229	0.00170782257534487	0.0115246325244289
5520	chr18	60707913	60719814	9.45555475889257	9.25821965399018	9.62911704725089	-0.303986728016164	0.00171106420474951	0.0115363481800287
1115	chr10	79679820	79692408	9.92125324575177	10.0981334714721	9.71961618184876	0.307091060115165	0.00171151137098767	0.0115363481800287
10434	chr8	4491899	4495750	8.55732513145928	8.79027319182883	8.27938186718605	0.389092631040397	0.00171333165250131	0.0115420335267705
5040	chr17	36841798	36847835	8.01581857790333	7.75013452645106	8.24010062829344	-0.377947779139498	0.00171455765525068	0.0115437112560923
1204	chr10	88583070	88587133	9.23192596367187	9.47243745593809	8.94313636638846	0.39884851582394	0.0017443271331192	0.011737454103039
9391	chr6	103330347	103342175	10.1515231577156	10.3704403703075	9.89334002329056	0.37023051528107	0.00175064094024819	0.0117732346897966
6299	chr2	58905816	58909073	8.41174863972428	8.64973969112879	8.12658887213622	0.394305278494244	0.00175609055665717	0.0118031661077709
7808	chr4	121072040	121076861	8.50407292716596	8.2039811651621	8.75236397213996	-0.411928402906592	0.00175947939202591	0.0118192202934498
5019	chr17	35739207	35744273	8.75421565683015	8.96620903035316	8.50561512838957	0.35871151627137	0.00176123831016146	0.0118243135641294
7470	chr4	32162285	32167359	9.13127260080362	9.36285837298934	8.85526828247254	0.386305840949812	0.00176919027885633	0.0118709553293393
2914	chr13	23682009	23687024	9.33235434895336	9.5418974828778	9.08711882623194	0.356309505500567	0.00177023708671695	0.0118712380344197
2820	chr12	112604628	112624670	10.5074756307794	10.6949702919802	10.2919219540146	0.323759409306034	0.00178751105794219	0.0119802783100652
4650	chr16	84600588	84612577	10.9795709973245	11.1662599985125	10.7650819535925	0.322296973494226	0.00179046913303943	0.0119933011768673
1617	chr11	49079441	49103976	12.1217293629874	12.2561287230996	11.9735111993543	0.239268783131681	0.00179235959741645	0.011999162041401
7142	chr3	90584946	90593875	10.4998150660616	10.3034298556437	10.6726423706857	-0.301864915219092	0.00179634004638639	0.0120189999932625
9384	chr6	99170322	99177591	8.87399468397525	9.06556126840404	8.6530390009949	0.329044546074031	0.00179769619245503	0.0120212666723535
4207	chr15	93578386	93586886	9.69163803543673	10.0579795166725	9.19939774032708	0.517451455477009	0.00181299784718992	0.0121167322185499
2884	chr13	19353813	19360051	10.3515710864777	10.5685369907898	10.0960996762447	0.366484062970683	0.00181737598970526	0.0121391264524349
10318	chr7	127839774	127845126	8.68678605178005	8.91235928995287	8.4192866875594	0.379525472543889	0.00182067758062573	0.0121543086399286
3452	chr14	30191652	30198295	8.61234000788832	8.8253223329692	8.36237746583828	0.359337818848843	0.00184430448433862	0.0123050828836506
3022	chr13	43483931	43486330	8.09995655322147	8.33620966522138	7.81729070112806	0.390988701789454	0.00184703824721831	0.0123140552619503
4865	chr17	26936494	26940734	8.47696056916113	8.70151613626352	8.21089230001648	0.378458323671354	0.00184773357984409	0.0123140552619503
10108	chr7	99127258	99131122	8.1955830998987	8.46065819098552	7.87058855464138	0.42654629867917	0.00184878175263596	0.0123140953715595
7089	chr3	87762989	87770092	10.3105167956549	10.4991587185453	10.0934446938814	0.324322678485181	0.00185309652606063	0.0123358808743281
3338	chr13	112410586	112420807	9.8916374828846	10.0562970745603	9.70573410210796	0.288612826362817	0.00185550489082166	0.0123449582150612
11214	chr9	45235021	45236926	7.50368010753356	7.88276538626455	6.98804096898665	0.521092150624919	0.00186569591650525	0.0124057754358053
8007	chr4	138255942	138260313	7.62492795628363	7.92976701225958	7.23792991256007	0.471358476362283	0.00187286764796796	0.0124464590148422
8413	chr5	67843557	67849068	8.80219875243383	8.99314216951744	8.58207209456298	0.329117950705914	0.00187555676467114	0.0124573236263936
7586	chr4	57294507	57303106	9.26726280977792	9.46809975176883	9.03387504071909	0.343895543655842	0.00187696042730002	0.0124596429263916
9243	chr6	71385792	71388910	8.37105750885474	8.6066444680939	8.08934563868793	0.390903512021696	0.00188789954561877	0.0125191745849582
3448	chr14	30135942	30139025	7.91531491516745	8.19443519355516	7.56891663707066	0.442436426727114	0.00188804748733883	0.0125191745849582
559	chr1	156670658	156676255	9.95224239294101	10.1390132313433	9.73764526903172	0.320991515479751	0.00190093269451461	0.0125975438689763
6884	chr2	179944865	179950905	8.09197783324874	8.309052285017	7.83635580515981	0.365288740660314	0.00190446932777131	0.0126139067135346
8856	chr5	136134466	136156558	11.2400336041677	11.4032437131226	11.0559762883207	0.284646737638718	0.00191466781390178	0.0126743500779067
5020	chr17	35753267	35761475	9.15066674299592	9.32319116045629	8.9546726619673	0.299596016429979	0.00191809121781789	0.0126899024802554
9397	chr6	108230421	108254117	10.0207998299221	9.79080840494547	10.2191180084975	-0.339681603952366	0.00192346182936323	0.0127183128012064
977	chr10	57793376	57797123	9.52928139755154	9.73168598359625	9.29377274269607	0.343563435979353	0.00193353716058913	0.0127777824885465
7469	chr4	32146740	32152448	8.93366079048682	9.16396574293973	8.65947542431182	0.384307834201862	0.00193571202490831	0.0127850046318147
9079	chr6	29852631	29855205	7.98726593132228	8.25202149295539	7.66275224654445	0.425456223023217	0.00193784521109035	0.0127906814001432
3522	chr14	47661324	47667735	8.40749769668404	8.15913052885194	8.61932146639058	-0.360281776116583	0.00193873649184635	0.0127906814001432
9134	chr6	38873171	38877333	8.18421694461138	8.41796983488661	7.9051260775803	0.388307242463927	0.0019432431767939	0.0128132596969848
5616	chr18	78275379	78278828	7.76872734048671	8.04203200691042	7.43125545486984	0.434575184142515	0.00195139990128686	0.0128598668341359
7712	chr4	106982851	106989214	8.59625712598213	8.32937334284626	8.82139282780966	-0.376299256226529	0.0019648499151523	0.0129412857287846
5369	chr18	10607285	10611800	8.69854957057933	8.91897625028983	8.43826271103128	0.36855248129108	0.00196629353178192	0.012943579037067
4886	chr17	27818142	27823144	9.11107106536279	9.3543228474445	8.81831740062251	0.399535189083435	0.00197768091695917	0.0130098089550258
4469	chr16	27385497	27406880	11.52620846263	11.3500300598378	11.6831948341863	-0.275351645524571	0.0019785567613559	0.0130098089550258
4201	chr15	93269337	93277280	10.0516346456129	10.2742715956052	9.78825783001633	0.372495524284828	0.00198402590545726	0.0130385150716813
11548	chr9	110688524	110705267	9.86210613542944	9.64587554958673	10.0501125041465	-0.324239032824228	0.00198724666784683	0.0130524216938733
4701	chr16	94400852	94405695	8.34664920980145	8.59412680385366	8.04774625014492	0.403079660013502	0.00199495553759772	0.0130908438244191
7672	chr4	95275061	95280387	8.75027940932637	8.94741369073674	8.52187957088712	0.335180291507493	0.00199531226538412	0.0130908438244191
525	chr1	151680076	151691695	9.56033350555598	9.75206565308248	9.33915742682726	0.327127539929388	0.00199731208430948	0.0130966923352946
1808	chr11	70644056	70661170	11.3337319036603	11.5067411701262	11.1371116286945	0.300254797575823	0.00200784699431417	0.0131584692650118
8828	chr5	134320752	134338011	11.1838906803299	11.3312693696541	11.0197254167854	0.25919575011062	0.00200956395261543	0.0131624210998359
633	chr1	171625983	171654549	11.8676240530797	12.0225036724219	11.6940953100814	0.271155635432275	0.00201812857769962	0.0132111951657057
9459	chr6	115691227	115699871	9.51676798923086	9.7409829972154	9.25117808766937	0.374542909856008	0.00202459804374198	0.0132417671644017
8140	chr5	3354173	3358248	8.1448075280933	7.89213581367563	8.3597521886007	-0.360958902303902	0.00202504005298526	0.0132417671644017
1388	chr10	128457730	128461631	8.52304701797807	8.77859016993354	8.21228337008274	0.413914726125591	0.00204035275084981	0.01333451775666
2606	chr12	79485607	79494794	10.1881929963453	10.3406545621126	10.0176946995371	0.266840290123445	0.00205272411541938	0.0134079536472058
11199	chr9	44477038	44480494	7.7462596624043	8.02913998197402	7.39404123345973	0.446667695132544	0.00205810309981283	0.0134356608991096
2737	chr12	102598566	102688125	13.3989753459043	13.5543484549808	13.2248267245566	0.271844847980245	0.00206265282982716	0.0134579270222185
1903	chr11	78341738	78350343	9.3902599446583	9.58168076430211	9.1694982533356	0.326449828016746	0.00206940723066726	0.0134945451642187
10314	chr7	127706619	127710112	8.16467730960468	8.42214326640931	7.85106179539603	0.416122931163202	0.00207912256716659	0.0135504204377498
5729	chr19	6917231	6923115	8.75552081458494	8.97625892527502	8.49479926137434	0.370376126670237	0.00208217675403141	0.0135628448322134
2785	chr12	108888431	108896491	8.85550934455845	8.61576096764323	9.06103572587553	-0.350755854210914	0.00208420653105085	0.0135685864302462
8741	chr5	122649048	122655825	9.04911669739359	8.83745518343716	9.23366088770545	-0.317342689847238	0.00209940204471505	0.0136599859913838
2306	chr11	119809209	119820465	9.02218384359345	8.80597721650074	9.21017210795623	-0.32394448817813	0.00210633101911151	0.0136975274198247
5314	chr17	86960818	86973423	9.66628367057575	10.0313911105942	9.17627831804547	0.508116036008496	0.00211629998760626	0.0137547858380394
10422	chr7	145107912	145115555	9.17685864452866	8.96073532588557	9.36478395301406	-0.321729712963969	0.00212113374854534	0.0137758472650422
3729	chr14	79498139	79502216	8.47162519920286	8.69159716220279	8.21197262721796	0.367456083647223	0.00212187220907048	0.0137758472650422
4941	chr17	31071367	31079193	9.45862748406666	9.67104509590509	9.20944295377486	0.35804384870236	0.0021253315959432	0.0137907293452305
8504	chr5	99335385	99341276	8.54942252655897	8.74389901605545	8.32458460107628	0.330644517788365	0.00213269803308476	0.0138309330180733
8292	chr5	34826253	34838380	8.86912083971061	8.60281071111175	9.09384851767062	-0.376264132559412	0.00213985727027333	0.0138697495916345
2497	chr12	51854847	51858126	8.08046375221906	8.33541939943253	7.77056959995817	0.410351550870546	0.00214104953922799	0.0138698691642094
803	chr10	9818264	9823910	8.02254631742207	7.71076689840707	8.27877505934202	-0.415926838882064	0.00214404783117412	0.0138816817387142
11027	chr8	128470366	128477757	8.50281967200302	8.26139131889557	8.7095786576611	-0.349339640643389	0.00215560391103317	0.0139467917617655
1958	chr11	84378429	84402414	9.73767686946329	9.49626552858405	9.94442338565683	-0.350081291786265	0.00215646483994123	0.0139467917617655
6000	chr19	58102861	58106951	8.03532313684372	8.26693898915478	7.75927605331846	0.383669258265606	0.00216126544112533	0.0139701928076241
8207	chr5	25496422	25501324	8.40345725638958	8.63902299081844	8.12177576417638	0.390420834910005	0.00216361246095402	0.0139709453893978
7304	chr3	129550406	129556215	9.20588871483399	9.44787666043306	8.91496558847842	0.395042740441756	0.00216374662005738	0.0139709453893978
8634	chr5	114687399	114691692	8.54867688309356	8.76752220266903	8.29059381370052	0.364172145226845	0.00216634492251067	0.0139800827986816
1254	chr10	96272886	96276850	8.32974059518899	8.5710602057425	8.0397838988084	0.39664322995971	0.00216972820649475	0.0139942731921081
2683	chr12	87438915	87445898	9.46460769723809	9.2401673457478	9.65878681728398	-0.332189074305168	0.00218486372870598	0.0140842061202345
7447	chr4	11718899	11724014	8.1450397899319	8.35982929869114	7.89258259541498	0.359949033039704	0.00218888204824125	0.0141024156390505
3231	chr13	83607186	83610894	8.38820098505671	8.64072568785333	8.08189527283127	0.408042165085357	0.00219928065741259	0.0141616895084399
11700	chrX	50593755	50602312	8.43219189157748	8.713967356547	8.08168767480674	0.441124048515824	0.00220111062997158	0.0141657533789457
4504	chr16	33198722	33202782	7.91694995736585	8.20756499246441	7.55263635602354	0.447878288302063	0.00222047507645483	0.0142825985320579
1800	chr11	70236456	70240959	9.353963003668	9.55058775086635	9.12624722212973	0.332973732046509	0.00222845055441258	0.0143260999733074
3210	chr13	73780267	73789181	8.39310776438909	8.11292183427398	8.627627623162	-0.388024422326574	0.00224011413339797	0.0143932510061068
1693	chr11	57496056	57502796	8.29568924080107	8.01683884884412	8.52927357272328	-0.387096431714384	0.00224229016882735	0.0143994025189478
214	chr1	64734418	64739689	8.26290987213903	8.52375652881735	7.94425719308442	0.418169390390584	0.00224744421653856	0.0144246609791524
6590	chr2	128364111	128396703	12.6704461122261	12.804800540487	12.5222826018032	0.237657109524698	0.00226753589321719	0.0145457134170762
7394	chr3	152477509	152480359	7.84528937798967	8.10763491603334	7.52439396844501	0.419491913386894	0.00227588545101578	0.0145879831272016
7544	chr4	44165460	44168129	7.8867784695026	8.13014688921455	7.59385566901068	0.398882479099503	0.00227659452323627	0.0145879831272016
3126	chr13	55456930	55466451	9.54022075779314	9.75939021390833	9.28168644127457	0.364339167235337	0.00228399389320116	0.0146274644130433
3098	chr13	53008395	53011899	7.74678441844654	8.0007077532484	7.43841594408353	0.408331901589452	0.00229145624128328	0.0146673060384633
2709	chr12	100301255	100318240	9.74473434998788	9.53944847622685	9.9244150752393	-0.309033142303452	0.00229573163754583	0.0146867163125292
7623	chr4	63835237	63866553	12.5134149988291	12.338721207176	12.6692218074178	-0.271732780966456	0.00230133890512841	0.0147146214843059
8849	chr5	135907298	135922599	10.6154178455055	10.7970846022171	10.4075344302766	0.310606771580867	0.00230435511626688	0.0147194091779151
884	chr10	26771865	26774928	8.27881432750647	8.48939048705354	8.03216176555375	0.353301242238763	0.00230457912822808	0.0147194091779151
9004	chr5	150221481	150224456	8.26335752856696	8.46675134066924	8.02650774235913	0.343643842571706	0.00230832293598576	0.0147353559219923
4010	chr15	72863224	72867709	8.16327497772317	8.40963668079136	7.86600013531686	0.399648813758341	0.00232058061656991	0.0148019513279195
6272	chr2	44424440	44428914	9.29006689353137	9.53570090905704	8.99385210212609	0.398236333497111	0.00232126064748094	0.0148019513279195
6164	chr2	30076594	30080983	8.18193273604263	8.41483646089045	7.90405264444265	0.385379463589725	0.00232993978528962	0.0148492818246937
2043	chr11	95675410	95680392	8.5653402118995	8.34125610163311	8.75925275603548	-0.329782393652134	0.00233534829393514	0.0148757280006132
6771	chr2	163202998	163204796	7.68235355818886	7.95353930210734	7.34811144576737	0.428919479710048	0.00234048334489627	0.0148946576153899
11546	chr9	110611311	110660969	12.3376174904911	12.4975842890086	12.1576756382872	0.277505992492772	0.00234196209034564	0.0148946576153899
9476	chr6	119174621	119177363	7.9522324724768	8.20249228077535	7.64925665527693	0.403132046762858	0.00234210171372668	0.0148946576153899
3672	chr14	67932096	67934791	7.53812899197251	7.84744942359526	7.14386247304969	0.465888140220365	0.00234777143768087	0.0149226827905525
7201	chr3	101908211	101925966	10.7993330180052	10.9591399837117	10.6195934370404	0.276790791714776	0.0023512003678484	0.0149363011575113
11280	chr9	57959438	57976573	10.9239523031837	10.7607186718094	11.0705798649688	-0.256804988061776	0.00235271501351521	0.0149363011575113
7339	chr3	135587901	135598457	10.023280645338	10.2343831637344	9.77590513128006	0.352695271548713	0.00235370622505805	0.0149363011575113
10549	chr8	35624088	35636232	9.96082311441634	10.1177129358601	9.78476633373502	0.272686114650962	0.00236542160228629	0.015001536893132
941	chr10	42477187	42479815	8.14453302150351	8.38224854582547	7.85976911911722	0.387320295385065	0.0023675900391549	0.015001536893132
7978	chr4	136080799	136083200	7.9236892016779	8.17545809361912	7.61849613441548	0.405542248778827	0.00236779504956764	0.015001536893132
4117	chr15	81025190	81037808	9.99100885071055	10.1790845867523	9.77468645980055	0.319364624531608	0.00237182698496257	0.0150190287536536
851	chr10	19573825	19580521	9.44629308950009	9.67121473037385	9.17971031056329	0.373730181077387	0.002376923356435	0.0150432385536347
371	chr1	105970181	105973419	8.8570832358616	9.08311478366366	8.58893858194273	0.371673522713077	0.00238940153149338	0.0151141158972836
3425	chr14	25514157	25530275	11.2938936771258	11.4518672415002	11.1164706723427	0.273856033712828	0.0023948983917825	0.0151407808439283
4289	chr15	102202092	102205451	8.16248348582801	8.40413461564069	7.87204754079619	0.391329138087385	0.00239725312547363	0.0151429425177956
5278	chr17	83770147	83775196	8.34620246138151	8.57638774735781	8.07218683968713	0.379971350630753	0.00239780344031785	0.0151429425177956
9350	chr6	88937668	88942671	7.96299234247087	8.23745417294893	7.62375158083316	0.434069733947098	0.00239939247127612	0.015144883248183
5640	chr18	84290775	84295848	9.68945959941348	9.87531008252544	9.47607714451118	0.31602749384803	0.00240873973801813	0.0151957654802041
4371	chr16	13654620	13663674	8.41301642029197	8.12436214338133	8.65343414293682	-0.394225634389001	0.00241590659772135	0.0152328454421961
994	chr10	59985734	60005561	10.9671652919857	11.1151986219065	10.8021871831667	0.258227385616959	0.0024205415155207	0.0152486228500075
1363	chr10	127206261	127212301	8.58918359591358	8.80004957833376	8.34213304067692	0.352333739741454	0.00242098988376897	0.0152486228500075
4070	chr15	78327323	78332864	8.2290132683842	7.93741077639636	8.47147057655694	-0.393539971018727	0.00242272121410801	0.0152513979040492
6132	chr2	27185420	27190464	8.30080276974215	8.53928338232072	8.01493916744787	0.388285505427011	0.0024287247264746	0.0152810497167326
2476	chr12	36130378	36142031	9.94547601105583	10.1044910983931	9.76673781780522	0.275025118816738	0.0024315219791445	0.0152905075601764
3788	chr14	121708667	121714615	9.14922117024038	9.35610454341689	8.90762309483468	0.345423244953561	0.00243335950987291	0.0152908335401646
7196	chr3	101226521	101241415	10.9304409460323	10.7694296847411	11.0752731806323	-0.253972320766776	0.002434161974361	0.0152908335401646
64	chr1	36544925	36549235	8.86577798196334	9.07041331337682	8.62724195077937	0.342729143624975	0.0024385791914438	0.0153104419373538
9963	chr7	66224498	66236407	11.5448392185181	11.7461106527291	11.3108641623624	0.338993809247363	0.00244205684018854	0.0153177873896644
8632	chr5	114593016	114597826	8.52599372416005	8.97133961985581	7.87843466383105	0.5193369945611	0.00244325931533761	0.0153177873896644
1480	chr11	6702652	6708546	9.16095891717353	9.35803535311438	8.93263676557942	0.334988317900152	0.00244386878246824	0.0153177873896644
129	chr1	51529376	51533118	7.95815346418199	8.18534976594768	7.68836663869139	0.375442293036556	0.00244545670231714	0.0153177873896644
6302	chr2	59170001	59184044	9.26976462163875	9.50109444793775	8.9941240966246	0.378551714627249	0.00244623094146045	0.0153177873896644
2780	chr12	108756750	108767884	10.6539078443802	10.847065210302	10.4308320893124	0.327213890323613	0.00245157096536577	0.0153420210547637
5200	chr17	71182003	71186351	8.15823176357048	8.4072826634098	7.85702803416881	0.400329191470588	0.00245269784804067	0.0153420210547637
6179	chr2	30592099	30598886	9.44823441360452	9.64275196915217	9.22334156899701	0.329108361333892	0.00246589908649296	0.0154164357703708
7854	chr4	126464910	126469320	8.20025861882649	8.40358276843069	7.96350334764535	0.342893235701475	0.00246979529945487	0.0154307209742103
4097	chr15	79831290	79834832	8.01164976914829	8.28004906046088	7.68163675300529	0.423008881620416	0.00247079587704857	0.0154307209742103
1146	chr10	80852638	80858879	8.42780233474488	8.6550330193604	8.15796698474214	0.372729667242852	0.00247212589477514	0.0154308714065838
1564	chr11	32722430	32737191	9.12171925536179	8.87074207882061	9.33543725525407	-0.357692039307173	0.00247673364420358	0.0154514702956227
2217	chr11	109428743	109435957	8.80597736545258	8.56632425935916	9.01143377163789	-0.343277065706448	0.00248263579878001	0.0154797506758485
10109	chr7	99139055	99142776	8.5779340335002	8.79866298024437	8.317225274486	0.366919823014006	0.00248388687215715	0.0154797506758485
819	chr10	12990413	12997357	8.70709746303143	8.89889739183194	8.48583113761428	0.327011775698235	0.00248520260567929	0.0154797859719065
4002	chr15	66967629	66973094	8.29969111925477	8.52871564824339	8.02732024273855	0.377676056825137	0.00250810032920724	0.0156141799209235
6613	chr2	131157262	131161703	8.03775334584841	8.27340954014979	7.75594237562827	0.386362298418584	0.00251999610976109	0.015679975794069
4899	chr17	28457981	28480838	10.9420870663366	11.0980374912868	10.7672126640505	0.270252170166797	0.00253055800161976	0.01573740702481
6038	chr2	10151392	10154133	8.0260694270439	8.26364083264213	7.74151251474109	0.386166705976427	0.00253448520615542	0.0157501042893177
5850	chr19	29322306	29325833	8.16064186818122	8.40318028171095	7.86892192770142	0.391906784888954	0.00253677456008239	0.0157501042893177
1077	chr10	75587566	75594251	10.3707727585653	10.5732022804298	10.1352303238759	0.33931909324926	0.00253752296871548	0.0157501042893177
6050	chr2	11705061	11707615	7.91935381381751	8.14976855424089	7.64501268566783	0.377415693695475	0.00253793149685688	0.0157501042893177
2027	chr11	94208827	94212977	8.42142562625076	8.63612647582679	8.16909099129784	0.356088018281982	0.00254125370375339	0.0157537372633465
2487	chr12	41023633	41028505	8.65366212464736	8.44235815917816	8.83793457102299	-0.315014102404012	0.00254207407079331	0.0157537372633465
10678	chr8	71785633	71790944	7.29283445425425	7.59898528871033	6.90371492069522	0.45768245212338	0.00254251666902519	0.0157537372633465
1953	chr11	83991810	83998359	9.24322475936409	9.03768278760094	9.42310157289512	-0.307717220915244	0.00255454736373619	0.0158199851414606
405	chr1	120165512	120170918	8.45853637541875	8.65730118447009	8.22794372118083	0.333049282256448	0.00255885155747124	0.0158383394463489
6861	chr2	173081802	173087872	9.43000273408531	9.63237642768158	9.1945359264297	0.339546771791295	0.0025689620118183	0.0158864825755655
1035	chr10	67544243	67550884	9.11370090799206	9.3077320087504	8.88945838245732	0.327342270538705	0.00257022123317753	0.0158864825755655
1396	chr10	128694224	128700385	8.82791166518339	9.02948662244854	8.59352610123639	0.337102676475821	0.00257066305725129	0.0158864825755655
604	chr1	165695054	165712574	11.6674190211414	11.866698220903	11.4361333811309	0.335171400420522	0.00257746513341664	0.0159158882267647
4910	chr17	28951081	28955340	8.77097504730445	8.99089160581953	8.51139972671376	0.362841398027224	0.00257944528550644	0.0159158882267647
1988	chr11	86955818	86961713	9.68642923876549	9.89570854424732	9.44155523369498	0.347982707788751	0.00257946225069858	0.0159158882267647
4855	chr17	26500883	26511077	9.73353793389061	9.93759817880361	9.49578341687391	0.343271079215427	0.00258485581532272	0.0159326504300139
10848	chr8	106167617	106170928	8.92381915453658	9.11120237072255	8.70841282817668	0.316300001223531	0.00258487566641305	0.0159326504300139
6657	chr2	145224568	145227647	7.9139069412859	8.14100963613448	7.64425220909819	0.372770789019056	0.00259146614878203	0.015959751116509
903	chr10	31312055	31316088	8.1346523069183	8.39027848645664	7.82376570896695	0.405767618749989	0.00259238775120428	0.015959751116509
4230	chr15	96707248	96711860	8.72112410597794	8.90663764447683	8.50818589554081	0.315919454093251	0.00259462823373582	0.015959751116509
9947	chr7	63996968	64003352	9.74804779635021	9.96122199749913	9.49782073961074	0.353428495224842	0.00259467517728621	0.015959751116509
8608	chr5	112366721	112380350	9.46220367496702	9.26974128724779	9.63198656801774	-0.292974497868907	0.00259799025927636	0.0159718277334077
2093	chr11	99141767	99148621	8.70329623283564	8.43637784760047	8.92845653725795	-0.36848675989515	0.00260180083472706	0.0159858257807888
11769	chrX	136989520	136994404	8.60180488678084	8.80147278615023	8.36999520679887	0.333642410849644	0.00260297298597136	0.0159858257807888
6101	chr2	25222916	25226545	8.12818562534883	8.35716716232561	7.85587560536388	0.377791903630801	0.00261868179725139	0.0160625421354001
675	chr1	180193818	180202745	10.2954066444025	10.1144277802083	10.456192250309	-0.277569737571453	0.00261903603470141	0.0160625421354001
3643	chr14	64948020	64951277	7.98284361987328	8.21719292685128	7.70290132260194	0.380822877141087	0.0026195428821019	0.0160625421354001
2961	chr13	33066728	33081635	10.9490560228865	11.0975200653469	10.7835426615246	0.259070716828983	0.00262635209342963	0.0160959420829691
2690	chr12	91266491	91271619	8.74045026192106	8.95486535732223	8.48851052214138	0.353980529423595	0.00263389554126192	0.0161338049328931
2082	chr11	98524350	98536538	10.2710690068068	10.4609194440233	10.0523943720042	0.321027525954917	0.00263565983699786	0.0161362469606045
6538	chr2	120498881	120504723	9.32733159796623	9.51586393500775	9.11040465661523	0.319248694951057	0.00263709939900517	0.0161366993778587
1485	chr11	11666451	11672255	8.72108317563559	8.48101941859602	8.92684114222417	-0.34272790986433	0.00264159199633	0.0161525394142915
6889	chr2	180433619	180440916	9.34052659836077	9.12935085233415	9.52470156653892	-0.314073214214639	0.00264242202842124	0.0161525394142915
1399	chr10	128802981	128811614	9.35962726665034	9.56580797561347	9.11898749722728	0.343681285646145	0.00266071398470593	0.0162559443863936
9407	chr6	108502978	108511849	9.46583332766276	9.24499538111697	9.65731144936116	-0.322854723534539	0.0026694196199632	0.016300703994566
2789	chr12	110551662	110562765	9.05145685597962	8.83982391261663	9.23597933643124	-0.314444516622359	0.00267419950606363	0.0163102374052699
7132	chr3	90229794	90233771	8.94343952764003	9.17706720980478	8.66452729623753	0.379682773739277	0.0026750692877785	0.0163102374052699
8375	chr5	64860011	64868476	10.0991684092812	10.309914294626	9.85228279790011	0.349628604414485	0.00267642103273445	0.0163102374052699
3346	chr13	113598315	113605049	9.51021443941385	9.70334518527785	9.28717420641847	0.32457652829811	0.00267650222823445	0.0163102374052699
6133	chr2	27196269	27200838	8.93857432618266	9.18582508708622	8.64000257349264	0.395382759317274	0.00267947350895145	0.0163199273101909
11356	chr9	69439682	69444587	8.56255365370573	8.78977864578314	8.29272633777402	0.369966356521929	0.00269597615327927	0.0164119805394888
11097	chr9	21315323	21356395	12.3786868631803	12.5262719440318	12.2142654194341	0.25671209262398	0.00270211890456634	0.016440904725209
10863	chr8	107288716	107295973	10.2082290307882	10.3596837754946	10.0389891723086	0.262552022823824	0.00270816170698154	0.0164691913173926
3272	chr13	95985670	95989588	8.4583280756901	8.21618059725221	8.66561392618656	-0.344210251426263	0.00271606968419998	0.0165019092693091
419	chr1	127229601	127235682	9.2508235057209	9.43504556306278	9.03958582274481	0.311173352236817	0.00271761526873258	0.0165019092693091
3791	chr14	121820486	121833602	11.2582396257078	11.411931104665	11.0862013599426	0.266464237573573	0.00271773150288384	0.0165019092693091
7257	chr3	108457798	108460249	7.87881313205848	8.11883541496305	7.59072928398799	0.38705519650913	0.00272148434758841	0.0165135231528305
8078	chr4	149677677	149706734	12.3354697114181	12.4691992042143	12.1880659552256	0.234984240935842	0.00272243932817482	0.0165135231528305
236	chr1	74348735	74354128	8.21121000569284	7.92418949198094	8.45049444354348	-0.386506318167794	0.00272499109594267	0.0165171737790692
2059	chr11	97096836	97151560	13.3232538205449	13.4460767393341	13.1889931575689	0.217868539729929	0.00272583690497504	0.0165171737790692
797	chr10	7912580	7927912	9.41209576005084	9.21424763331774	9.58605464382986	-0.297423750356981	0.00272830678118721	0.0165236662872927
10212	chr7	114413027	114423321	10.1155052867319	9.92678095544154	10.2823734348777	-0.285660784575342	0.00273048495182006	0.0165283863681894
2006	chr11	88464073	88472510	8.37255485427983	8.13440839094383	8.57690358515156	-0.342507647594094	0.00273995985179026	0.0165772481355626
11584	chr9	116170552	116177564	9.86477559981662	10.0464210171953	9.65692013831385	0.309182655177893	0.00274422530396524	0.0165945579281747
4891	chr17	28203921	28227529	12.067375682345	12.2220295888112	11.8941303006094	0.267652255994981	0.00274919166234589	0.0166160862824956
4189	chr15	88889192	88893737	8.17014569105335	8.41585644814355	7.87381916914332	0.396574009417732	0.00275644353189603	0.0166513991681409
5621	chr18	79262560	79264891	7.71368183376234	7.97650636054281	7.39206850021745	0.413196197463045	0.0027622779780857	0.0166781178278286
7901	chr4	132028497	132032619	7.92770697624265	8.15491190305041	7.65790797849315	0.36989031081881	0.00277115854761871	0.0167231917255683
1924	chr11	80056722	80064732	9.71048438742139	9.89346447687702	9.50087871522735	0.30914780874068	0.00277280199289148	0.0167245678141939
9404	chr6	108413453	108422009	8.37037311841943	8.06960407970927	8.61912709288508	-0.396413523123757	0.00278874300732036	0.0168121364155599
2442	chr12	26055757	26064283	9.85468734221913	9.64400150497215	10.0384897191755	-0.3123628872103	0.00280533711641756	0.016900370514075
425	chr1	127510982	127517223	8.58011715946927	8.83940185253084	8.26379542328384	0.407284657580588	0.00280732373963564	0.016900370514075
11255	chr9	54611230	54614883	8.76558820920666	8.95500263957145	8.54749209511599	0.319114133350871	0.00280766988144289	0.016900370514075
259	chr1	80610830	80627661	9.90423881585939	9.71834285776642	10.0688925860609	-0.283079006633756	0.00283827517198583	0.0170758958412345
6647	chr2	144007529	144012388	8.7553751127929	8.96773857002208	8.50626515387458	0.352218930480216	0.00284782406452276	0.0171166207794626
10190	chr7	110954667	110958082	8.42818643535333	8.67124237610326	8.13571668399336	0.387912769000672	0.00284794147363097	0.0171166207794626
4178	chr15	86293006	86306421	9.27358377571793	9.06752094569029	9.45385920875812	-0.307445011859293	0.00285464131389557	0.0171481656151449
5972	chr19	53004536	53021392	9.90267654622685	9.7196933181525	10.0650417836099	-0.279756944690374	0.00285919377791147	0.0171617791115991
4712	chr16	97200484	97208356	9.56339653643573	9.38535258022391	9.72186205616821	-0.273767190517384	0.00285981237904017	0.0171617791115991
3226	chr13	75823672	75827255	7.84266367194482	7.54028834409785	8.09251410950686	-0.40093143046171	0.0028624597831911	0.017168946598064
8227	chr5	30243555	30248043	8.73237068631285	8.93786026037079	8.49267242367291	0.339720095339513	0.00286446095469977	0.0171722326944355
10527	chr8	33382928	33387859	8.86401846095005	9.09418886627607	8.59002394477733	0.373591777740358	0.00286686503360348	0.0171779296333969
4549	chr16	43706254	43712719	9.95865288236817	10.1294882321527	9.76483651185528	0.291156292544479	0.00289491931113271	0.017337235975846
3378	chr14	14701553	14708960	9.50849882577446	9.32818696398426	9.66875789856785	-0.276481548369319	0.00289688204435679	0.0173402017406889
11256	chr9	54640521	54643719	7.93269603307593	7.67836715726357	8.1488378989046	-0.357022506891653	0.00290802743252011	0.0173927515522438
9613	chr6	143104138	143111985	8.78804729321007	8.99884083313962	8.54109623591749	0.34849475772211	0.00290860503277198	0.0173927515522438
7847	chr4	126122262	126127535	7.80510102456386	7.51347586112568	8.04757398962714	-0.39105490607556	0.00291848035725248	0.0174422131858486
2872	chr13	13522475	13527164	8.02381479558997	7.77540680524839	8.23566823804749	-0.350641627188331	0.00291982884915441	0.0174422131858486
9870	chr7	44485334	44492953	8.80216050758944	9.02257287942903	8.54189361348889	0.360041476476809	0.0029222675835324	0.0174479604684279
4288	chr15	102147320	102152125	8.71562088049381	8.90149612416751	8.50220577055115	0.313533310000858	0.00294479876512872	0.0175736071761419
1683	chr11	54997523	55000499	8.32102915448615	8.56259295777399	8.03071947597067	0.387350747277142	0.00294699639331786	0.0175778442117334
2302	chr11	119388449	119403491	10.1006460442403	10.2600239418908	9.92144920549357	0.273108214637751	0.00296060735405214	0.0176501193216348
5109	chr17	49991067	49999198	8.94278731937911	8.73929437185938	9.12109351948116	-0.304141739450208	0.00296867721906089	0.0176893040950194
8844	chr5	135700579	135705643	9.12211680517427	9.29822015903115	8.92148905364945	0.298899485437013	0.0029775172348455	0.0177281923761154
5560	chr18	67285874	67291900	8.8687908746461	9.08435513658613	8.61526192254904	0.355849110622815	0.00297820428796454	0.0177281923761154
3782	chr14	121096086	121113434	11.523928958426	11.3646083017753	11.6673920950445	-0.249853312611989	0.00298723813661495	0.0177730140091854
3537	chr14	51912039	51915994	7.82674754607093	8.10180625843083	7.48659296863203	0.423254395768701	0.00300506217002971	0.0178700627081384
9157	chr6	47575710	47597080	10.8122333023752	10.6645781076057	10.9461696822584	-0.234780737564891	0.00301615705304644	0.017922614628619
4379	chr16	14084659	14091422	8.97442807875787	9.14804061000632	8.77702799931808	0.295417287562396	0.00301693301424536	0.017922614628619
337	chr1	92101120	92108960	10.2534250384595	10.441727541423	10.0368024584034	0.31569437648971	0.00302292621355332	0.0179326850144511
10573	chr8	46733656	46763992	12.0014662252955	12.160862477854	11.8222461763094	0.273675291130601	0.00302303938458063	0.0179326850144511
3884	chr15	37352287	37356542	8.07573272234563	8.28249685262124	7.83429735027835	0.342013733914397	0.0030231811568032	0.0179326850144511
885	chr10	26794460	26802896	9.86530601424736	10.026064403884	9.68436164064694	0.275230654436248	0.00302719757301762	0.0179454672161803
654	chr1	173671288	173675948	8.44765240399513	8.67706198690592	8.17473627627671	0.369503523062536	0.00302837352988012	0.0179454672161803
11475	chr9	105070429	105080839	9.30994982857517	9.51256047595265	9.07416198712457	0.335408014844335	0.00303536221081549	0.0179778646030055
7589	chr4	57913770	57918261	8.81658611442491	8.99522235612868	8.61266302069501	0.301519192398361	0.0030481880012146	0.0180428372387608
10262	chr7	125185444	125193356	9.61382539741344	9.38908520949435	9.80822879639786	-0.325459125079317	0.00304938608376823	0.0180428372387608
7114	chr3	89177065	89192430	11.2171515206282	11.3784235065134	11.0355560286854	0.275996558987494	0.00305452358012173	0.0180641895008601
834	chr10	17547523	17551676	8.29533073880869	8.03500672325228	8.51578404478462	-0.362946670138235	0.00306831609030044	0.0181366798013957
8351	chr5	54002388	54006638	7.96189212894467	7.70413059653745	8.18050637809599	-0.357434674613866	0.00308432186519108	0.0182221735795489
1656	chr11	53295883	53303123	10.1385227182705	10.305911362131	9.94913213305149	0.285277067026124	0.00308738540560065	0.0182310995038709
3850	chr15	27679934	27682222	8.15600789768281	8.40750338784803	7.85121695619434	0.396610221210585	0.00308891851783595	0.0182310995038709
1890	chr11	77490635	77501930	9.69021375705016	9.87691173821751	9.47571285439915	0.313283696130063	0.00309338346746419	0.018248337020248
3989	chr15	64169188	64200610	12.1909720250801	12.0248203303176	12.3399493514124	-0.257613798728927	0.00309861648717047	0.0182700860341349
9181	chr6	50185142	50194862	9.26700594936385	9.03353907392759	9.46790143450871	-0.335929519615714	0.00310115410406589	0.0182759286252581
11156	chr9	33003506	33009680	8.5523606403097	8.32877406849108	8.74590068290713	-0.325549936452296	0.0031105605107596	0.0183222248230984
11311	chr9	63608554	63614097	8.30071341739598	8.54026184638158	8.01331260931549	0.382163409788317	0.00311660319768947	0.0183486713422515
8697	chr5	119320968	119322924	7.67371746952032	7.98042269934984	7.28369981371369	0.447908915442621	0.0031245750105782	0.0183864433889403
738	chr1	190897998	190904143	8.78014997651441	8.55541313927951	8.97455086962278	-0.327083835294549	0.00312751419186058	0.0183945782434169
9401	chr6	108362004	108372932	8.89919938272591	8.68785381021377	9.08350345737337	-0.312064315343142	0.00312941074838885	0.0183965758223695
4107	chr15	80679611	80685928	8.34169395732467	8.55589124986574	8.09005508298563	0.354861177066702	0.00313524542738619	0.0184217105768251
7236	chr3	105889395	105897498	10.5914448104644	10.740741351724	10.4248958744734	0.257433153717789	0.00313875877606593	0.0184330826213489
5994	chr19	56678348	56684599	8.77171154358915	8.55879818886384	8.95720622446907	-0.313968506540133	0.0031403008900453	0.0184330826213489
6082	chr2	23066530	23071876	9.9998020049007	10.1724168031164	9.80369123155702	0.292587015086994	0.00314744163426099	0.0184658244043832
9489	chr6	120178586	120182990	8.0458331871443	8.32303502455001	7.7023896183912	0.422017032040566	0.00314921686514988	0.0184670702127102
4837	chr17	25790356	25794567	8.90838383318844	9.10781439443396	8.67689416892339	0.329622208690169	0.00317544236827842	0.0186063680934608
760	chr1	192135895	192139005	7.78530281328611	8.06443992811126	7.43887856013329	0.426634176288815	0.00317612089069994	0.0186063680934608
6784	chr2	164848613	164851346	7.62104974078846	7.91358914189769	7.2537009396579	0.43578459165507	0.00318097787748653	0.0186255870170371
9510	chr6	122553201	122558717	9.07424930320639	9.26330509226748	8.85662875165899	0.315225393191747	0.00319352956933939	0.0186886151494444
2064	chr11	97434584	97437031	7.54098000535277	7.84539869290728	7.15466074057398	0.446700945595452	0.00319490543346967	0.0186886151494444
9466	chr6	115970369	115974196	7.74010353193401	8.04045261518312	7.36032892870326	0.441584394648165	0.00319660406733852	0.0186892991883582
5126	chr17	51800435	51835992	11.8380967919632	11.6636755510699	11.9936868149397	-0.267025882979783	0.00320517209808862	0.0187301253763675
3095	chr13	52925436	52932316	8.19382848702844	8.47215034729555	7.84866111462946	0.423443579484329	0.00320895335683998	0.0187326496015834
951	chr10	43737225	43743229	8.75762782973647	8.96335201946368	8.51761007854004	0.338329089085254	0.00320994865369406	0.0187326496015834
5876	chr19	34548801	34554014	8.060863781572	8.27283601904103	7.81229233812221	0.347389339991713	0.00321036014245145	0.0187326496015834
21	chr1	13381061	13385890	8.31605690705246	8.0253244320625	8.55791306757459	-0.383536164387073	0.00321672196098415	0.0187544418473286
4446	chr16	21639631	21646246	8.37260282289109	8.14756623668904	8.56722784900475	-0.325535847245714	0.00321948396420993	0.0187544418473286
1498	chr11	17949794	17954993	8.34794112248859	8.54736442531434	8.11646124319198	0.33071833662064	0.00321948936115531	0.0187544418473286
2119	chr11	102187866	102194363	8.25296962205641	7.99915216312294	8.4687422707893	-0.353613670992367	0.00322044367876014	0.0187544418473286
4676	chr16	91403429	91416568	10.8463365368935	11.0185792264752	10.6507060926501	0.292151208147692	0.00323043727265223	0.0188033728146102
9874	chr7	44739989	44742993	8.09959585016818	8.38225930942898	7.74771415022433	0.425897979555827	0.00323360267971183	0.0188125304103767
56	chr1	36305976	36323123	10.7764269699434	10.9242013573097	10.6117704802571	0.255592568977845	0.00325865370414287	0.0189470424706655
11086	chr9	21024928	21034010	9.75510507287118	9.92028917054905	9.56853263977705	0.28183330050766	0.0032599303776966	0.0189470424706655
2219	chr11	109493842	109499078	8.87558540454891	9.06438423763926	8.65830541058492	0.316321570835121	0.00327145684795095	0.019004687372364
835	chr10	17563672	17568952	8.58015543062746	8.27276486219252	8.83341612594687	-0.399292015115188	0.00328670659238096	0.0190838943958592
7540	chr4	43954360	43976921	11.5219328810025	11.6794976963322	11.3450254395906	0.269614410941377	0.0033058404120959	0.0191855649849338
2696	chr12	99321552	99331280	8.78200555084177	9.01839512954579	8.49914413567599	0.379293211555872	0.00331532111855723	0.0192311410588474
10523	chr8	27152212	27162566	10.3317147997682	10.5011284287344	10.139726934496	0.286708367491682	0.00332303976156375	0.0192664562427072
2738	chr12	102689690	102706181	12.2556608651067	12.4074057416708	12.0860585697874	0.260818539896542	0.00333032013671505	0.0192991970257111
3477	chr14	31567860	31572924	8.95359732021792	9.12884190922419	8.7540838238428	0.295091121868601	0.00334594254691166	0.0193774649795646
7653	chr4	87952409	87956168	7.54139369233342	7.18919379795878	7.82426207742795	-0.428366030823182	0.0033471061292562	0.0193774649795646
2905	chr13	22607201	22611110	7.99418223180338	7.7177351492722	8.22607936135904	-0.372790854901745	0.00335250972458731	0.0193941654285491
145	chr1	52630294	52657814	11.361029166429	11.5101994878928	11.1946373259552	0.256970733273454	0.00335327352492602	0.0193941654285491
2246	chr11	115485982	115493287	9.42290443635692	9.60788827327857	9.2106641246695	0.309474260732289	0.00336357580092032	0.0194442327121695
6019	chr2	4577723	4582613	8.89158263833302	9.08358913901238	8.67004121390381	0.318362238232388	0.00337451475673964	0.019497929763147
2201	chr11	108033889	108043400	9.41286432920795	9.23480462164431	9.57134232318163	-0.271799902571388	0.00337986060950688	0.0195134538064674
9388	chr6	99431819	99437005	9.26445457145744	9.47466749997667	9.01830054121801	0.343081186853826	0.00338088422807768	0.0195134538064674
6397	chr2	83692477	83698807	9.79829220213843	9.95255167171008	9.62554175884499	0.264395936581973	0.00338215583917107	0.0195134538064674
6372	chr2	73494616	73498130	8.47017897232745	8.87381957287506	7.90774367684427	0.489934289848534	0.00339199303412273	0.019560658707269
804	chr10	10182936	10189178	10.1520359815462	10.345277630682	9.92884774801934	0.320882431488644	0.00340405526134001	0.0196206424234115
6567	chr2	126593503	126600732	9.96697455575658	10.1454520654448	9.7632583671916	0.299846819161046	0.00340863367918851	0.0196374527319802
6566	chr2	126494688	126503597	10.9231339672091	11.0839582461662	10.7421060909516	0.273762272273051	0.00342273107113333	0.019709059618183
1390	chr10	128502145	128507800	8.25211075396677	8.0251397870567	8.4481802305969	-0.32474361251567	0.00342537018069412	0.0197109269986166
5111	chr17	50024215	50038683	9.31541145598306	9.07753389430854	9.51956228064517	-0.337817274673354	0.00342639167697685	0.0197109269986166
1798	chr11	70207238	70211686	8.17306645205855	8.39755557565505	7.90709153434489	0.365444165956637	0.00342891040721432	0.019715817699097
1001	chr10	60282057	60286805	8.0142774107578	8.26316911885913	7.71330676115243	0.390346755466214	0.0034415024725135	0.0197785959217994
902	chr10	30801462	30804868	8.56314969883124	8.81561392894361	8.25693306275918	0.395092130480561	0.00344602140834426	0.0197872467426375
302	chr1	87617649	87628910	10.8552532180033	11.0069840534598	10.6856684668106	0.260159042709751	0.00344635695635985	0.0197872467426375
2014	chr11	88672237	88680517	8.60621391068963	8.38675520049915	8.79665478364693	-0.318488884862607	0.00344828321163175	0.0197886908346968
6821	chr2	167481629	167498094	10.4244928694421	10.5919542770879	10.2350091001885	0.283500253911513	0.00346182307133703	0.0198567482577273
5215	chr17	72994648	72999046	8.80554258471361	9.00117130509285	8.57916235060604	0.322691893500987	0.0034706392945043	0.0198976583715977
3774	chr14	120312336	120315512	7.85427243089762	8.09009106013246	7.57222891299075	0.37579254155381	0.00347337394495412	0.0199036792112405
8859	chr5	136184609	136192320	8.95742871734442	8.74914650462228	9.13939982895646	-0.305105735040176	0.00347872586177125	0.0199246848195294
4281	chr15	100726511	100730564	8.5411597863996	8.76869654023277	8.27089235801169	0.364008949942226	0.00350923490576156	0.0200896897512009
5420	chr18	32409164	32415905	8.21281469807388	7.97340428671875	8.41809281203151	-0.339028724906746	0.00351456947738683	0.0201086010835947
6060	chr2	17385412	17393241	8.92799785497156	8.73391261690672	9.09904198788116	-0.289817337499671	0.00351594192947755	0.0201086010835947
10160	chr7	102335300	102340160	9.23973791920686	9.46033873190975	8.97920803348672	0.355832558580913	0.0035192317962618	0.0201176791991434
9062	chr6	28777534	28786147	8.60787366603002	8.34770217517071	8.82821766419777	-0.358529110432872	0.00352345095336849	0.0201320582519353
8405	chr5	66163109	66171182	9.51307572493261	9.68669657572391	9.31566488608773	0.292891701327946	0.00353173680249152	0.0201696481673464
3604	chr14	60866450	60874578	8.7359426169879	8.51237178688034	8.92947087027342	-0.323093518579395	0.00353767396919082	0.0201937949854873
918	chr10	39367076	39527358	15.4017726579002	15.5288627631714	15.2623958391814	0.222682014875655	0.00354499655133809	0.0202258229119318
652	chr1	173594825	173600259	8.35904369580753	8.60488511925582	8.06252689896665	0.384850345647639	0.00356018495914536	0.0203026763886397
7101	chr3	88509151	88515771	8.95761767929794	9.14074977427778	8.74781243842676	0.306251037331304	0.00356415166693395	0.0203154925694605
5180	chr17	65781047	65788537	8.99560910250226	9.19219240749553	8.76794893283093	0.326336174558736	0.00357212288367657	0.0203511108936945
30	chr1	16664652	16667940	8.54320757383176	8.31539579789134	8.73990384991686	-0.32596769073678	0.00359217701655102	0.0204555005434057
4887	chr17	27824081	27828368	9.2291473612527	9.45120888878357	8.96657607928321	0.357927408089288	0.00359664162107312	0.0204710584752409
940	chr10	42273457	42278959	8.65479256037291	8.84702581886322	8.43294904884049	0.319942953451426	0.00360499032307843	0.0205086979573879
7211	chr3	103382710	103388416	10.2329428408074	10.4001369087729	10.0438013841396	0.282192359149536	0.0036088280648415	0.0205125266899853
3917	chr15	51833399	51848461	9.95723436178672	9.7894914641967	10.1074893926894	-0.257976928604011	0.00360933236450372	0.0205125266899853
11656	chrX	7647888	7650619	7.96687272539329	8.20392872457147	7.68305565200952	0.374712801851074	0.00361087131983493	0.0205125266899853
1663	chr11	53766769	53782355	11.0578767611942	11.223455050138	10.8708011388752	0.280522926455773	0.00361376265526043	0.0205190867537517
1993	chr11	87452566	87455706	8.03945810821862	8.25017910812876	7.79260667094243	0.343588256900759	0.00362363192753982	0.0205652424859801
3610	chr14	61676227	61694293	11.4201209640376	11.5701649271491	11.2526411401971	0.257431160396779	0.0036584316027932	0.0207527737967376
3882	chr15	36935658	36940016	8.05751012144836	8.26301403536439	7.81779233498627	0.33607294225653	0.00366610522023937	0.0207863240318371
7710	chr4	106952644	106961946	9.14446241143264	8.94056961282011	9.32307541406011	-0.3009857576701	0.00367797220773652	0.0208436065259543
7594	chr4	59228797	59233046	8.1959663404576	8.42270716066891	7.92682207298842	0.365323218311254	0.00368556128294229	0.020862640111136
11301	chr9	61961440	61966624	8.64242574765413	8.83020018631521	8.426502038135	0.312542850637794	0.00368630577742918	0.020862640111136
3763	chr14	118696901	118703037	9.45465329250814	9.65684483146561	9.21943319034002	0.33058859554137	0.003686627670282	0.020862640111136
9960	chr7	66102271	66131281	11.8343926662198	11.983106623165	11.6685685682427	0.254918940389083	0.00370376182693486	0.0209495690507718
4464	chr16	24846498	24863140	10.0952800420918	9.90164761052355	10.2659725183464	-0.289341799060675	0.00370589075884191	0.0209515814385052
11502	chr9	107617690	107637303	11.6895125280653	11.8470017267084	11.5127004273	0.268198696424921	0.00370973915884573	0.0209633084174659
4068	chr15	78169543	78176458	9.34679087640006	9.54241498257812	9.1204168243388	0.322511609402785	0.00371166447445355	0.0209641622515025
2520	chr12	55456101	55475538	11.3958012913051	11.5431700404477	11.2316483637802	0.252758991967746	0.00372007073855623	0.0210016033668325
10228	chr7	118792307	118801836	10.0925629432722	10.2757408993479	9.88269748162899	0.30471155020991	0.00372750967472812	0.0210335502944544
6442	chr2	93712004	93720150	8.55384552539019	8.33306079871357	8.7452836555302	-0.318501337962783	0.00372976545965099	0.0210362332559599
7622	chr4	63588822	63593630	8.39752365132802	8.60277263771288	8.15815288224423	0.333876618880085	0.00374885753035892	0.0211338266119852
9502	chr6	121208981	121212324	7.12582609981995	7.50526055408839	6.60953753029554	0.477396628118323	0.0037618324147569	0.0211968582798129
2786	chr12	110374205	110395465	12.1008571261592	12.2529356278514	11.9308378588649	0.259949627472205	0.00376434668338382	0.0212009153531283
1948	chr11	83301363	83304670	8.42784514279956	8.63279534834816	8.18888090171382	0.333409183310354	0.0037710859798568	0.0212287527098561
3259	chr13	93812478	93817293	8.33729631546566	8.54929463094101	8.0886889863363	0.343043460562859	0.00377350605640024	0.021232260744012
7716	chr4	107176367	107180230	8.65317682495934	8.84977843993983	8.42549208532478	0.323750578496213	0.00378121301739537	0.0212654988165367
11308	chr9	63242873	63256279	9.10737700695396	8.87852924046425	9.30484470872876	-0.326115329609834	0.00379026965699083	0.0213062922297829
8291	chr5	34783296	34786946	8.64636334018665	8.3781484616788	8.87244474305205	-0.363946277035559	0.00379650907318288	0.0213223823293233
4154	chr15	83544749	83551140	8.19062883090879	7.95239406216697	8.395042538816	-0.334146730308022	0.00379674106473394	0.0213223823293233
4611	chr16	57420410	57426548	9.15045344623882	9.35346676173628	8.91411977013398	0.331768659326961	0.00379980352295334	0.0213294434333571
6027	chr2	5839018	5848317	9.42553156081432	9.22822930874424	9.59906844352064	-0.292003987882239	0.00380622820660083	0.0213479468657185
5216	chr17	73004563	73010602	9.17784849857138	9.36980478668639	8.95637395242406	0.316938673368297	0.00380671327404103	0.0213479468657185
4548	chr16	43695398	43703292	9.89314039095682	9.69967835438233	10.0637004849858	-0.286526925888656	0.00381517650582474	0.0213690859612635
3967	chr15	61435891	61458503	12.0963343124554	12.2623492379913	11.9087009534641	0.280486352391026	0.00381520452789299	0.0213690859612635
6839	chr2	168512025	168536698	10.5672277435933	10.4068087297603	10.7115806903404	-0.24909427373301	0.00381590820736848	0.0213690859612635
6477	chr2	104588441	104596192	9.30141647732457	9.10528918398719	9.47404406958919	-0.291534921861181	0.00382356989310864	0.0213933680369249
6312	chr2	60018614	60020332	7.60114380410027	7.89019856589284	7.23928349739617	0.424501427125562	0.00382386537694527	0.0213933680369249
7403	chr3	153942381	153946009	8.30015683884108	8.50177572680296	8.06571184282604	0.331723398956358	0.0038370241191797	0.0214568277294025
3583	chr14	57613940	57620012	8.50854777642436	8.27876682027121	8.70670952899314	-0.327965272011324	0.00383963386339945	0.0214612647729082
11675	chrX	13279087	13284972	8.95147073549114	9.16599107963409	8.69938556991975	0.347326081599586	0.00384279967269968	0.0214688042234607
4892	chr17	28229054	28234787	8.63892829863526	8.83552427145844	8.41125113022515	0.321838782927344	0.00385951944352531	0.0215520235088351
8758	chr5	123680647	123685326	8.45708772656059	8.64589926005437	8.23979090338122	0.31177926695597	0.0038631309147287	0.0215620004196667
11203	chr9	44522363	44529658	10.0199268475012	10.175498216691	9.84552905450808	0.265210155787585	0.00387701904318829	0.0216292998179003
2676	chr12	86829103	86840880	11.1348971566292	11.3093674383659	10.9363870258175	0.292258488722487	0.00388035686270075	0.0216377049031015
395	chr1	118418099	118426201	8.73363701302503	8.53262459561196	8.91003655922913	-0.297017751877618	0.00389344338967803	0.0217004373077526
5793	chr19	12003955	12012376	9.49444197703247	9.66258385855561	9.30408624825649	0.283505367432737	0.00389675233487097	0.0217086400701723
3634	chr14	64626389	64629433	8.02237089278602	8.27745869214799	7.71228123444055	0.393132456456756	0.00390561581207456	0.021747764578451
10043	chr7	80686195	80690603	8.4787627171047	8.67946777423844	8.24555312967542	0.327488490942398	0.00391839580654104	0.0218086504239703
11315	chr9	63753052	63760744	9.46496418474225	9.62254114297034	9.28804143200871	0.269054574198418	0.00393941452224778	0.0219153116736722
1085	chr10	75915002	75923295	9.08022378934296	8.88833145337919	9.24956305314932	-0.286381206170653	0.00397776795023639	0.0221182616941144
8067	chr4	149062471	149068068	9.19260194622283	9.40103710008336	8.94888360950284	0.336890650029449	0.0039818522965329	0.0221305582012384
9896	chr7	45703403	45711085	9.04254918976137	9.26800052758609	8.77522137542142	0.359663573164014	0.00399656260640299	0.0222018729465246
2896	chr13	20327699	20335673	8.48005909516218	8.23547468062216	8.68912698067866	-0.341431607756733	0.00400192765309833	0.0222212298632565
4959	chr17	32198181	32211071	9.38948016539799	9.20446282083614	9.55344447742519	-0.278216882727066	0.00402823521653296	0.0223568000556851
412	chr1	121473721	121485319	9.76282358455291	9.94621726066041	9.55267479885564	0.303243818149229	0.00403369475305136	0.0223765902357065
10418	chr7	144481166	144522696	10.8570064320335	10.6565108473805	11.0330079852608	-0.294972630099496	0.00404464857405623	0.0224194322127505
5280	chr17	83812823	83818326	8.40396159892145	8.62405587276712	8.14413846173845	0.350952065375476	0.0040452123796195	0.0224194322127505
11307	chr9	63131289	63135233	8.535389562744	8.91825605518038	8.01269373370972	0.472705740853135	0.00405241135894565	0.0224488010395226
10746	chr8	83770978	83775857	8.65198418289351	8.87169500218959	8.39269566576507	0.350265272775501	0.00405825801738172	0.0224706545142373
1979	chr11	86482386	86486539	8.96901830684756	9.18771383877174	8.71114368262736	0.350453237182809	0.00406809777125931	0.0225065292252658
5658	chr19	3530769	3539990	9.02588406737439	9.24224285361881	8.77125458107359	0.347359772747058	0.00406854658303722	0.0225065292252658
6976	chr3	37255048	37296080	12.7947468230237	12.6404383690525	12.934133814621	-0.240350105530333	0.00408499127484925	0.0225869241476924
11026	chr8	128413990	128422761	9.34505126400506	9.15144629928184	9.51572240276637	-0.286863361625533	0.00408751449586157	0.0225903046225914
10709	chr8	77419026	77425011	9.67683323317735	9.88553274613316	9.43275315335613	0.337504052290375	0.00409155521910728	0.0226020647353771
8230	chr5	30674957	30681179	8.62069166317798	8.80477343913222	8.40963848021974	0.305653244123333	0.00410459411625868	0.0226523468567803
5226	chr17	73803617	73832122	12.2218704364584	12.3874422422919	12.0348030924286	0.278723776088984	0.0041048788997445	0.0226523468567803
9116	chr6	37053414	37057950	8.41298876353422	8.60441856442283	8.19221512080597	0.315449282113932	0.00410770329302815	0.0226523468567803
10060	chr7	81931347	81934656	8.03979470466405	7.77449140634107	8.26380558163742	-0.355338649436612	0.00410832594059582	0.0226523468567803
10051	chr7	80991520	80998128	9.59627488571762	9.75984901028516	9.41175435506488	0.276041079842613	0.00411053728164871	0.0226539685261013
6992	chr3	51265664	51279403	10.6565312217818	10.8226966445268	10.4687055364413	0.279076793724625	0.00411862607960612	0.0226788125368506
10581	chr8	46989448	46994538	8.61797890052057	8.39340696120609	8.81225645885761	-0.320464720292566	0.00411888386121204	0.0226788125368506
11636	chr9	122206408	122216417	9.94084284725007	10.1340562163185	9.71769235602534	0.316778523302239	0.00412143951687929	0.0226823145465513
1067	chr10	75227969	75234830	7.97084768368245	7.72583086271973	8.1802312270474	-0.34026221348716	0.00413546441024793	0.0227489047818853
9694	chr7	16271976	16278676	8.82060919620976	9.02359664622007	8.58431059271711	0.331599078007847	0.00414193566223886	0.0227739003187596
10579	chr8	46911426	46928161	10.449907240287	10.7889848001406	10.0058263537692	0.455095404552481	0.00417752545869194	0.0229589027069321
5846	chr19	29044080	29049372	8.83826248052078	9.02046329287433	8.62967916121747	0.302953894965716	0.00418199922366275	0.0229728046614593
11101	chr9	21446293	21454090	9.73406792103157	9.93388610313847	9.50205554283654	0.324944405593432	0.00418563409484651	0.0229779358406864
5781	chr19	11351685	11365439	11.1260294592627	11.2689663261209	10.9673577037532	0.244795776452876	0.00418682260198018	0.0229779358406864
3406	chr14	20769900	20800860	11.674385836965	11.8501656439923	11.474178069298	0.292904984794941	0.00420354317094354	0.0230494606112066
11431	chr9	95310561	95317359	8.81058511074109	8.98272335750953	8.61508943344919	0.287572997254744	0.00420375656881772	0.0230494606112066
812	chr10	12850231	12855017	8.08754232027186	8.3167215282557	7.81495245458365	0.360412020610385	0.00420825780869815	0.0230634388996184
1702	chr11	58204343	58226193	11.0462473886894	11.1992459885946	10.8750770373957	0.259556528057865	0.00421102259664569	0.0230678919805125
11204	chr9	44531346	44535597	9.64264394384939	9.82422427888519	9.43487373187778	0.299819457767549	0.00424180344941727	0.0232183558684524
4758	chr17	12885641	12895724	8.78205876618933	8.58592392090131	8.95469220703946	-0.288527791651838	0.0042424196276226	0.0232183558684524
7587	chr4	57303598	57309567	9.02098915942783	9.19351436984944	8.82499405466468	0.287389539652141	0.00425473209701856	0.0232694910468249
5599	chr18	75366188	75396749	11.8898248726181	12.0379312913361	11.7247559605654	0.252975536010932	0.00425570160394285	0.0232694910468249
7223	chr3	103974143	103983153	8.26433343874404	7.99889514379698	8.48844047470265	-0.357468680735614	0.00427121448812191	0.0233435108194489
9948	chr7	64010073	64014233	9.07812202843231	9.2864457770446	8.83455608916492	0.335147108121183	0.00427391507315599	0.0233474713381467
8985	chr5	147068992	147079993	10.1647103101212	10.3201169782377	9.99051951748671	0.263405009979522	0.0042976782580507	0.0234648743211876
1266	chr10	98876401	98881632	8.34016151645714	8.06357336394895	8.57215781401868	-0.367880883715472	0.0042993782079698	0.0234648743211876
6845	chr2	170050216	170055541	8.36025515756916	8.84515957122628	7.62450779310522	0.463682215064148	0.00430397379448601	0.0234791109675192
6306	chr2	59276748	59286125	9.1129610114065	9.32665012898266	8.86202369225546	0.341491118028669	0.00433210154240134	0.0236216482810403
198	chr1	60905363	60921111	11.6050729248846	11.7795940540481	11.4064969426995	0.290713786015093	0.00440110932711793	0.0239868578455837
1335	chr10	121472775	121478677	9.36756717015109	9.59039291715138	9.10392588964759	0.352570713553906	0.00441102190415134	0.0240297993635095
2646	chr12	83986257	83989517	8.69190195052608	8.89689872557351	8.45287435899493	0.331755984473818	0.00442128841699015	0.0240746285415464
3168	chr13	63789461	63802705	10.8110360997449	10.6272664071022	10.974020076016	-0.274186768588014	0.00442795979981431	0.0240907397241092
1765	chr11	68850779	68855486	8.84812489522373	9.02913340589776	8.64110331819894	0.298894066612686	0.00442832487142562	0.0240907397241092
4662	chr16	89830987	89838085	8.89761895774153	8.70001798252676	9.07138681037794	-0.288826196738917	0.00443040699897693	0.0240909751955414
8631	chr5	114442357	114445304	8.05916971580293	8.29062719178972	7.7833477731297	0.36440819910185	0.00444308748973237	0.0241488140656291
6584	chr2	128123489	128128208	8.10629690441693	8.35857388548337	7.80035602729837	0.387980403242591	0.00445614809933922	0.024208664800824
5296	chr17	84324525	84340006	11.8947593989924	12.0470430641962	11.7244836061023	0.258151190495441	0.00448096604071218	0.0243323045666614
3724	chr14	78730468	78735663	7.91073551062153	8.186511036669	7.56948223805432	0.409739986977018	0.00450421526385809	0.0244473162874356
1527	chr11	22980037	22983320	8.15300313232552	8.36754860054115	7.90088324822618	0.3447227965975	0.00451622828250321	0.0245012641809265
3620	chr14	62865824	62875501	9.85099771431542	9.67400592654391	10.00862941906	-0.266291616344907	0.00452971926891894	0.024563177091118
9165	chr6	48069402	48076230	8.07502333972497	7.82697580815063	8.28661472456123	-0.340010830834229	0.00455412332330368	0.0246841840312643
4582	chr16	50428252	50433180	8.2678364679249	8.49969807899848	7.99143990597085	0.364486287650226	0.00461183991450977	0.0249774178448842
6454	chr2	102381495	102387320	8.93592693468767	8.71394960538771	9.12826061520782	-0.31628426524754	0.00461439870933316	0.0249774178448842
9764	chr7	27550861	27565977	9.48207912871583	9.30316127558434	9.64123636014148	-0.269006397206141	0.00461485371851422	0.0249774178448842
1209	chr10	89676531	89682654	8.83625281625553	8.61354152247733	9.02913700228594	-0.31351171918181	0.0046166791277274	0.0249774178448842
2231	chr11	113647453	113654259	8.87485589862141	9.06068719011198	8.66149875336441	0.306108643770582	0.00462165046633198	0.024992870439441
1058	chr10	71234639	71241042	9.63243921489345	9.81267008714702	9.426434626933	0.297129618199428	0.00463243494984033	0.0250397307261269
2190	chr11	107097787	107111806	10.6994094925075	10.8806061541924	10.4921416629899	0.29838668452131	0.00464702885676697	0.0251071298452485
1337	chr10	121518617	121522432	8.70344234349061	8.92125688178494	8.4467926673978	0.345331706410328	0.00464956631721331	0.0251093581371995
11108	chr9	21562113	21569875	8.9844008698426	8.74651520642609	9.1885576581594	-0.331519410138837	0.0046565749062293	0.0251357190918252
1267	chr10	98912816	98918594	8.96212550373123	9.13574028839765	8.76472251003037	0.287973715550189	0.00467150149207277	0.0252047770001515
611	chr1	167266858	167286686	11.428607037	11.5809892042772	11.2582080531575	0.257376609323725	0.00468489124227594	0.0252654837602613
10165	chr7	104312241	104317397	9.12833899970531	9.30763022890591	8.92356158313769	0.2945716576072	0.00470053067898549	0.0253382620907356
10061	chr7	82235247	82242007	9.12371994983221	9.31047286831612	8.90914649348707	0.304629053675065	0.00471302407083332	0.0253940229917768
8826	chr5	134213500	134216347	8.18268890742897	8.38872289000508	7.94224910688274	0.329340282585685	0.00471730792577198	0.025405519804431
2283	chr11	117869141	117874564	9.33773465053455	9.50715115044725	9.1457430970256	0.281586901561229	0.00473269780895358	0.0254767914854649
11058	chr9	14370812	14382692	9.5832025626535	9.39056070222069	9.7531250615834	-0.28382477545413	0.00474079144030077	0.0255087393709444
9408	chr6	108530273	108538578	9.09603040071995	8.83401445456724	9.31769491041579	-0.349410321903303	0.00476070565618694	0.0255887456923398
8085	chr4	150892993	150941298	12.6434883950052	12.7696800443892	12.5051915508062	0.21892632833011	0.0047615031533246	0.0255887456923398
6677	chr2	151955883	151981179	11.5937142217592	11.4409097167259	11.7318731149347	-0.236891314322608	0.00476215739484217	0.0255887456923398
836	chr10	17720362	17725606	9.13572249413229	9.33122145762968	8.90951608895596	0.318382020016113	0.00478327149158521	0.0256905163384413
8404	chr5	66135948	66155636	10.8544754222371	10.9955429128643	10.6981043788574	0.240992809032714	0.00478695621713399	0.0256986254709929
2012	chr11	88611111	88643479	12.1785868892388	12.3147760781206	12.0281885806837	0.23339774816595	0.00479425456318508	0.025726118037509
78	chr1	36958337	36964030	8.94018070033614	9.36018492817397	8.3452331498009	0.463678494664765	0.00480386029313625	0.025765961517793
9519	chr6	124807328	124814966	9.98610542085155	10.1752110483371	9.76841879942268	0.308034916547081	0.0048087529665088	0.0257805013848766
5213	chr17	72946234	72951902	9.57704021418244	9.79641732394339	9.31821668486361	0.346892302014459	0.00482306071995661	0.0258454809374183
2482	chr12	36463493	36479273	10.9584207079984	11.1203923253458	10.775937402732	0.270692228176491	0.00483891649030158	0.0259186932227577
7924	chr4	133089263	133094105	7.92117250436667	8.15908973636944	7.63611881531831	0.369653875159885	0.00484472019468248	0.0259380216675887
825	chr10	13498173	13503100	8.1694379784046	8.37387883486004	7.931166311332	0.326958343118206	0.00485377448237874	0.025964511307387
8723	chr5	122140725	122147855	9.5147103730774	9.69736906987886	9.30552649855143	0.300058437020967	0.00485406275203266	0.025964511307387
1588	chr11	43355970	43366369	9.77836534074059	9.94098478742276	9.59505908586066	0.270991284136897	0.00486807946117805	0.026027704485647
11052	chr9	13893465	13897095	9.23177066844464	9.00613910960786	9.42684033584043	-0.317645726053713	0.00489815025875135	0.0261766365705138
619	chr1	170727451	170734834	9.02644418717305	8.79484868754755	9.22595325085467	-0.324493414204285	0.00490349870653428	0.0261893058407439
11	chr1	10223857	10229554	8.30283657300898	8.08456786883265	8.49238110939222	-0.31034012916406	0.00490495377670669	0.0261893058407439
7166	chr3	95736883	95743908	8.58694909086819	8.36758504592779	8.77731870748895	-0.312709549337434	0.00490941347020143	0.0262012780324752
8555	chr5	107713744	107734049	11.7404549634701	11.8854313150915	11.579265533298	0.246125393312581	0.00491416916020856	0.0262148184185211
4733	chr17	5299124	5305397	8.69013770420779	8.48005835649734	8.87347851784628	-0.300567084733385	0.00492999080617561	0.0262873516993552
3627	chr14	63626491	63632487	8.05419245821553	7.80346654821196	8.26772835695424	-0.341617669303769	0.00493624392266948	0.0263088219171234
10992	chr8	124330402	124336050	7.81856664093178	8.0427306754136	7.55304831612473	0.353248285321656	0.00494307269916016	0.0263333395010263
2360	chr12	3959039	3961102	7.67265994580014	7.95320129161662	7.32406654500628	0.40652341193533	0.00495523972413599	0.0263862607392478
2311	chr11	119926090	119936042	9.89590706879948	10.0397177544862	9.73615758725591	0.245241643972769	0.00497287197313159	0.0264682230786139
5596	chr18	75213511	75216704	8.81359130777097	9.0554861722912	8.52280284474454	0.369871111520995	0.00497694778988138	0.0264779896826828
1652	chr11	52358137	52369450	9.75778140696129	9.92854202037022	9.56406125911905	0.282666080121583	0.00498342664680288	0.0265005262190022
9851	chr7	39653494	39658289	9.16229062586225	9.33427407116569	8.96699465430969	0.284419680466666	0.00499163996625939	0.0265302510614753
4457	chr16	23979170	23991304	9.86612736370732	10.0215197440932	9.69195452573022	0.26196788852005	0.00499350697027091	0.0265302510614753
4209	chr15	93707588	93718118	10.0263525917589	10.1990747852421	9.83010313656099	0.285063966003384	0.00499680650135921	0.0265358497168811
4638	chr16	76678128	76682654	9.52611942169466	9.73292186009663	9.28463178281213	0.330002472283745	0.00501759901834135	0.0266342991916988
6783	chr2	164831734	164835278	7.786337617508	8.03481970655809	7.4859664184053	0.377711172268668	0.00502162625518979	0.0266425041171988
269	chr1	82830223	82847936	10.906923851529	10.7490393873147	11.0492216359248	-0.242457359496087	0.00502365429698027	0.0266425041171988
182	chr1	58733055	58750372	10.2739274269717	10.1158438916744	10.4163868666958	-0.242810892617836	0.00502640062500527	0.0266451098183321
9036	chr6	13675930	13679435	8.42632500583865	8.62652300927062	8.19380011143426	0.322164660364303	0.00503756615348535	0.026692323618647
11298	chr9	61787713	61794180	8.82498892621953	9.02267445482402	8.59584839283539	0.319154346051852	0.00504213964557699	0.0267045818252523
1247	chr10	95935847	95946208	9.87479348161331	9.71035678840053	10.0223908461079	-0.24966570389395	0.00509341231157654	0.0269640501225754
9789	chr7	28863243	28867945	9.23320661795031	9.43821049395611	8.9941693662631	0.328983225537143	0.0051186836154556	0.0270856988805299
9762	chr7	27485286	27492381	9.11975650091048	9.30819040457368	8.90295992526455	0.307916737811109	0.00513671019292919	0.0271689201609898
4621	chr16	59554871	59560900	8.79851080646746	8.99166259128759	8.57544249900453	0.310982399959545	0.00514562364938039	0.0272038877141292
9750	chr7	25677626	25727314	12.5247654169772	12.6667262467977	12.3672957368344	0.241581577070805	0.00515349609334252	0.0272333228259996
1844	chr11	74441357	74444666	8.03680465846461	7.80533870839011	8.23621762854486	-0.320821690823516	0.00516423737817756	0.0272778850516522
5322	chr17	87335192	87374482	11.9215110932826	12.0766073178707	11.7477103287513	0.260105944716456	0.00518726403621119	0.027387270711292
2386	chr12	9028518	9033440	8.20938563646153	8.3979427234711	7.99242591286439	0.306209525673927	0.00519111805845776	0.0273953778377566
2714	chr12	100478865	100484715	9.01012561046385	9.18832648386525	8.80676988849033	0.291271967313013	0.00519510240935477	0.0273963696150434
9061	chr6	28742674	28759010	9.56549256864366	9.34169493878074	9.75919065550254	-0.314202473660841	0.00519594315397023	0.0273963696150434
5899	chr19	40512366	40514320	7.93976089009729	8.18020231382858	7.651072411816	0.367620319827276	0.00520179426645042	0.0274149870884827
5672	chr19	4226178	4233706	9.80114832004325	9.94728277889045	9.63852569951136	0.24736166213944	0.00520508042708686	0.0274200759368963
2898	chr13	20381862	20396651	9.49497037835251	9.30514951278992	9.6626949414948	-0.279299268194632	0.00521362691636645	0.027452859021295
6803	chr2	166444600	166450963	9.47756998120551	9.67331502589701	9.25103388202187	0.314693697698835	0.0052192858072009	0.0274704147429336
529	chr1	152006810	152011280	8.37266006934407	8.58042337431947	8.12986036969851	0.331494801134614	0.00524908331375603	0.0276149458750406
9997	chr7	75766695	75802197	11.6513014650867	11.4587295072106	11.8211695928042	-0.2814340110515	0.00525183921936299	0.0276171482937219
5171	chr17	63496852	63502719	9.02038154414588	9.21122920914822	8.80038219526464	0.309275635032125	0.00526167133797287	0.0276565429401634
6155	chr2	29379494	29392173	9.7693057757253	9.95628151053751	9.55443798829719	0.303329785455166	0.00526566168154413	0.0276652105065031
8047	chr4	145262318	145267809	7.78306998561763	7.38381519297932	8.09544490984212	-0.425837189207231	0.00527312181793827	0.0276920921781149
751	chr1	191736641	191740213	8.17917175770051	7.90938395910081	8.40636874899826	-0.355526270983604	0.0052814951427305	0.0277237434946706
1484	chr11	11654699	11663327	9.55742564152377	9.39278263487795	9.7051891711252	-0.249715995920904	0.00529272298742081	0.0277685748414946
8499	chr5	96993063	97003754	9.54297700050518	9.7304997478797	9.32738618458415	0.304301960871479	0.00529508706125457	0.0277685748414946
5838	chr19	25135098	25142071	8.62813003660328	8.81258818168087	8.41658175398209	0.299353326745986	0.00529708595910027	0.0277685748414946
1006	chr10	61145080	61148534	8.44379862887518	8.67461792354163	8.16888329074778	0.357254615874846	0.00530294089638902	0.0277869399697262
5606	chr18	75680312	75684925	8.58100591460786	8.80628322331506	8.31392295030611	0.349251212743317	0.00531155146279937	0.0278197216686336
5312	chr17	86706323	86712360	8.38799655984321	8.57278404981555	8.17601479073306	0.303599161302319	0.005318026531602	0.0278412944162203
9354	chr6	89347269	89356243	8.24311795300783	8.01894221228565	8.43709907536277	-0.313403447113428	0.00532851099393034	0.0278838290098675
291	chr1	86432364	86436869	8.7267611120709	8.91663502615168	8.50805531517577	0.306089302490391	0.00533138468674617	0.0278865168032726
9741	chr7	25104846	25134550	12.5108995118064	12.6597889247199	12.3448571846646	0.250983359364379	0.00534777150508647	0.0279598531434078
677	chr1	180244091	180258835	11.3128174988167	11.6282185277316	10.9085932466672	0.428240309396038	0.00535220063751563	0.0279706336722179
10077	chr7	89246365	89251928	8.45882806582758	8.64202055021468	8.24894352595531	0.297971899498946	0.00536076616728581	0.0280030119507733
3091	chr13	52822840	52831492	9.12906141889912	9.48039884987611	8.66363556643626	0.444052071181397	0.00538138531245129	0.0280968522609203
7865	chr4	128783182	128790489	9.65049892886857	9.48027763676811	9.80273901103586	-0.256860097397478	0.0053875448617086	0.0280968522609203
3306	chr13	103917988	103922663	9.3908916685754	9.5852339898776	9.16623314563542	0.31249532545259	0.00538788600244246	0.0280968522609203
1346	chr10	122773076	122778941	8.45136126015986	8.68641744503022	8.17040873339258	0.359420493327367	0.00538824197894765	0.0280968522609203
1435	chr11	4495996	4500346	8.77386889404529	8.54094169921893	8.97436487432016	-0.323439202652225	0.00540808421925114	0.028187879635938
4170	chr15	85978576	85986100	9.80154589900186	9.96720618317507	9.6143655695923	0.27391056959096	0.00543010898256172	0.0282785329840772
9357	chr6	90781234	90784026	7.61707981488066	7.85167657242469	7.33678401216779	0.360040900438602	0.00543026331591665	0.0282785329840772
6010	chr2	3440512	3454156	9.52081706605925	9.31717626354904	9.69923673161639	-0.293657214629445	0.00544457201685436	0.0283372285369774
1316	chr10	118092866	118104313	10.3378349165369	10.5473962068075	10.0925745088553	0.332063514867627	0.00544633090787708	0.0283372285369774
11321	chr9	64733768	64737976	8.09241176499458	8.29979526533447	7.85013093464882	0.331739260396663	0.00545839237727832	0.0283874843001411
11403	chr9	79788698	79796907	9.22584101500347	9.01524132068326	9.40957785449039	-0.298693041651543	0.0054682701017267	0.0284214361584051
4363	chr16	11866484	11879116	9.64397851360537	9.43705762981565	9.82491007255848	-0.296748844819807	0.00546973136630105	0.0284214361584051
8495	chr5	96169919	96178002	9.96997303584963	10.1517782757302	9.76190818964702	0.295716123408937	0.00548439422671025	0.0284850998605751
9581	chr6	136489926	136501325	10.8113368673095	10.9824258176074	10.617193902526	0.281667288851445	0.00549132471756405	0.0285085645266857
3963	chr15	60096425	60107158	10.0095460359725	10.1483437743689	9.85595954631251	0.23647473129881	0.00550929351306978	0.0285892894819642
8379	chr5	65118527	65120780	7.63517148198156	7.90869425822828	7.2973664613685	0.395865436783981	0.0055161452684339	0.0286122794081716
8290	chr5	34656880	34662233	9.29457226057384	9.48868173969746	9.07022498922608	0.311278687633743	0.00552203511314008	0.0286302619117434
6831	chr2	167917822	167926950	9.3061183625607	9.45964589531721	9.13428554397382	0.256915657806378	0.00553107080028201	0.0286645318316369
6435	chr2	92201796	92207922	9.52454241104622	9.69864818991348	9.32650418390031	0.284704937882181	0.00554266232434063	0.0287120114092104
3040	chr13	45758515	45767576	8.55731230702616	8.3462881081095	8.74137204259678	-0.300752755304882	0.00555380384340317	0.0287571192873146
9847	chr7	38212543	38217374	9.22698724147291	9.40671508899706	9.02163983173821	0.292140145251992	0.00557410695859321	0.028849604828181
6850	chr2	170182915	170187502	8.76932934627761	8.96136026161136	8.5477554019275	0.308133027897953	0.00560545115670169	0.0289909019687318
2276	chr11	117597797	117601389	8.80934561509689	9.01951271566353	8.56325446220849	0.330687281068046	0.00560925336223221	0.0289909019687318
3396	chr14	20138525	20182987	11.9652323012356	11.8084452773654	12.1066381849619	-0.240075009309166	0.00561010328868647	0.0289909019687318
6829	chr2	167770324	167781862	10.3816509081909	10.5269826289979	10.2200219723399	0.245598505957813	0.00561122146263452	0.0289909019687318
2608	chr12	79518574	79526621	9.53848883828377	9.70636458743336	9.34847424337557	0.276098741449723	0.00562570244976265	0.0290530157982498
7100	chr3	88450307	88457983	9.33683853285534	9.49788322804448	9.15553125649832	0.26643233541324	0.00565115131063313	0.0291716923925038
2607	chr12	79509995	79515784	9.72475030650119	9.88717574065855	9.54169059734205	0.269457938098259	0.0056555182868633	0.0291814864967584
7213	chr3	103637577	103643626	8.62509424986739	8.86655241094027	8.33493729577107	0.36542469475149	0.0056736733242384	0.0292535114544555
5110	chr17	49999495	50006118	8.39734659497828	8.16438948518726	8.59786472696434	-0.32185824926554	0.00567442859289201	0.0292535114544555
8958	chr5	144253285	144265750	9.47937660857315	9.64585658574082	9.29114879403384	0.273755133770471	0.00569180198753308	0.0293302801067121
3753	chr14	105884746	105889041	8.42975589142672	8.81869657952728	7.8956121387959	0.448288917578792	0.00569721848940866	0.029345393928009
1784	chr11	69764656	69768164	8.02448634112363	8.23187185771899	7.78220275712793	0.326874962796009	0.00570634325079053	0.0293744439666807
2038	chr11	95335092	95341614	8.92941087665059	9.12034909629561	8.7092911296377	0.306760470083003	0.00570783034423653	0.0293744439666807
3778	chr14	120518807	120523242	8.46845580357169	8.67267064771348	8.23049126604945	0.322760206773174	0.00571475966150361	0.0293973008969642
8144	chr5	3454546	3465426	9.5578892599377	9.36386594157642	9.72888531660321	-0.281742757551706	0.00572078453107545	0.0294154873886804
8056	chr4	148149346	148154388	8.47303877527497	8.67504407859965	8.23807082998467	0.32177324898204	0.00572537226840165	0.0294262717370309
569	chr1	160769702	160796649	11.5098042574941	11.3672809740086	11.6395049718013	-0.222570444814414	0.00574224814616105	0.0295001756934952
2066	chr11	97681234	97690958	10.6012610369463	10.7600471569293	10.4228121576792	0.263603852556577	0.00577369035059279	0.0296465944338569
9652	chr7	3622113	3631814	9.28278529204661	9.07632724748079	9.4633630183867	-0.295530143037452	0.00577576678966981	0.0296465944338569
968	chr10	53434314	53436403	7.79543696722796	8.29634451262289	7.02169029991061	0.429664558152442	0.00579126599324311	0.0297132431507427
4411	chr16	17624665	17630394	7.55911798302848	7.19362212723955	7.85048337335381	-0.410049587671032	0.00579775990839639	0.0297336506413245
8752	chr5	123074111	123078347	8.40584320617589	8.61256234587395	8.16446921413236	0.325453037719052	0.00580169385336518	0.0297409173845392
11019	chr8	126843866	126890308	13.433972701659	13.3163183327143	13.5427514240215	-0.191151585747624	0.0058129084142984	0.0297854838782957
714	chr1	184841686	184846979	8.51485482288026	8.70995161639489	8.2891869528188	0.311004908425445	0.00581611630872656	0.0297890031659788
2805	chr12	111199251	111203510	7.71308403654152	7.43340497816785	7.94724901173373	-0.360588178555971	0.00582060794679147	0.0297915288138178
10718	chr8	79026988	79032694	9.00431467923474	9.22277965124634	8.74676080210863	0.342128109618765	0.00582165199992428	0.0297915288138178
8642	chr5	115118367	115135540	11.0579011311604	11.2057383361809	10.8931666308097	0.24802525733957	0.00584413833803132	0.0298936530745359
11006	chr8	125455991	125464387	9.88116663089979	10.0962807130227	9.62826060361309	0.336162498906439	0.00586560087781598	0.0299904543367692
676	chr1	180224584	180230572	9.43806358069038	9.63052867393248	9.21591110403099	0.308678787802821	0.00588894658183628	0.0300967961985197
8428	chr5	73253224	73260333	9.2952061520888	9.49753210983727	9.05980400371062	0.322064212531388	0.00589495701445576	0.0301144885788194
4427	chr16	18890835	18898534	8.51716233158192	8.28820813618103	8.71470922838833	-0.316862824057592	0.00590263708261709	0.0301406913432167
5267	chr17	83273677	83280423	10.8958922015486	11.0471505168302	10.7268976324541	0.252653354279382	0.00590967220851367	0.0301635796180551
313	chr1	87904602	87910434	8.02747919859319	7.79642874793802	8.22658386983754	-0.31901204074167	0.00591912323774358	0.0301987738243429
10840	chr8	105879607	105885455	8.32423876845845	8.09952151467169	8.51862501549076	-0.313042029672897	0.00592973833184716	0.0302398740306889
6767	chr2	163099085	163113948	10.738562958177	10.8899745267299	10.5693770219503	0.252920735292884	0.00594678470478753	0.03031372220525
696	chr1	181255357	181261488	9.61049686352349	9.78911457054314	9.40659793222296	0.28955494653272	0.00595372390323503	0.0303360076069966
7210	chr3	103374693	103380284	8.51022594841104	8.7302000755489	8.2505703587885	0.339506283038399	0.00598475503052949	0.0304809764830761
7004	chr3	52457902	52461670	9.13508933264476	9.3693544338096	8.85526729739445	0.356024999408532	0.0059948686192657	0.0305193311526254
3665	chr14	67057819	67073135	10.0985864570079	9.93365250793936	10.2465842391248	-0.249166755770721	0.00600546177466191	0.030557865001046
531	chr1	152816247	152821373	8.44002694866969	8.64789394020812	8.1970855416686	0.325932134452876	0.00601161400021618	0.030557865001046
4009	chr15	68256705	68260505	7.90675242973014	7.66661355792559	8.11256554053836	-0.325995245992967	0.00601227482316102	0.030557865001046
496	chr1	136681353	136687568	9.13144564503707	9.30696724126186	8.93157289576613	0.284789748351949	0.00601278233983007	0.030557865001046
11450	chr9	96780560	96786558	9.25040714828221	9.41217918405014	9.06817720622063	0.268922170740244	0.00603456616023571	0.0306450792396982
8151	chr5	4101906	4106355	8.62887577905022	8.4246336043063	8.80775673219229	-0.290760317126372	0.00603513028019446	0.0306450792396982
6533	chr2	120122428	120135305	8.98881479742743	8.75484376756684	9.19008325391473	-0.321182732933693	0.0060494398537942	0.0307045452372991
5632	chr18	82544808	82556281	9.05117803790235	8.851405648512	9.22662226246459	-0.288067140703576	0.00605849470564608	0.0307373007479236
10107	chr7	99085231	99090707	9.000221625465	9.18539730884997	8.78772861852021	0.297701385670168	0.00606538378603986	0.030759044985342
8081	chr4	150000126	150003221	8.14113396092154	8.34162085463877	7.90821903680109	0.317616149829442	0.00608371561501015	0.0308387746490605
6983	chr3	40743992	40746834	7.92523181871942	8.14519030974629	7.66559803158411	0.342291086822674	0.00608937531523237	0.0308542275835273
10135	chr7	101281097	101293482	10.0685456901421	9.89294345324425	10.2250745412145	-0.259775516247853	0.00611240893620497	0.0309576613759957
791	chr10	7008815	7012031	8.25838032225122	8.4574367516256	8.02739486910074	0.314935949497651	0.00611656507864799	0.0309654382901905
4012	chr15	73048381	73055122	8.1100348061877	7.84601345158125	8.33313177779112	-0.345147292455089	0.00614616431789795	0.0311019604198211
2544	chr12	69360947	69365864	9.54641355382502	9.7014345777052	9.37270723979205	0.257648577838339	0.00615682204792758	0.0311425553588666
3810	chr15	5756838	5760850	8.03696603521889	7.78325155343637	8.25266431239752	-0.334313834798571	0.00619808577232786	0.0313368541160982
5531	chr18	61359284	61370781	9.47466021190858	9.65029079555647	9.27464607252908	0.284611189047676	0.00620053866989148	0.0313368541160982
1269	chr10	98988617	98993978	7.84401675520195	8.07101739340156	7.57450601660305	0.347713776227875	0.00620994942932826	0.0313709972026262
8872	chr5	137777239	137787974	10.1899878763896	10.3349614614841	10.028801866792	0.243335191120415	0.0062165242917144	0.031390791038845
6785	chr2	164877946	164882202	9.186292391508	9.37146810000771	8.97379935147761	0.297101787309205	0.0062597929371937	0.0315957767389495
10381	chr7	141465464	141470237	8.02320730241748	8.26676091448157	7.73001588640905	0.365655795363128	0.00626719863154703	0.031619649457882
6042	chr2	11167306	11197147	12.9056129596079	13.0268860945343	12.7732022010561	0.208885616153028	0.00629141515189044	0.0317157553409519
9642	chr6	146731348	146737813	8.59485929427498	8.3853810725198	8.77774228913829	-0.297427998330315	0.00629161564989771	0.0317157553409519
11276	chr9	57626982	57655869	12.7263716224229	12.8606714171349	12.5782745608641	0.227802668241792	0.00633837669654138	0.0319307924533018
3090	chr13	52816407	52822760	8.456786266065	8.69659538259416	8.16900975591108	0.360584183013536	0.00633967832561324	0.0319307924533018
3803	chr15	4040250	4045748	9.0449422447527	9.24320390398764	8.81502687186894	0.312820287560781	0.00635692850683669	0.0320040337608787
3820	chr15	8440957	8448672	10.0753156488453	10.2336323710608	9.89745955701943	0.26126800599092	0.00639009392899032	0.0321573040310688
5619	chr18	79104917	79110857	9.04271989834763	9.43948890946385	8.49361469757431	0.43958467745616	0.00640732807094432	0.0322303058689988
6439	chr2	93044701	93047808	7.89911241854801	8.12300892354917	7.63396965771781	0.344794748799349	0.00645559399715064	0.0324485957581521
5450	chr18	36698493	36703241	8.73247289677488	8.92119425416245	8.51529555786106	0.300528841983773	0.00645621603143327	0.0324485957581521
3051	chr13	46733797	46741879	10.2628247687333	10.4166245468382	10.0906507603583	0.254542476964274	0.00646083602350051	0.0324580095466335
5784	chr19	11406776	11422572	10.9138930977966	11.0449717824308	10.7697039271041	0.222709157517558	0.00647054164115663	0.0324929536897181
11630	chr9	121717328	121722397	8.96796752017862	9.15517451094188	8.75279414166971	0.298837515705043	0.00648028265576399	0.0325280458200966
9387	chr6	99386982	99391220	8.03774477612748	8.29019150882539	7.73155391199265	0.370416133780756	0.00649424259929723	0.0325842762434378
4723	chr17	3125871	3133567	8.93076711880057	8.74105482200872	9.09840693927778	-0.27477844519955	0.00653055165105823	0.0327525459715212
3215	chr13	74035413	74050426	9.16342296224833	8.93693242195107	9.35913400796801	-0.312146987533178	0.00653967567540109	0.0327843902335763
9543	chr6	127445785	127448962	8.38287822195498	8.60965392247018	8.1136847653492	0.344214905599005	0.00654692643747406	0.0328068205195901
8122	chr4	155651226	155656213	8.01075720619547	8.22536971553371	7.75854467206218	0.335325368083611	0.0065597417104772	0.0328571038791855
11786	chrX	157595572	157600306	8.15430613130654	7.94216881240759	8.33921175905287	-0.297149438014395	0.00658436279675993	0.0329596869762662
2407	chr12	16168776	16173394	8.73621350966773	8.51617333484722	8.92709188243049	-0.305694166586776	0.00658580068982434	0.0329596869762662
4570	chr16	46106514	46109976	8.11534428814152	8.31819998360793	7.879224315786	0.317549304144852	0.00658895474499072	0.0329615111205802
669	chr1	178367615	178371690	8.90294809524057	9.12272910645451	8.64356174056234	0.337364751232078	0.00659958965929759	0.0330007411825054
8485	chr5	92503046	92506821	8.78756674092849	8.9929378728592	8.54802972059229	0.320602240714653	0.00660482738373785	0.0330129612378369
4406	chr16	17345587	17354338	8.31919625326342	8.06711518837001	8.53371362988075	-0.333617718293709	0.00662169246696099	0.0330832635051209
8443	chr5	75660517	75671591	10.1599867383776	10.3184323156441	9.9819679630813	0.261350623685023	0.00662661740809967	0.0330938762866042
8146	chr5	3543203	3548046	8.68082273039569	8.4678783657858	8.86634093787579	-0.299428893825369	0.00666360982508432	0.0332645600731712
5960	chr19	46968589	46971736	8.00329430829373	8.20983762708497	7.76216014289284	0.322306684151872	0.00667638253997768	0.0333142466606319
1063	chr10	75117694	75123243	8.10753725541383	8.32893035621126	7.84590073644866	0.338403219642473	0.00671817807463457	0.0335086501181436
11723	chrX	74308700	74315545	8.42033876315527	8.61618897090948	8.19366172874504	0.308112616540715	0.00674524335091743	0.0336230925264301
10373	chr7	141214223	141217443	7.73031840813482	7.96384578309547	7.45154925885665	0.351248097655738	0.00674681384395445	0.0336230925264301
6200	chr2	31596046	31604883	8.54338047118079	8.32288333281119	8.73460245114161	-0.305514986647631	0.00676306110577679	0.0336889355576905
7375	chr3	144711791	144722174	10.1701573478392	10.3345198312648	9.98463270861557	0.268318867690068	0.00676572817183477	0.0336889355576905
4913	chr17	29002503	29009150	9.4072933537874	9.58132061299182	9.209356746321	0.281385178359727	0.00680909877447518	0.0338906112549279
1597	chr11	44517523	44534865	11.1848934994743	11.3366724799396	11.0152485903077	0.251591513266043	0.00682682911915442	0.0339645527881805
11705	chrX	56454208	56456920	7.79066333146752	8.0046613728916	7.53929960111164	0.331126227856937	0.00683823174917567	0.0340069639512878
6952	chr3	31058740	31063507	8.93812371138908	9.10536017735977	8.74892797624379	0.271611952289667	0.00685481272683847	0.0340750808499467
9593	chr6	137792912	137798958	8.59013438952713	8.36702791133766	8.78331477827308	-0.307256535629058	0.00685962352996053	0.0340787371097819
10786	chr8	91068891	91086800	11.0859052437303	11.2603213647432	10.8874652494112	0.282151649819902	0.0068613164847809	0.0340787371097819
5557	chr18	67211207	67214186	8.54728214222475	8.75940436229584	8.29850428817863	0.327275157151547	0.0068750661983081	0.0341326815963061
6196	chr2	31254491	31260231	8.8456181968311	9.02858214585877	8.63603371261526	0.292600813316658	0.00689939291214825	0.034231775663275
7614	chr4	62754173	62759467	8.57874430238488	8.77785343804962	8.34768783644407	0.315220246555473	0.00690082004315514	0.034231775663275
9295	chr6	83830250	83832753	8.04027765682297	8.26053043283449	7.78023343332005	0.337751623524269	0.00691136373787403	0.0342696911148634
10091	chr7	97065820	97069990	8.30686811760708	8.52245451102329	8.05330852969398	0.331111321950974	0.00691690838663979	0.0342827976076073
2925	chr13	24595207	24610163	10.4473299021493	10.6232237459965	10.2469741323144	0.283415096234942	0.0069320702285155	0.0343435395472282
3385	chr14	16363232	16367994	9.72160156487447	9.88924663791596	9.53188253913904	0.272758632257614	0.00694433688726845	0.0343898929840587
11382	chr9	73043492	73063274	11.8092861468881	11.945952162062	11.6583060152208	0.229939292018773	0.00699223110886567	0.0346125692427134
2459	chr12	31649445	31657804	9.20104135205792	8.99678642099482	9.37993208636153	-0.289337954492671	0.00703720170719798	0.0348163872046292
2470	chr12	33299404	33306041	9.2194752744966	9.38486146319472	9.03264490922557	0.271871385404875	0.00703929832700231	0.0348163872046292
10010	chr7	79296222	79306262	9.53099404294712	9.36231226258428	9.68200178759637	-0.250762337560687	0.00705497722187336	0.0348793350852116
8170	chr5	20890220	20892769	7.74423227814193	7.99578646401177	7.43935502149962	0.368351519088816	0.00708976860272865	0.0350366816435976
5211	chr17	72834759	72838000	8.31385983084443	8.52245447463889	8.06992327043557	0.325871943982412	0.00711334854076887	0.0351385143635974
1919	chr11	79674799	79679922	8.63579445223052	8.8369595792209	8.40196312605931	0.315748247375892	0.00712587788936686	0.035185697091834
7389	chr3	152338660	152340964	7.61541795484464	7.33883019473009	7.84741397658798	-0.350080608618696	0.00713807009777829	0.0352311763890344
3421	chr14	25457919	25462573	8.03271174064269	8.27473827809378	7.74173277600461	0.361114152499344	0.00714240635803283	0.0352378595100275
2063	chr11	97361441	97365700	8.29694811725264	8.52424771491821	8.02701550187378	0.344173923113851	0.00714751071091246	0.0352408367630835
8957	chr5	144212876	144225491	10.6009537659906	10.7578473870083	10.4248921994149	0.257503515269316	0.00714897475635674	0.0352408367630835
1271	chr10	99126031	99129193	8.66134488839774	8.84208371263073	8.45467614836264	0.288809355212503	0.00715482001179877	0.035254942977237
11738	chrX	95156242	95167338	9.81483104053484	9.6563756546131	9.95759233267927	-0.239319270134306	0.00716939632899346	0.0353120412769432
5803	chr19	15902477	15906669	8.46506573474675	8.65458739580035	8.24682737810174	0.298470222324247	0.00719103347035163	0.0354026524937746
4300	chr15	103151037	103156886	9.23954307608081	9.07114642977627	9.39032231859134	-0.250794705729233	0.00719378542971842	0.0354026524937746
784	chr10	4511779	4514509	7.94049437895536	8.18942019175118	7.63947380046415	0.363510314558257	0.00721768917284692	0.0355055017761695
10946	chr8	121946684	121957538	10.2132030222621	10.3525535321244	10.0589392854701	0.233276119653252	0.00722425509155323	0.0355230121355776
2049	chr11	96500323	96505368	9.59472991826662	9.80514805049207	9.34829428415937	0.324391639419517	0.00722948100740379	0.0355339216237451
7923	chr4	133054336	133059934	8.8812105812333	9.07432305418006	8.65819473091655	0.303568211681754	0.00723266158810989	0.0355347731081524
48	chr1	34477419	34486544	9.17415538876996	9.33335826065244	8.9951798408909	0.260411040033379	0.00723665693544657	0.0355396252490593
10264	chr7	125459751	125479683	11.3471495206732	11.4629141401768	11.2212789077499	0.199683246591778	0.00726178194274647	0.0356415535194591
3021	chr13	43470158	43483012	10.3100776133552	10.160471632947	10.4456168959612	-0.228270642019218	0.00726344455609829	0.0356415535194591
9044	chr6	22325832	22335768	10.4183677672378	10.570145607273	10.2487242831094	0.250037088569014	0.00729727377925509	0.0357657831685147
9566	chr6	129740974	129754970	10.8364265141442	10.962481133245	10.6982942548983	0.214691253301024	0.0072976305414302	0.0357657831685147
10285	chr7	126582629	126586721	8.41551847590809	8.61022954660863	8.19036678725741	0.305101084250814	0.00729784218172722	0.0357657831685147
6717	chr2	155897138	155905276	8.99811613226151	9.18568542160429	8.78246376885864	0.296027749696295	0.00731585286993279	0.03583918636448
36	chr1	23914556	23919525	8.73659480812567	8.90369660271228	8.54757146846606	0.27100921768616	0.00732992872916394	0.0358932606149197
4643	chr16	78374112	78378723	8.90691654188913	9.07504641247606	8.71657621206882	0.271358762760336	0.0073369518998612	0.0359127687028832
11024	chr8	128349571	128367956	10.6703917592303	10.5297280984408	10.7985508114128	-0.217377009332975	0.00736175714473064	0.036019263942914
4539	chr16	38446076	38464628	10.8724213316771	11.020363576841	10.7075563692726	0.244972349969331	0.00736982752568458	0.0360414581553222
1644	chr11	52044559	52048570	8.93671342599969	9.09768873445037	8.75549411486456	0.261928743742922	0.00737239373403975	0.0360414581553222
8286	chr5	34525440	34547154	10.9535561996745	11.0966903014062	10.7946413115451	0.238082998165755	0.00740319096362288	0.0361770489769098
3344	chr13	113195997	113201055	8.72367289142186	8.93455110811931	8.47660553154173	0.323829138705581	0.00744400660085556	0.0363614642396483
9605	chr6	140706172	140710861	9.61762491107516	9.76968585785726	9.44762758969892	0.249844834013352	0.00748199463627318	0.0365319209182661
6961	chr3	33798683	33800894	8.54834577095736	8.72961835275845	8.3409785560113	0.288260502940544	0.00748667088297506	0.0365396543383864
2981	chr13	36899506	36905548	8.8944042521568	9.11705400201194	8.63100950926943	0.336181566764478	0.00749557798233996	0.0365680220641325
2888	chr13	20157017	20165768	9.27574859573703	9.44032919582046	9.08994592755632	0.266289997456089	0.00750237577430739	0.036586080127617
10814	chr8	95884139	95889282	9.30242897501693	9.12249356717867	9.46239068187664	-0.263307170536524	0.00751743622102275	0.0366410654765345
387	chr1	106694956	106716183	10.7290730367342	10.5793737496957	10.8646888877555	-0.227827842246943	0.00751985306200036	0.0366410654765345
5389	chr18	20999184	21015882	10.9117618716017	11.0627232102566	10.7431380066997	0.248991468745548	0.00752299174239203	0.0366412491459622
10239	chr7	121057212	121065607	8.70624008410704	8.46271062065378	8.91453716522895	-0.323814314323701	0.00752642043931074	0.0366428446274807
9658	chr7	4120526	4125999	8.0634614379592	8.29787607834524	7.78342582033067	0.35083921511269	0.00758800574614271	0.0369274612423485
6844	chr2	169663115	169666007	7.80250818916816	8.26942415456338	7.10783276069968	0.41435710805629	0.00762728627147233	0.0371033407096406
8529	chr5	103751939	103758653	9.32713750935225	9.5058083477181	9.12316931235222	0.285457369129297	0.00764377836372834	0.0371682654921046
2179	chr11	106609939	106614059	8.3880109498845	8.6094989816364	8.12624173776669	0.338341726945819	0.00765367811152306	0.0372010944326436
5227	chr17	73850967	73856298	8.68104365669663	8.49222243156766	8.8479875275576	-0.271758876517928	0.00766174838159958	0.0372133183802295
1120	chr10	79913890	79918513	8.72142457158848	8.91415985560073	8.49891186671785	0.301391621511167	0.00766249184318707	0.0372133183802295
5758	chr19	8913802	8932972	11.1259254212042	11.2542240720329	10.9850935506373	0.216879244443672	0.00767102880026085	0.0372361210781449
7700	chr4	106577982	106587101	8.95946760224262	8.76212577153365	9.13303509165464	-0.2802358153179	0.00767348974486144	0.0372361210781449
1127	chr10	80259847	80264128	8.0798604661523	8.32543973925755	7.78372536707344	0.3601138374218	0.00768456831936377	0.0372745727674886
2244	chr11	115402581	115423429	11.0035894439596	11.1411884132585	10.8514696862678	0.22999672439718	0.00769474821553779	0.0373086355825993
2299	chr11	119080855	119086979	9.18687311339748	9.37197689749689	8.97447481947633	0.294461835318734	0.00770140572953784	0.0373255988926248
10295	chr7	127109807	127120845	10.9711001932814	11.1278041125418	10.7952775378122	0.256865245488594	0.00771526829556334	0.0373774539484938
2711	chr12	100359585	100368885	8.47209130796046	8.24710480406857	8.66667889140553	-0.307368326005715	0.00772722869220581	0.0374200550111081
4206	chr15	93561158	93565467	8.23474872093353	8.43335833455788	8.00436503171118	0.308235581098936	0.00773090087147486	0.0374225009001831
5683	chr19	5102924	5108226	8.60125722638706	8.78620897881289	8.38905916797831	0.292691622458696	0.00776139879464432	0.0375460723596505
2208	chr11	108234461	108254962	11.0141342484047	11.1386827910825	10.8778086497005	0.211389146488932	0.00776278391796092	0.0375460723596505
7883	chr4	129793956	129796693	8.50217191216805	8.87911938463482	7.99049909930587	0.422640775032493	0.00778021571213869	0.0376145305125317
3646	chr14	65351073	65353401	8.05373377373898	8.27344821888662	7.79444020296828	0.331184150087274	0.00778330459572953	0.0376145305125317
427	chr1	127729613	127734887	10.0520845820176	10.2221419870621	9.85926925301531	0.273417521809901	0.00779478856655652	0.0376401749411258
4900	chr17	28481544	28489539	9.09228319406662	9.25134928806314	8.91348053668562	0.258613119390925	0.00779498206507573	0.0376401749411258
3376	chr14	14344517	14348711	8.03304143854932	8.27446148108657	7.74293958479232	0.35662299573461	0.00782750275632388	0.0377772795749725
3886	chr15	37959732	37962332	7.98814099413185	8.21075353558025	7.72479836370766	0.337163909920777	0.00782976960723659	0.0377772795749725
6110	chr2	25519007	25553977	12.4435444021578	12.5865156571449	12.2848302615354	0.237451551072346	0.00783805725770788	0.0378018304314597
8372	chr5	64485727	64489179	8.61238599777375	8.83043796481336	8.35540637280267	0.329933940786074	0.00785669448280221	0.0378622530295159
8481	chr5	92351411	92357138	8.90611669627168	9.07119002550844	8.71968560391873	0.268130398074741	0.00785699428134504	0.0378622530295159
4387	chr16	14375601	14382119	8.93819456963596	8.76380508474144	9.09375932925471	-0.255090121531178	0.0078731336582209	0.0379245606626735
4173	chr15	86010928	86036983	11.5913585826541	11.7469917730858	11.4168830774361	0.254585631617072	0.00788361229883928	0.0379595610933516
8685	chr5	117479543	117483809	8.23834974893629	8.42279071126639	8.02682407610006	0.291638686553744	0.00789704043158017	0.0379973172000324
6361	chr2	71800022	71803252	8.1124018943046	8.36883664696796	7.80031701528981	0.365892579838141	0.00789946323628173	0.0379973172000324
4702	chr16	94451216	94463415	9.78219267937534	9.96913228808827	9.56737262018543	0.294410259079943	0.00790372038883156	0.0379973172000324
10708	chr8	77371060	77379649	8.4422912072858	8.25073653939506	8.61136754187291	-0.274206558878509	0.00790726897581476	0.0379973172000324
10348	chr7	133637041	133639285	8.28719034940447	8.50959400236785	8.02414021914607	0.333693570092505	0.00790753241324304	0.0379973172000324
7566	chr4	46550087	46603316	12.7633915625572	12.6342860193604	12.8818865905431	-0.202836359430154	0.00792017684866324	0.0380426055462621
4920	chr17	29426567	29432921	8.5738960327246	8.73947754652954	8.38681629254601	0.269373294530523	0.00796097375130135	0.0382230255365204
9922	chr7	51748354	51754619	8.1846796041945	8.397902271882	7.93438571967473	0.32874159894929	0.00796619459023636	0.0382289839413769
5372	chr18	11837294	11859893	11.381450097949	11.5020824456983	11.2498029446199	0.20602335549676	0.00796868546442209	0.0382289839413769
1992	chr11	87230918	87236742	8.04119736376766	7.77961558031976	8.26255130147465	-0.336480493894131	0.00798004212038659	0.0382679292591266
1667	chr11	53837003	53846946	10.1441014794107	10.2962895170235	9.97394526441348	0.249286216571048	0.00798700196380548	0.0382857668171706
1005	chr10	60738548	60754624	9.72492518565182	9.54821014014295	9.88233739851062	-0.256550971107745	0.00801670606297881	0.0384125704947922
4813	chr17	24512706	24523458	8.87515775309206	8.6448222794921	9.07373155207783	-0.310138632781802	0.00804907251318238	0.0385520230303052
5893	chr19	38810999	38819959	9.21647526909589	9.03999689239209	9.37369971352459	-0.258234468596165	0.0080553987597199	0.0385658115041932
579	chr1	161689099	161695135	9.08442625385363	9.24288573515942	8.90638992231418	0.257227797364331	0.00806100925184304	0.0385658115041932
10925	chr8	119781604	119790827	10.7870131449185	10.9504619601887	10.6026521020267	0.264461145077611	0.00806174292614736	0.0385658115041932
7991	chr4	137646428	137652827	8.11048749097781	7.88744718151373	8.30361829414827	-0.304630275735676	0.00806817611573085	0.0385767688122219
2937	chr13	28415598	28421358	8.34589002315336	8.54893393053862	8.10951486370535	0.316474920397833	0.00807056300810871	0.0385767688122219
8937	chr5	143009188	143020925	9.00075617425521	8.7724168377833	9.19784540648981	-0.308133908382171	0.00808506933628028	0.0386205917659376
7675	chr4	98434465	98442588	9.77396196128489	9.938932317055	9.5876622411207	0.265862166143927	0.00808626811348423	0.0386205917659376
2554	chr12	69679184	69684712	8.54136630592594	8.72605406143306	8.32951583234501	0.291351824128914	0.00810639948028512	0.0386863375786455
2394	chr12	12260964	12266083	8.61980210386037	8.78381007112056	8.43472915540577	0.265964545188692	0.00810658190967556	0.0386863375786455
4645	chr16	78544644	78550748	9.33935810399989	9.52087681707814	9.13166860071137	0.288289145933606	0.00811394588453203	0.0387058476268189
11208	chr9	44759948	44764376	8.38328102260237	8.16777440936187	8.57074009058588	-0.297600269194084	0.00813356171407542	0.03878376320158
10407	chr7	143521128	143526895	8.13163318653362	7.85645320541689	8.36263884056292	-0.345162452720322	0.0081620625416031	0.038903965708585
5052	chr17	44651831	44657419	9.02805524125753	8.82367527334319	9.20704184196607	-0.283545836030339	0.00820783045993461	0.0391063406107207
10084	chr7	90140684	90151232	9.76861058875705	9.60132589534166	9.91849795115106	-0.247083716886515	0.0082458620673453	0.0392707418612622
850	chr10	19491752	19509411	10.8318238824464	11.0280887408473	10.6045909158648	0.306148434256564	0.00824898284526514	0.0392707418612622
5873	chr19	34185397	34188742	8.25357000371449	8.43420508019988	8.0470369587072	0.285454436669749	0.00826281136746602	0.0393207326290691
10981	chr8	123857583	123860541	7.83597815152183	8.04958639131425	7.58515243303137	0.324781541802763	0.00827149744383558	0.039338581720752
5786	chr19	11537429	11542575	8.87004896969626	9.03602899644535	8.68246020272091	0.267381609210906	0.00827322068179322	0.039338581720752
396	chr1	118452207	118473310	9.89484309430024	9.74429070697628	10.0311585906893	-0.228074981999069	0.00829084223636155	0.0394065132199711
6495	chr2	112675200	112678870	7.9719039714287	8.18264114079353	7.72503032948992	0.320646465935662	0.008304189616521	0.0394540830353084
777	chr10	4065702	4074728	8.5072614553649	8.31106509995045	8.67994253052478	-0.277059029744206	0.00833203360985812	0.0395616456274809
11642	chr9	122994349	123008282	9.99284431103071	9.82095215232369	10.1464192013274	-0.252530965276407	0.00833754733706897	0.0395616456274809
7239	chr3	106459180	106467529	10.5832653550663	10.7439026147556	10.4024744689529	0.260069228453307	0.00833758263280128	0.0395616456274809
317	chr1	88574183	88579822	9.0363475097278	9.19428359562537	8.85897179105617	0.25665557881349	0.0083402216704515	0.0395616456274809
1095	chr10	77580371	77584435	8.56965815624464	8.73474491917017	8.38320992379535	0.266493076126123	0.00834528429189242	0.0395697749570629
2612	chr12	79641365	79652705	11.0340075926431	10.8831933245853	11.1705377118985	-0.227927721718377	0.0083520137345774	0.0395857979493649
11470	chr9	103137227	103140693	7.66016891746497	7.94270922016659	7.30847839087608	0.383126860682163	0.00835580619505986	0.0395878933443574
6988	chr3	41562954	41566887	8.33168787629819	8.54381585824716	8.08290209156419	0.324117240503154	0.00837433043044523	0.0396597548561687
2378	chr12	8349142	8353780	8.42768323081926	8.63556492759254	8.18472172437371	0.316723917531466	0.00839283404369642	0.0397314611619859
9793	chr7	29022397	29028061	8.90748714359795	8.69702617196271	9.09111842849362	-0.289270750648452	0.00840526585866851	0.0397743778077802
10464	chr8	13670355	13680473	10.5148513137289	10.6585038601117	10.3552969816496	0.237798534410661	0.00842409758505164	0.0398475328522699
4073	chr15	78474620	78499750	11.5796712453576	11.7028787081734	11.4449508945497	0.208794715025456	0.00847724327721117	0.0400828757757212
5257	chr17	80165002	80177613	11.0980792473117	10.9542651512239	11.2288479353728	-0.219990433695796	0.00849886172649362	0.0401690200640995
4092	chr15	79206823	79211080	8.0944205041795	8.27988639692902	7.88154509284915	0.291374882165881	0.00850355289080508	0.0401751223341674
3012	chr13	43197783	43205253	8.76955389338912	8.98377643955093	8.51788014010316	0.323238096977511	0.00850931200798796	0.0401862632639431
8525	chr5	103423505	103427510	7.92145293523731	8.13207594794373	7.67473604600647	0.321619266674023	0.00851654599872579	0.0401886211732668
1211	chr10	89743229	89749679	8.79616320392762	8.59737212477491	8.97085039250342	-0.277588977043226	0.00851661369480873	0.0401886211732668
2582	chr12	76084286	76088944	9.85352988582725	10.0290018605858	9.65372150268576	0.278548382544002	0.00855030676500708	0.0403315068803687
1377	chr10	128087039	128099945	10.7044874600141	10.8538859634439	10.5378115974705	0.245471365339111	0.00855650548855816	0.0403411463948968
10909	chr8	117341892	117347078	8.04848714790589	8.24903914235625	7.81548430617852	0.308144877465128	0.00855917857244467	0.0403411463948968
4637	chr16	76350252	76375442	11.977071581881	12.1063012479006	11.8351169634292	0.217052589775715	0.00856309245855633	0.0403423001050397
9533	chr6	125258258	125272695	11.3227153436112	11.4603774298211	11.1705184279344	0.228816510496562	0.00856625177416594	0.0403423001050397
7468	chr4	32124801	32134189	10.1484678297864	10.3298766171902	9.94092228067568	0.286260962110556	0.00857357003439078	0.0403606786957616
1573	chr11	34244700	34253244	8.14563083291032	7.90741596202741	8.3500299001433	-0.313620908182806	0.00858073460860343	0.0403783194485297
5673	chr19	4280766	4308736	12.3376364042473	12.4856770392095	12.1726492203374	0.243268370923627	0.00860310690092615	0.0404674805498979
6063	chr2	18062711	18069135	9.40218440735715	9.56806416801348	9.21472374197497	0.26625673279686	0.00863775188589801	0.0406055857215923
3852	chr15	27781050	27787409	8.92242218910677	9.11659835270702	8.69798578933386	0.300058214259754	0.00863934009005442	0.0406055857215923
740	chr1	191324108	191328148	7.834042027079	8.06247959674942	7.56250163157872	0.336970513778985	0.0086482768684992	0.0406314272279072
8664	chr5	115889388	115899876	9.18747611852057	9.35560540607453	8.99713653618649	0.268112867316955	0.00865210395389939	0.0406332513192668
11553	chr9	111055356	111059863	7.96178951585119	8.18077636568107	7.70350944474983	0.331026425629897	0.00867089366524585	0.0407053156728426
1347	chr10	122791880	122795823	8.68746492741408	8.85968941833872	8.49185796727035	0.274410844690988	0.00868404202078811	0.0407508500864306
8706	chr5	120905413	120909475	7.97463013336408	8.19403582050992	7.7157667946561	0.329019210637748	0.0086950572671394	0.0407863424646761
4472	chr16	30184140	30190797	8.6657446484324	8.86639960992434	8.43260273215094	0.31042093123891	0.00870135545981873	0.0407996889338167
9187	chr6	50449856	50457938	10.5993327018786	10.7445401373717	10.4378575044187	0.238617816446337	0.00871594782343469	0.0408500279213993
1409	chr11	3327466	3351538	11.6027297007042	11.7434392948531	11.4467983763855	0.232729766715408	0.0087190056210028	0.0408500279213993
6560	chr2	125733521	125737188	8.32277280768115	8.07294291848285	8.53565888497507	-0.3248013071561	0.00872285911520771	0.0408518839894151
4053	chr15	76666212	76673251	8.76645314256906	8.95278281094437	8.55243849155392	0.290892145151736	0.00874426309718324	0.0409307424298209
5484	chr18	46241377	46251465	8.77170306827746	8.57222398249746	8.94692111807728	-0.279482061055083	0.00874662530765892	0.0409307424298209
10429	chr8	4236665	4243286	9.38536842169922	9.58456156059526	9.15419876305768	0.306212272033566	0.00875095733392029	0.0409348027939834
3538	chr14	52018164	52025083	9.86887294781495	10.0133624695917	9.70828521546216	0.238157461968501	0.00877087629031417	0.0410117428754856
7172	chr3	95984345	95988948	8.43053402628255	8.22714938352844	8.60875709914015	-0.28235653036839	0.00877512175556421	0.0410153633954694
5820	chr19	21712122	21716228	9.21374292539636	9.41451197379878	8.98044688802878	0.307643743409268	0.00878930347005854	0.0410654052203289
4511	chr16	33702120	33711398	9.78487991013578	9.97328934527845	9.56811573752413	0.294229786712832	0.00882135319333116	0.0411988574436368
6033	chr2	6542179	6629297	13.6850761784449	13.7883455709188	13.5738407957531	0.179925412475767	0.00885331202121534	0.0413317798667248
781	chr10	4355109	4358770	8.67259494524532	8.84610024726529	8.47533352928548	0.275919325412208	0.00886162904724713	0.0413419010082539
11434	chr9	95403779	95408883	8.17210448695722	8.4000511986784	7.90125797385381	0.338728723222811	0.0088693569137019	0.0413419010082539
1054	chr10	70102500	70111470	8.49819198331375	8.30575896166227	8.66795203053348	-0.272208309817225	0.00886936414521438	0.0413419010082539
10733	chr8	81760703	81816926	13.3196011037705	13.2051978088706	13.4255951659733	-0.183809884932852	0.00886947520784728	0.0413419010082539
2973	chr13	36281926	36292089	10.1982764857531	10.3374031704843	10.044287045652	0.23120071859486	0.0088881217956332	0.0414124791550481
10580	chr8	46933204	46953855	12.1296683933658	12.2581480317766	11.9886183878704	0.215608008306205	0.00889198500936308	0.0414141485497178
11154	chr9	32905665	32917120	10.5738539464569	10.7102622726523	10.4231882997212	0.226799372370815	0.00890300647679301	0.0414491428407353
9164	chr6	47919346	47922562	8.50208812164471	8.67205812736218	8.30938517899988	0.273177289037607	0.00890757762733751	0.0414494295664528
5532	chr18	61381832	61388546	8.75182875548909	8.93765650693876	8.53847627870386	0.289501606966837	0.00891008387769042	0.0414494295664528
6949	chr3	30925278	30935379	8.91856051836255	8.72909769690418	9.08600556941964	-0.269228258340747	0.00893612257744853	0.0415542008560141
8020	chr4	140698710	140701840	8.70595295423712	8.89794912284752	8.48442529156855	0.29850641911854	0.00902206151802138	0.0419373245070577
6684	chr2	152823719	152832239	9.35500296444718	9.11642370503912	9.55967009008459	-0.311498369491571	0.00903434564581641	0.0419779111879539
8897	chr5	140161615	140197348	10.8015426067844	10.6405760750918	10.9463386555065	-0.238641855440327	0.00905351377131225	0.0420504397491452
11447	chr9	96738300	96744315	10.0734570984803	10.2326922158636	9.89444078611583	0.256262558108653	0.00908306514634013	0.0421711189662692
9221	chr6	59359233	59365826	8.95105852651172	8.73878361452416	9.13606863550503	-0.291568510983097	0.00909655565662592	0.0422074285983425
3337	chr13	112384230	112400993	10.8635709167887	11.0356115411038	10.6682011856494	0.273849050097227	0.0090980298442771	0.0422074285983425
2511	chr12	55013682	55019168	8.95504230506888	9.13525296646979	8.74906413183243	0.282225226045129	0.00910720911274938	0.0422334312701125
4948	chr17	31564711	31568447	8.28282004891064	8.50388374715754	8.02164380188943	0.327749890860156	0.00911550853731499	0.0422553349850584
451	chr1	131167505	131207237	12.6204724952804	12.7535709428897	12.4738351817221	0.221777905614771	0.00915064437716756	0.0424015741022007
7899	chr4	131893477	131903489	9.40544627125647	9.57533903743853	9.21284263759037	0.26989935491166	0.00915959919118966	0.0424264304363375
6228	chr2	32769949	32780151	10.239758799612	10.3820819205526	10.0818431379003	0.234256196537711	0.00920292081368612	0.0426103888458132
5295	chr17	84300021	84316139	11.0936724163657	11.2352426636704	10.9366832648302	0.232960227476757	0.00921142738890035	0.0426284090368867
11693	chrX	42476815	42484575	9.47448019749066	9.64444174497546	9.28178813041899	0.269486730971733	0.00921402815506166	0.0426284090368867
3319	chr13	107901575	107904317	7.80372959333219	8.04173463959553	7.51854971362909	0.343383282970224	0.00922888092933817	0.0426710639156516
815	chr10	12887567	12889951	7.88870375416015	8.11969078878164	7.61355021759096	0.338109087836516	0.00923047049495646	0.0426710639156516
2114	chr11	101541961	101547443	8.57104309805586	8.34051152695656	8.76976254555672	-0.305542973621642	0.00926295033461687	0.0428044666225393
10353	chr7	136893115	136896387	7.73665723459778	8.01919791575036	7.38496612061119	0.377254865846334	0.00926877959990334	0.0428146597937678
8857	chr5	136165813	136174676	10.5416896120951	10.6948185674989	10.370356046534	0.248302827018754	0.00927401970831443	0.042822124608614
1598	chr11	44535282	44554337	11.8938450978951	12.0398937771323	11.7313287203589	0.239102740080905	0.00929108912696732	0.0428841832516585
10351	chr7	135656654	135661304	8.12446438084346	8.3560313364739	7.84848681308637	0.33727354369639	0.00930239139379787	0.0429195848141803
2290	chr11	118190767	118197401	8.37281418679879	8.17138568769547	8.54953395816829	-0.280545906901221	0.00931672148279299	0.0429689231228267
2230	chr11	113551799	113558103	7.84791901267315	7.58108478276046	8.07301947968152	-0.334685971546144	0.0093494120049384	0.0431028686111401
11609	chr9	119275685	119283297	8.64556868528884	8.45761280763987	8.8118359644659	-0.266955382315068	0.00936016418627209	0.0431356084340839
9621	chr6	144996194	145003494	8.50125425425098	8.29962791809129	8.67812622783916	-0.280017457535273	0.00939605463191086	0.0432841253530833
1062	chr10	75099399	75108634	10.0058523152909	10.1949280084188	9.78820537792528	0.292834873210507	0.0094040089959625	0.0433038855402545
5434	chr18	34781677	34785210	8.57453725312511	8.76511914507124	8.35489116472087	0.293443602155899	0.00942969346661641	0.0434052426963535
4309	chr16	3932669	3942593	9.26559252782052	9.08339117964337	9.42734203541722	-0.259936743297094	0.00946348893218921	0.0435438415976432
3336	chr13	112286214	112291646	8.86554361444028	8.65819272337942	9.0468037271264	-0.282416093234617	0.0094950561993548	0.0436720840994848
9726	chr7	19919412	19923837	8.16739166262353	8.36173337384374	7.94273395536354	0.297952996112274	0.00950604117200881	0.0437055962990102
10532	chr8	34095263	34100091	8.38528019703632	8.58384311358746	8.15495937340788	0.301830951883326	0.00954241223968602	0.0438557538016842
7839	chr4	124917762	124935096	9.8025322544985	9.62052173405868	9.96413139481954	-0.260395732557785	0.00962769194038167	0.0442304852128887
7311	chr3	130010688	130019668	9.4780608944134	9.28837982286293	9.64567634012395	-0.268368447306942	0.00963948225350577	0.0442674396841913
8447	chr5	76243232	76246912	8.12586689105654	7.86347297680906	8.3478016442487	-0.330279267717408	0.00966041146310864	0.0443463177343013
6840	chr2	168537421	168544573	8.79475802463328	8.61221932942058	8.95677326590957	-0.26023060098035	0.00967798783534328	0.0444097492281228
11390	chr9	75412749	75415473	7.84930897460016	8.07550022164608	7.58093935171238	0.331672427317054	0.00970134478370982	0.0444906957344966
8911	chr5	140605493	140620855	11.4653147434501	11.6269436768881	11.2832664168187	0.259083257345269	0.00970315867533833	0.0444906957344966
2047	chr11	96453233	96458200	8.8985647263318	9.08325739924727	8.68670777971684	0.285851696730724	0.00973341296900681	0.0446019888712779
1836	chr11	72841380	72850523	8.87425434290368	8.6619680365978	9.05927310338127	-0.290040591101045	0.00973737620545461	0.0446019888712779
1767	chr11	68999633	69005909	7.98435690667017	7.76082839814981	8.17785346327737	-0.299156549659212	0.00973875518685655	0.0446019888712779
5571	chr18	67931420	67935918	8.13014667114198	8.3526543968519	7.86695082370178	0.328600619265319	0.00977002419601121	0.044727859705567
11796	chrX	159896325	159899319	8.0616468869614	8.26426097924988	7.82585437730146	0.305636841028675	0.00980425223743549	0.0448640416534386
5082	chr17	47007448	47012377	9.80307748614003	9.99649066663176	9.57966029152173	0.297172045539236	0.00980878991082325	0.0448640416534386
8973	chr5	146230359	146232807	8.08177042751805	8.29804667670155	7.82725533461417	0.320417911119067	0.00981116144486167	0.0448640416534386
1920	chr11	79702419	79707080	8.60541520134646	8.78719427986485	8.39738463301531	0.28432468864706	0.00982189520172402	0.0448957499820391
10719	chr8	79077160	79083572	8.22496922484017	8.00660626885826	8.41458480086831	-0.294013830006775	0.00984633807385652	0.0449900737357651
1079	chr10	75749803	75757164	8.23563960054694	8.01954098850391	8.42354623712181	-0.291101008850219	0.00989529630414216	0.0451962973056605
2576	chr12	75501665	75505929	8.20602059721924	8.40827615460934	7.97071379851492	0.305686609456737	0.00990141253686128	0.045206758321311
9356	chr6	90735821	90768566	12.1275478072192	12.2766804806772	11.9612028181843	0.242313954230685	0.00991130065915951	0.0452344258743255
8757	chr5	123577060	123584893	9.66097803669729	9.85103730945233	9.44202616190853	0.292283933776146	0.00992426655058373	0.0452761133442847
10497	chr8	24986027	24991183	8.12485043466059	7.90352761228416	8.31669279266193	-0.297249125868051	0.00994370896955389	0.0453473042007907
4270	chr15	100014245	100021317	10.1857233833227	10.0365094480094	10.3209408509944	-0.223626543299074	0.00997980228618962	0.0454943456071052
5987	chr19	53804947	53810984	9.26313920965917	9.42122326203473	9.08557678741838	0.252726877920799	0.0099961733243696	0.0455514014657737
5849	chr19	29273670	29281265	8.47347590759451	8.28309795004751	8.64163512679684	-0.266162720438381	0.0100251202025655	0.0456656978849319
8497	chr5	96217342	96226079	9.55512013728838	9.35712155835292	9.72919528187688	-0.275579098111209	0.0100311271169313	0.0456754520283856
2663	chr12	85120277	85125833	8.83118970363875	9.02409513141241	8.60845007609328	0.294652457378416	0.0100431098162308	0.0457123981466038
6693	chr2	153322913	153327336	7.96834438940733	7.73597962168091	8.16842374957672	-0.306384098038379	0.0100611212321237	0.0457705262162757
9359	chr6	91033944	91051233	10.2031320549207	10.392206575227	9.98548667232911	0.291281353168154	0.0100664906265438	0.0457705262162757
9636	chr6	145989563	145994815	8.97323888852103	8.79769833189886	9.12971874123341	-0.250593426693794	0.0100736601960047	0.0457705262162757
10635	chr8	70156272	70161070	8.63904489748955	8.81513405221905	8.43843558185464	0.275859852933553	0.0100771571011825	0.0457705262162757
10234	chr7	120697293	120701884	9.49815939804792	9.66627612415089	9.30783592014452	0.26567928209317	0.0100775478686349	0.0457705262162757
10666	chr8	71457731	71466440	10.0332880071947	10.167871977513	9.88484525188877	0.222069797353329	0.0100791223099822	0.0457705262162757
2548	chr12	69421287	69423996	7.67274957562576	7.89952530140765	7.40355608338718	0.330655918312023	0.0100873283777998	0.0457901928974575
4863	chr17	26714895	26717032	7.85340983591034	8.09960687409501	7.55637498231361	0.34736486450668	0.0101562992732721	0.0460855730464605
5648	chr19	3266125	3279001	8.99797331639962	8.80481586276528	9.16829670649985	-0.270508279275647	0.0101642070923672	0.046103750865033
10304	chr7	127272167	127282269	9.82456509197517	9.95957584282715	9.6756028833117	0.223691946820227	0.0101921556281095	0.0462127823874681
5106	chr17	48461308	48468656	8.62338375514577	8.81193140894414	8.4064365263392	0.289650528203298	0.0102046461126608	0.0462516679966246
4249	chr15	98828335	98838446	9.76248423580734	9.90506179205977	9.60425521397497	0.233210038386574	0.0102091803565569	0.0462544766461181
2204	chr11	108123415	108129823	7.85716445210583	7.626644238725	8.05587546477063	-0.303354077937998	0.010241302983712	0.046382229227881
1310	chr10	117863693	117865587	7.84504364847606	8.06916214197548	7.57958926696144	0.327687921652784	0.0102666927681266	0.0464794029686527
2500	chr12	52601966	52604598	8.66757419337331	8.90187255286586	8.38770466090076	0.337407305944268	0.0102784406854323	0.046497304081262
10605	chr8	61423065	61429457	8.87123092106174	8.69150907414847	9.03102387157637	-0.255522920415331	0.0102785171174895	0.046497304081262
2331	chr11	121080733	121086952	9.91951696838295	10.0779165323357	9.74155629008602	0.252790614658681	0.0102969827967141	0.0465630113761859
3258	chr13	93769769	93773877	8.56979901923031	8.78281907647348	8.3197844673433	0.316944726472945	0.0103176726382863	0.0466387222241741
6156	chr2	29451924	29459088	8.69131406904734	8.49535405039813	8.86381210200227	-0.273227511258269	0.0103235661420305	0.0466475172215036
3002	chr13	41652471	41657809	7.99073485378763	7.77606661666839	8.17755953251569	-0.288560139437222	0.0103315170951194	0.0466655986222977
928	chr10	40255520	40259378	8.59137010318844	8.78406678860144	8.36890886901938	0.29698026470172	0.0103610882382556	0.0467722620228039
6859	chr2	173044464	173051765	9.57072170534644	9.76589291246496	9.34495421648233	0.297325477431872	0.0103630485761426	0.0467722620228039
10071	chr7	84140793	84145442	8.20747930081579	8.00853372720391	8.38228573531614	-0.275527677621421	0.0103743898464993	0.0468055709913081
4993	chr17	34126846	34130564	8.01604060522929	8.21117490035305	7.79032253260496	0.298920265975155	0.0103947419677758	0.0468794927829158
8364	chr5	64158308	64163977	9.75217015626106	9.9279167851931	9.55200544358604	0.274533233988727	0.0104011029106018	0.0468805108244726
10585	chr8	47710833	47717766	9.20091462847967	9.35790755288129	9.02472797054187	0.251005175285867	0.0104029027912802	0.0468805108244726
11164	chr9	35158892	35166180	8.77827739676181	8.54513116898026	8.97893555009585	-0.305573278354496	0.0104084896043149	0.0468878052476497
5317	chr17	87116223	87122428	8.82014203581588	8.9862140738628	8.63243569586365	0.263630649058455	0.0104141109292265	0.0468952495197183
6507	chr2	117415293	117420667	9.34562472233976	9.5265348163148	9.13873192379462	0.280440290672791	0.0104226048203557	0.0469156184980278
3706	chr14	75750914	75755138	8.87571287543904	9.05184430442189	8.67504867045144	0.274519110625635	0.0104417798709151	0.046984033112998
7090	chr3	87836993	87862791	12.0088705248739	12.1329516420745	11.8731047981037	0.208166666107828	0.0104595559352283	0.04703242207432
10987	chr8	124230584	124234384	7.72370571876152	7.94306669714221	7.46490466023858	0.324875730458149	0.0104604946861301	0.04703242207432
4983	chr17	33913250	33922490	10.0102273606102	10.1764977369914	9.82226752380456	0.263776211136259	0.0104874535197914	0.0471356982844635
9683	chr7	13022486	13028102	8.6899166291945	8.87776867540902	8.47389024664523	0.28907784042209	0.0105090532808135	0.0472041657663222
9900	chr7	45796658	45802341	8.38779924821131	8.58725988997963	8.15626903160574	0.304886226802658	0.0105106770591735	0.0472041657663222
2008	chr11	88511929	88522014	9.11042359943417	8.9449730959437	9.25883707571699	-0.241302161088468	0.0105205860729438	0.0472307161998116
99	chr1	39945928	39951782	8.82434341743741	8.99682307230977	8.62840712403761	0.270804756807645	0.0105358058959307	0.0472810795542412
7487	chr4	33240775	33245918	8.75702484735137	8.93245152999557	8.55727521011238	0.275312834429051	0.010573035922026	0.0474301414026799
10690	chr8	72395949	72405046	9.44846005183193	9.24465846788666	9.62700307940898	-0.279355607050635	0.0106017911269309	0.0475410868902524
10251	chr7	122938404	122942090	8.97783670132747	9.18174579585747	8.74028746830962	0.305697466678847	0.0106220293302398	0.047599492658339
8385	chr5	65320350	65329993	9.80342423378307	10.1667196608601	9.31669086105129	0.396677967558514	0.0106228725575525	0.047599492658339
11632	chr9	121856080	121860125	8.54693446710225	8.71242356416545	8.35997272654069	0.261688144622129	0.0106506886936534	0.0477060415482214
4121	chr15	81299343	81304910	9.68938677861152	9.86744626553445	9.48621522662464	0.277061522842805	0.010686236452984	0.0478361307793197
8376	chr5	64903409	64910509	9.87389865692881	10.0675511781161	9.65016188265785	0.294562742283699	0.0106878288132535	0.0478361307793197
671	chr1	179542331	179550788	9.35789268592643	9.52263525436852	9.17188349803038	0.260053912763011	0.0106982478539988	0.0478513111014969
3451	chr14	30182211	30187285	10.7150085512989	10.9026354221109	10.4992800353052	0.288197399452899	0.0106993198993022	0.0478513111014969
10507	chr8	25595394	25628830	11.7697773516473	11.8876966884663	11.6413549886717	0.19907554502645	0.0107137166245715	0.0478917965491405
3762	chr14	118689972	118693482	8.7461782555294	8.90285978322746	8.57038379539507	0.250468302017778	0.0107164785101496	0.0478917965491405
6410	chr2	90485387	90506866	11.4784604687088	11.3493766020823	11.5969372383509	-0.200081953727308	0.0107343359715791	0.0479534645898595
840	chr10	18019926	18023775	8.97132806239997	9.14414524529934	8.7749559255785	0.269798698818449	0.0107582966400889	0.048042340551508
2203	chr11	108112503	108119679	8.97732358039871	8.81030929954688	9.12699386173045	-0.242884844546648	0.0108427469105758	0.0484011701909194
9245	chr6	71492522	71495883	7.9276622664125	8.14002384582943	7.67855489313882	0.316044257280512	0.0108480755186263	0.0484066693081903
2465	chr12	33130472	33133433	8.41798218679097	8.61946565867571	8.18372037606042	0.302526370265224	0.0108550429488272	0.0484194743236477
7702	chr4	106784217	106797799	11.0562011134556	10.912908487728	11.1865385651566	-0.216244962586518	0.0108625874823024	0.0484228408061357
11776	chrX	142691611	142696456	8.70565255724683	8.89222243992403	8.4913208046607	0.28515432387758	0.0108639938199954	0.0484228408061357
6935	chr3	27118966	27125894	9.2168934325345	9.41121792870572	8.99225874147334	0.29421036097469	0.0108896485881483	0.0485188867713276
9675	chr7	6284687	6289150	8.28090118458435	8.46108994733117	8.07495163099294	0.280063433259172	0.0108953304556	0.0485259045093743
2332	chr11	121098395	121107486	9.21907382307697	9.39326979948712	9.02091884714759	0.270878724202269	0.0109226610181931	0.0486293001473134
7370	chr3	144378211	144382301	8.56667805263947	8.74629451975405	8.36147608474399	0.279209039511803	0.0109308161261535	0.0486451880122958
1153	chr10	81316454	81322877	9.2124277322154	9.38337301657803	9.01846980081605	0.267678625870528	0.0109359591490513	0.0486451880122958
3211	chr13	73791619	73804428	9.53950036261922	9.35654562719335	9.70184317253467	-0.258845375005958	0.0109385802766308	0.0486451880122958
2138	chr11	103256031	103269741	11.4416917434364	11.5827281595217	11.2853588885241	0.229985856697439	0.0110004923232604	0.0489021133527633
10039	chr7	80597070	80599140	7.75452152504507	7.96302503425228	7.51070966743784	0.309309549419909	0.0110134542997408	0.0489413223037749
912	chr10	34410500	34419712	9.59312046021091	9.43639029591843	9.73448010007078	-0.231200736947745	0.0110331212365524	0.0489925056541723
11008	chr8	125724204	125728607	7.93839331069181	8.15620327924795	7.68174998377896	0.318102210858774	0.0110332648566141	0.0489925056541723
6535	chr2	120312365	120329314	9.80836878241881	9.64005725939088	9.95907979264704	-0.243748778972277	0.0110483824569096	0.0490412047749225
3550	chr14	54396832	54400580	8.73584741655586	8.93521902882799	8.50443721718811	0.298834717927665	0.0110624895998329	0.0490853838196116
1446	chr11	4820626	4828064	9.1902805713447	9.02404652509536	9.33932408667404	-0.240445546411593	0.0110924958611659	0.0492000492100363
6341	chr2	68906017	68910032	9.16678589854252	9.34924545188012	8.95786327210917	0.280314520582171	0.0110988037148878	0.0492095552326881
3975	chr15	62252497	62275485	11.216047611998	11.0811822829378	11.3393763072362	-0.206321054363872	0.0111049031561964	0.0492145933979879
8694	chr5	118587378	118592735	8.01710354277967	8.2410192823331	7.7519337856319	0.324557898445342	0.0111082701923184	0.0492145933979879
11501	chr9	107609564	107617280	8.72912385994647	8.89133855849095	8.5463318624628	0.256571510928977	0.0111259352452528	0.0492743818807746
1825	chr11	72299934	72307225	9.79522421646068	9.95864343557726	9.6109008375609	0.257656157292405	0.011167384466485	0.0494394210775521
10945	chr8	121876818	121909708	11.3488819941116	11.2063369526179	11.478600724717	-0.21517952452699	0.0111736609488729	0.0494486808134389
6836	chr2	168470160	168480661	10.5082815032859	10.6483040610762	10.3531936053379	0.227808257024001	0.0111929391100052	0.0495154505892258
11151	chr9	32649051	32666599	10.9036198359554	11.0354049821229	10.7585752293322	0.217541116826831	0.0112104502040467	0.0495627026002958
1614	chr11	48852128	48856217	7.72687770932153	7.96269349327726	7.44483826536636	0.336832997303743	0.0112120094829545	0.0495627026002958
9627	chr6	145118584	145146897	11.7138494320936	11.867906823911	11.5413524373062	0.246539161973929	0.0112235546577442	0.04959518393265
7885	chr4	129834175	129839899	9.12583785875108	9.27419741699268	8.96045437432738	0.23871833288847	0.0112791303545086	0.0498221324369621
8480	chr5	92334655	92340086	9.04992830394067	8.86963182520361	9.21017522817925	-0.254128128874952	0.0112905756351262	0.0498540514591372
4420	chr16	18407376	18430440	11.1836691118474	11.0444332440159	11.310642026693	-0.21149794777785	0.0112989565508556	0.0498724208460627
11366	chr9	70472538	70489492	9.74037637889255	9.55546760173586	9.90425544478753	-0.260124889237923	0.0113174759444652	0.0499355099924575
6964	chr3	35752957	35756325	8.37659686065783	8.58845662310043	8.12818017529178	0.312935894320382	0.0113273433434138	0.0499603915437766
