PeakID	Chr	Start	End	Conc	Conc_KO	Conc_WT	Fold	p-value	FDR
10307	chr2	73521680	73532786	9.52233547211032	7.99644246229071	10.2471912980914	-2.19170872632479	3.38729489329299e-57	6.42874697798077e-53
6103	chr14	118852469	118870070	9.4055956569974	7.70012799387251	10.165499849659	-2.38424574924372	6.40303674847216e-56	6.07616172246266e-52
10306	chr2	73499011	73511397	8.71257584380524	7.11909161971129	9.45123975891094	-2.26278726197905	1.22281741763416e-52	7.73595058975955e-49
12595	chr4	62779172	62806233	10.2016243556119	9.44828944726965	10.6940101429765	-1.20141569482618	1.66046361110747e-42	7.87848471880217e-39
18505	chr9	118458160	118472753	9.7578884386784	8.72851518229686	10.3525106138404	-1.56413894359713	9.34310855045317e-42	3.54645714358102e-38
12343	chr4	32165709	32179254	9.78187391880927	8.58153752010112	10.4278763507788	-1.78175078250468	1.67356263401349e-41	5.29375753849032e-38
13692	chr5	64794779	64811162	9.58726898951991	8.58639059948915	10.1725241681113	-1.52561802890822	2.34598923518792e-39	6.36064709923309e-36
11642	chr3	84726644	84748542	10.6360675131979	9.91967364265878	11.112587290519	-1.14461619000172	1.6743590330373e-35	3.97220751100186e-32
17316	chr8	116677782	116699139	9.85414107873982	9.11662513014019	10.3398037078414	-1.17507283838045	1.96592744983327e-35	4.14570411893174e-32
6768	chr15	97248535	97253465	7.99993105651018	6.76891510169457	8.65435070730156	-1.80488580393506	2.53425988777481e-34	4.80977184100781e-31
6574	chr15	78794966	78813955	10.0194879619144	9.06820747282615	10.5878380259118	-1.44468870606649	1.02834722269206e-32	1.6911900207017e-29
13702	chr5	65960236	65974975	9.44967538473952	8.599003973533	9.98121743832058	-1.31096652049955	1.0693018730397e-32	1.6911900207017e-29
8268	chr17	83985335	83990299	7.75637845087613	6.26072247390028	8.47479964828269	-2.11531925570647	7.18335532080455e-32	1.04871462025807e-28
2220	chr10	118562767	118575231	9.2591749976465	8.4636909803082	9.76897232327843	-1.23942497852308	1.34832351438577e-31	1.82784514139482e-28
15265	chr6	115984662	115995436	9.39967808227329	8.49478024021992	9.95149378465611	-1.37708707491803	3.78389606079799e-31	4.64452692932517e-28
13355	chr4	156181380	156197620	9.71972470219702	8.79568925182047	10.2784500451639	-1.40399769420893	3.91550823906437e-31	4.64452692932517e-28
1521	chr10	21810111	21830031	10.1150288540136	9.3457436824623	10.6140883177262	-1.20546787522795	4.99566512858994e-31	5.57721932208873e-28
10303	chr2	73371502	73380800	8.93659416267469	8.04189858085913	9.48467495229336	-1.37352595712555	5.51788880948808e-31	5.81800065084857e-28
10656	chr2	119742322	119761877	10.358051599397	9.77585617345002	10.7717035685323	-0.955279489975959	9.21772993092006e-30	9.20754191362799e-27
1522	chr10	21832976	21855975	10.1178214294881	9.38245684826147	10.6025615639927	-1.15953629356869	2.3556808881123e-29	2.23542337877416e-26
7861	chr17	32093148	32125306	11.3064216428337	10.7609238979912	11.7013144070549	-0.904797960456048	6.08546571124937e-29	5.49981208256199e-26
1990	chr10	81421584	81429478	8.35468723003531	7.00764594313873	9.03896971822622	-1.92237971780683	3.66405131807779e-28	3.16091045299083e-25
12270	chr4	7500344	7525680	9.84768238045552	9.24246791164523	10.2727402435868	-0.984506352369901	8.04980305610019e-28	6.64248748703154e-25
6102	chr14	118843073	118849577	7.92902821389118	6.57600492160678	8.61477031477076	-1.93470839678565	4.18498865343798e-27	3.30945415223331e-24
1417	chr10	7619795	7628290	8.96325702964416	8.19670457188758	9.46118052373481	-1.19303205004031	5.72559582547901e-27	4.34664332687064e-24
13066	chr4	133034239	133046437	9.30929135184937	8.46299172251616	9.8391527375596	-1.29678520319988	1.15504596840607e-26	8.43139132091494e-24
6606	chr15	80002934	80020990	10.2060487946283	9.43385582593006	10.7063136697212	-1.19697435523509	1.38881938334177e-26	9.76237150979389e-24
3622	chr11	119935257	119942913	8.78286820551799	7.58366347641195	9.42855576550635	-1.74396052019656	1.60848231394178e-26	1.09026377986789e-23
2923	chr11	72312897	72321885	9.20011141718552	8.48640130603863	9.67545569699606	-1.12429196171069	6.61805470459804e-26	4.33117449098504e-23
1610	chr10	39247243	39281262	11.1218406672952	10.636907007736	11.4841366918116	-0.814814577895481	7.84729001681787e-26	4.96445724097288e-23
12341	chr4	32071539	32090945	9.87862231852677	9.24207463912132	10.3187768178013	-1.02355219599131	1.06733690776097e-25	6.53451199109529e-23
18503	chr9	118335425	118343550	8.43635401934246	7.39088427722041	9.03616011974098	-1.54243883137174	2.07011448829346e-25	1.2277719647913e-22
3512	chr11	114674946	114681808	9.16027591682332	8.25798783146852	9.71113965264602	-1.35142961848116	3.1444269466468e-25	1.80842663698211e-22
331	chr1	60579496	60587042	8.66729107728544	7.9469512107213	9.14553351926632	-1.12851230692389	7.07377962697663e-25	3.94862539824675e-22
16601	chr7	142365039	142373830	9.16911142113363	8.25797753560058	9.72319236958068	-1.36929165224357	1.56511091034662e-24	8.486925704991e-22
1851	chr10	67908712	67921008	8.94561382037939	8.18136337167693	9.44257801821164	-1.18622644855012	1.6283796415161e-24	8.58472700453726e-22
16217	chr7	101621483	101630577	8.35162853455031	7.36629762271702	8.9316680058441	-1.46651670730931	1.79480765357536e-24	9.20639309654234e-22
10854	chr2	132584171	132598969	9.20121905291686	8.42753421285205	9.70210104283734	-1.19310409767029	2.80672513491472e-24	1.35437727831447e-21
3261	chr11	97961344	97987801	10.8813853469797	10.3213725192113	11.2837843189092	-0.9168018452735	2.82805252283146e-24	1.35437727831447e-21
12181	chr3	146105298	146120915	10.0648228355218	9.52814848499201	10.4550963254469	-0.884040404682905	2.85447553256647e-24	1.35437727831447e-21
16714	chr8	13199342	13212062	9.59696986066569	8.94541812477117	10.0441837905972	-1.03415614142248	3.92400240386434e-24	1.81643028348637e-21
8069	chr17	50435383	50456513	9.76788502885415	9.13322264364961	10.2071448271047	-1.01286498793136	4.54279786781884e-24	2.05280382698414e-21
14058	chr5	114896365	114905762	8.99351422146562	8.23563060492485	9.48781389547771	-1.17177600139964	5.92876963952185e-24	2.61679346484849e-21
1520	chr10	21776182	21791542	9.54065278883879	8.93095210166843	9.96790210706522	-0.982883044339461	6.75471575011111e-24	2.91358523230361e-21
7791	chr17	28342629	28365814	11.2591016424832	10.5888103535466	11.714982697981	-1.06002169837929	9.3856139151581e-24	3.95843481101746e-21
7790	chr17	28331958	28342209	9.5222289729955	8.77819950480739	10.0106726189206	-1.15119079239694	1.00408941778175e-23	4.14274196958257e-21
10956	chr2	153436381	153451044	10.3469824217156	9.81347353249526	10.7355881828133	-0.880128767314808	1.05871137292641e-23	4.27516662697239e-21
3270	chr11	98735543	98753361	10.0650161791446	9.34584474274526	10.5427492362109	-1.12073960623224	1.22397750709746e-23	4.83955606400058e-21
10147	chr2	59125950	59134742	7.8932611387945	6.87144743872913	8.48542218893359	-1.50159861969606	2.61483128784206e-23	1.01279353085621e-20
1757	chr10	59434001	59444277	8.97134543375147	8.29943726990923	9.42796662267417	-1.05799727317539	9.7153142459321e-23	3.68773898147091e-20
17374	chr8	120532581	120537122	7.9975036384439	6.93162562304587	8.60377353258805	-1.55214540595007	1.31490020808082e-22	4.89323353905213e-20
6115	chr14	121320448	121330244	8.93240815187386	8.25250041920873	9.39267346594476	-1.07483658296254	1.48164480104587e-22	5.40771859212493e-20
5131	chr13	95892864	95913846	10.1407552104156	9.47873979919861	10.5928289265937	-1.04793743729699	1.73435031995214e-22	6.12208169893036e-20
17659	chr9	32808067	32828275	10.0267176780417	9.42094072640383	10.4520508627779	-0.976330866879239	1.74188530345244e-22	6.12208169893036e-20
12345	chr4	32219215	32248070	11.1435967254817	10.4833713940921	11.5948427049893	-1.04361388153308	1.91485606445254e-22	6.60764604495358e-20
3396	chr11	104316677	104323856	8.9990040399482	8.31871870893693	9.45944063974867	-1.0705847522202	2.21371960982818e-22	7.50253294195162e-20
7460	chr16	92645390	92665954	10.2523420420588	10.7000999247337	9.59962462464426	1.03388117045625	2.48099731134287e-22	8.26085052139935e-20
6571	chr15	78438540	78447609	9.34431255823291	8.62252925964614	9.8231834567872	-1.1216163748913	2.56491293281704e-22	8.30202711040072e-20
2404	chr11	11438770	11450102	8.67265440448007	7.7636010166479	9.22598109422213	-1.35339370340078	2.58085041105244e-22	8.30202711040072e-20
12289	chr4	9033321	9047574	9.5059946323478	8.79548170672796	9.97993441943487	-1.10449638100288	2.99664705639127e-22	9.47889408054167e-20
11907	chr3	104772137	104780173	9.58585184016586	8.95971379300824	10.0210446442814	-0.996201335353814	3.13480392460587e-22	9.75335142378604e-20
13701	chr5	65750891	65763967	9.32508517534821	8.60768388879488	9.80204539407792	-1.1162237050424	3.33062710359064e-22	1.01954793224269e-19
8180	chr17	73788560	73801228	9.20772922919914	8.62832084375048	9.61998163182992	-0.937204078307526	3.47071573837164e-22	1.04556688886596e-19
5101	chr13	94127064	94137119	9.08151926663704	8.39489719196971	9.54482063757557	-1.07925319453673	4.87061119867303e-22	1.44436453030649e-19
2856	chr11	68433961	68451775	9.81965668864833	9.11833666972293	10.2895330443934	-1.09623543208596	6.95407299481445e-22	2.03048232874744e-19
10635	chr2	118671558	118680415	9.07387595252628	8.43365275909936	9.51576978788403	-1.01993862022657	7.69624909469312e-22	2.21313805406334e-19
15440	chr6	134400391	134423059	10.5046328144057	10.0740793324226	10.8357910268078	-0.731395508418412	1.18448929966036e-21	3.35528692809761e-19
115	chr1	36557073	36565603	9.13417856583521	8.45807922156823	9.59271267354867	-1.06000447231055	1.33825930274336e-21	3.73512107452445e-19
17980	chr9	60999279	61011175	9.86430129541304	9.22774892798522	10.3044580173268	-1.00952928654111	1.55580859545409e-21	4.2793755555251e-19
5894	chr14	65354262	65363964	9.59046944273286	8.8094408286158	10.0943760904311	-1.19145317190974	2.14039555321223e-21	5.80322388634499e-19
10350	chr2	75607660	75615109	8.91505824573233	8.20090723958097	9.39059585528914	-1.10369898346081	2.3178835970069e-21	6.19593137853436e-19
7699	chr17	23737825	23747573	9.59596277113691	8.94739962119793	10.0417791600413	-1.02539451323813	2.63778393769359e-21	6.95312518798425e-19
6836	chr15	100627328	100637720	9.76108547551171	9.09487408196198	10.2150935495303	-1.04465206333346	4.0792091134703e-21	1.06053848992538e-18
6724	chr15	89168545	89184794	10.6885287280574	10.1387629658557	11.0856405272322	-0.893926965112924	4.36122459877443e-21	1.11853623865054e-18
14334	chr5	140733467	140744347	8.93792183286736	8.0824969386039	9.47128331532326	-1.28396073469562	5.78083254302799e-21	1.46285894445504e-18
2376	chr11	5859087	5866470	9.47938319246991	8.91627042328111	9.88337046638135	-0.915465177991826	6.04230220226883e-21	1.50890596706395e-18
11201	chr2	170195753	170200879	7.43627231521592	6.36238787290794	8.04504538149686	-1.5596448120731	7.36633266303199e-21	1.81565750145044e-18
11637	chr3	84342911	84352601	8.74225871186207	7.85233670634988	9.28857951847647	-1.31687855764153	1.34016152610281e-20	3.26088789793657e-18
2698	chr11	54298667	54313647	10.3440540028871	9.84991261250125	10.7114428568175	-0.816388501238174	1.77154912068862e-20	4.25597857741131e-18
6632	chr15	81690244	81698602	9.24855265393157	8.58804825600333	9.69992777324257	-1.03977383956849	1.93520167957259e-20	4.59102408457602e-18
18466	chr9	114439786	114455638	9.63793339771448	8.91484809219737	10.1173704041496	-1.11385978075056	3.77253185282495e-20	8.83936815244009e-18
1760	chr10	60102190	60113405	9.24197322652672	8.30462655590814	9.80543169254528	-1.37001309851218	4.00772440649634e-20	9.27592701352366e-18
4116	chr12	85537159	85547732	9.0184796360177	8.27855608309625	9.5051723056083	-1.13063936107333	4.29021721192744e-20	9.81012439339409e-18
4761	chr13	45495057	45518560	10.5802274579419	10.1496998456328	10.9113704122923	-0.727787732237467	7.94189704478345e-20	1.79439600015411e-17
1130	chr1	167284710	167295535	9.5779945761687	8.93529174978103	10.0210581491873	-1.00984760752787	9.70598518638326e-20	2.16717521002786e-17
1524	chr10	21916904	21933903	9.60878153175786	9.05124559956352	10.0099077120868	-0.902277082242261	1.10553201642049e-19	2.43975489995866e-17
1612	chr10	39586082	39594502	8.30801453577735	7.50915776342927	8.81917438274521	-1.19962149587035	1.20864072417787e-19	2.63664279358297e-17
13695	chr5	64960312	64977883	9.82952644112286	9.15686531665055	10.2864918895494	-1.04717787751664	1.30219587280945e-19	2.80845175796029e-17
12583	chr4	59357431	59374109	9.62528307259229	9.00655255325015	10.0569127399979	-0.980782822101651	1.52091707371359e-19	3.24331293730452e-17
970	chr1	155077685	155090107	9.12337476277272	8.48992274466644	9.56205924946313	-1.00040491449215	2.31787499591197e-19	4.88788328304591e-17
5455	chr14	20830110	20843165	9.57171769947663	9.06420900090652	9.94641099794664	-0.835607018616398	2.83324066648347e-19	5.90901918782306e-17
17289	chr8	115234160	115269898	11.0577874702707	10.6377741579919	11.3826928362495	-0.711760888524279	3.40343773575128e-19	7.0210700855243e-17
8267	chr17	83971623	83984594	9.43841704924594	8.73417173850776	9.90959049013374	-1.08664000236621	3.83889827925178e-19	7.83424198300209e-17
12593	chr4	62579647	62589253	9.37745439605881	8.7958247857121	9.79082255835078	-0.929491634519028	4.14523260264204e-19	8.369401017611e-17
15304	chr6	120163561	120175443	9.15599690166679	8.551640518914	9.58063444447034	-0.956551472881202	5.37737641171798e-19	1.0742865991368e-16
11594	chr3	69181943	69192802	9.37641707757892	8.82757994708547	9.7730469097773	-0.885376209545887	5.77523146660512e-19	1.14175122921561e-16
11492	chr3	52445662	52456698	9.14606030786723	8.54350348059618	9.5698151551063	-0.95896759047796	6.76650807125815e-19	1.32393357406607e-16
2909	chr11	70539823	70545203	7.93734478730319	6.9364835629047	8.52259424861451	-1.43418967947484	6.95552693293066e-19	1.34703005775603e-16
4657	chr13	37663668	37671728	9.07280530025145	8.42980840378101	9.51600740124242	-1.00960248800486	8.7887246120507e-19	1.68486065062738e-16
6757	chr15	96766820	96775091	8.73189039418684	7.87311395901651	9.26652973129236	-1.2775807360654	1.00907265556443e-18	1.91511899299573e-16
16740	chr8	15001474	15014085	9.05959336504841	8.37492870843388	9.52201175838287	-1.05707319799561	1.33087001791826e-18	2.50084970990799e-16
8533	chr18	35871744	35882586	9.77001218894748	9.12123670784225	10.2159280097552	-1.01336617348916	1.66629364447904e-18	3.10044971358506e-16
17373	chr8	120466051	120475480	8.90371431436305	8.24807849550888	9.3528312150047	-1.02146765660284	1.94074165300655e-18	3.5760520225642e-16
2857	chr11	68461020	68467082	7.69788692332268	6.78415992295573	8.25290590169809	-1.34575648962594	2.12687329635283e-18	3.88133925879619e-16
2217	chr10	118187849	118194127	8.29074291137726	7.53229118447978	8.7852810185092	-1.14308167271433	2.29363093735687e-18	4.14579252953295e-16
15495	chr6	143153682	143164872	9.07985245675628	8.35252740429077	9.56112782052092	-1.10557958324635	2.35734828227749e-18	4.22076538201362e-16
2268	chr10	121529693	121538703	9.09754343750171	8.37387072220451	9.57723560774155	-1.10129730403298	2.62167602060295e-18	4.61373340836663e-16
969	chr1	155066924	155076757	8.90667330312003	8.22923324027014	9.36581762922515	-1.05374802348394	2.62544500818587e-18	4.61373340836663e-16
3613	chr11	119110386	119131444	10.6336094726186	10.1349711378021	11.0034673358023	-0.818549401292218	3.07115881429187e-18	5.34747918682985e-16
16469	chr7	127606245	127619370	10.0609231300482	9.56606309875362	10.428707348613	-0.811386612434189	3.62150352967013e-18	6.24841049905539e-16
1043	chr1	161910942	161921863	8.92726407848231	8.36661027263589	9.32999188870652	-0.901832195880236	3.85086218462138e-18	6.57006717708971e-16
8070	chr17	50493331	50499994	8.46894351728065	7.79483599591205	8.92656953576345	-1.04285831363659	3.87716699422545e-18	6.57006717708971e-16
8254	chr17	83285205	83311585	10.7531025709881	10.2710883904364	11.1137732416507	-0.795253297300136	4.27409691033582e-18	7.17859161604101e-16
3317	chr11	101132114	101142696	9.77425663309939	9.19181579414884	10.1880316467262	-0.925485450394436	4.53749607840883e-18	7.55413491860713e-16
5944	chr14	70190628	70196930	9.09095977030096	8.54556437493756	9.48579919816883	-0.881702420662363	5.04499735153004e-18	8.32600041171206e-16
6206	chr15	25501872	25512814	8.98096990075544	9.48362751094996	8.20298031008531	1.16504924351548	6.05781051460741e-18	9.91130911695983e-16
11789	chr3	97294138	97298862	7.82214800438022	7.04143532260865	8.3259249768246	-1.17513590487877	8.56373311573829e-18	1.38915462225297e-15
4737	chr13	44515983	44528112	9.18461223412185	8.58600068269992	9.60642613809141	-0.952262432838973	8.8528428125208e-18	1.42388223507485e-15
10351	chr2	75617338	75626659	8.9130256082878	8.34416036974166	9.31994661800148	-0.911594369967513	1.00591230719015e-17	1.60430333429931e-15
1354	chr1	191401998	191415091	9.95323351875576	9.48010169996433	10.3089274888973	-0.783628677146294	1.13626413855396e-17	1.7970964238013e-15
7807	chr17	29066693	29085910	10.3765489388994	9.8768169748115	10.747005450741	-0.818032296678243	1.35798498797221e-17	2.13001628815906e-15
14101	chr5	118448891	118478047	11.0780754609547	10.6307112458462	11.4190575138136	-0.745801452358772	1.67258314429415e-17	2.60196356520973e-15
6575	chr15	78815083	78826129	8.93259548918685	8.36530563288889	9.33871481563652	-0.906485678730047	1.74836401091781e-17	2.69773988318774e-15
7840	chr17	31285210	31292878	8.48458309144895	7.83002141332945	8.93320026329057	-1.01522312709749	1.81653117130962e-17	2.78031815324881e-15
2183	chr10	116729315	116745447	10.1125705033675	10.5711887026564	9.43628650811	1.04171890309617	1.9076202162154e-17	2.89637792668417e-15
6295	chr15	37783044	37800434	10.2824589482747	9.85861531131645	10.6096450396568	-0.71425027328293	1.99145337337248e-17	2.99966615660605e-15
471	chr1	79850840	79866186	9.81253094707633	9.2468423798679	10.2178340515742	-0.904796068323029	2.05689045818722e-17	3.07383653590042e-15
16565	chr7	140592884	140611178	9.65565395910601	8.98837845857818	10.1101512842505	-1.03220533857376	2.60596601225412e-17	3.86395538645086e-15
6752	chr15	96481219	96491998	9.31827231905722	8.72157785650746	9.73914021561506	-0.940415496815716	2.98240631786643e-17	4.38783639587496e-15
3272	chr11	98835851	98857696	10.6832426362113	10.2163825138303	11.0353936884946	-0.772835498821352	3.09272997538793e-17	4.51514786176058e-15
8535	chr18	35921967	35935446	9.64486826786472	8.93444807507764	10.1187672514129	-1.08234505505425	3.14860223687464e-17	4.56162762241556e-15
3501	chr11	113746880	113751920	8.01769566078374	7.1733859816377	8.54678970001507	-1.24312523391992	3.34490052288657e-17	4.7900179196403e-15
8534	chr18	35884921	35909773	10.3462284131032	9.75365680386942	10.7650554697872	-0.936673694153934	3.35672260557542e-17	4.7900179196403e-15
8858	chr18	77810141	77825476	9.35700397065693	8.87366248959315	9.71841422063956	-0.794632169108432	3.76962201476079e-17	5.33907882224964e-15
6771	chr15	97569439	97581377	8.79120488053398	8.17606448418575	9.22109786213161	-0.965305554505041	3.85698851100416e-17	5.42091299156387e-15
12269	chr4	7487164	7499958	9.19957967186968	8.59358306566018	9.62502032875397	-0.956075997128931	3.88452588046096e-17	5.42091299156387e-15
18104	chr9	69259183	69270175	8.99741173217956	8.34720218905539	9.44399854320371	-1.00708277457639	3.98807604984592e-17	5.52479528102378e-15
679	chr1	120260558	120268670	8.57032374554768	7.90096589921078	9.02577696156298	-1.03172831020913	4.29320605414119e-17	5.90440273199606e-15
8770	chr18	65344807	65358531	9.76465041127465	9.25474050331913	10.1406447884066	-0.829631418100412	4.6192598727453e-17	6.30711749099519e-15
13703	chr5	65977909	65983384	8.12725889649777	7.3014630052839	8.64914295822127	-1.22227359878082	5.20321309154476e-17	7.05369866174486e-15
9622	chr2	4457385	4468355	9.0730464583282	9.54777542180004	8.36073830788622	1.080378811185	5.55975046004098e-17	7.48358184263246e-15
15329	chr6	121209189	121215345	7.82723144274404	6.94323492035914	8.37135644199219	-1.29360891822329	6.08214268201248e-17	8.12908351844471e-15
8834	chr18	75323656	75335400	9.33356683107572	8.78359026018776	9.73078797596483	-0.880669038955806	7.38087726036705e-17	9.78059453703064e-15
14743	chr6	50527869	50534040	8.05257166191063	7.18440329407493	8.59077014950143	-1.26262964716044	7.4208631294189e-17	9.78059453703064e-15
335	chr1	61102789	61121072	9.59477068096672	9.13386564534605	9.94353526182003	-0.762712291943769	8.51810723056862e-17	1.11493211813077e-14
10701	chr2	122228161	122243070	9.54913783407167	9.07850678773116	9.90342199160067	-0.77596216568827	1.02306523421119e-16	1.3299147315133e-14
17657	chr9	32542102	32569123	11.0918798873218	10.6573080908077	11.4254028495633	-0.725903853692298	1.28305605286824e-16	1.65653883179498e-14
15852	chr7	46279940	46286023	8.42851726300006	8.85760815213438	7.81503050747825	0.964265083492321	1.35125566938912e-16	1.73280279387407e-14
15915	chr7	64052056	64059070	8.17645616454417	7.34188647318063	8.70177310866233	-1.22552348798353	1.48496937231585e-16	1.87953367014672e-14
17317	chr8	116730478	116747087	9.99830589613824	9.54251673795302	10.3441436571555	-0.755072882575188	1.48548422215084e-16	1.87953367014672e-14
16818	chr8	34111054	34121395	8.48553797557533	7.88470338730889	8.90844651286508	-0.945332315350842	1.52721570017803e-16	1.91953819693237e-14
11222	chr2	173132663	173155367	10.6535496028116	10.9506792312812	10.2789185270746	0.641796678212554	1.59162295921487e-16	1.98732974624599e-14
8263	chr17	83898366	83911760	10.0670510121869	9.6536865665288	10.387974342816	-0.696404512286561	1.94875747584215e-16	2.41735085843191e-14
2267	chr10	121484152	121497354	9.58748354666177	9.06054747380815	9.97260849371781	-0.850569382650231	1.99235312983996e-16	2.45538117215796e-14
16570	chr7	140679951	140726262	11.4033355797025	10.8987794146037	11.7764244824112	-0.82156745176125	2.02178137789967e-16	2.47557346910696e-14
3543	chr11	116105118	116113580	8.45085204742091	7.54598863203949	9.00265520720181	-1.30043414564218	2.29440009411762e-16	2.79137303758066e-14
18078	chr9	66638772	66662935	10.4832043134934	10.0022079102755	10.8433071545642	-0.789086475589196	2.44070695555694e-16	2.9504571534723e-14
3665	chr12	8442997	8454961	9.08210400489699	9.45834875943715	8.57173130451406	0.829100918510854	2.58770674144987e-16	3.10835988898589e-14
13196	chr4	139767380	139774269	8.47502105949818	8.95269810503794	7.75597801978264	1.08217735006621	2.96176550481168e-16	3.53530487520886e-14
16215	chr7	101567862	101577213	8.48374165744655	7.87169689415816	8.91213199797075	-0.95824816462924	3.07663380812725e-16	3.64946456527794e-14
13589	chr5	35840561	35857473	10.201469935408	10.5150392990484	9.80025692711577	0.678389689504726	3.6330401958717e-16	4.28269999238813e-14
17989	chr9	61872606	61879574	8.6051624375301	7.89905665415237	9.07715884672754	-1.07327441692381	3.92539374835858e-16	4.59269273628629e-14
4527	chr13	23713241	23729260	9.60630678892182	8.96131853931581	10.0504458672182	-0.996664979116074	3.94440653361434e-16	4.59269273628629e-14
14707	chr6	49029218	49053993	10.4375013609977	9.90797783163476	10.8239994620478	-0.853422540157676	4.03268263630032e-16	4.66684657038682e-14
14832	chr6	54742056	54753558	9.24646447596025	8.70309011591688	9.64024952193081	-0.870638672844571	4.1451838746224e-16	4.76796634887628e-14
2924	chr11	72332326	72342860	8.78712321375915	8.24708363180103	9.17916356900048	-0.866021190847223	6.63283148566248e-16	7.5834041425535e-14
4738	chr13	44599581	44606822	8.970861583968	8.35340259510944	9.40187689450376	-0.961585329714482	6.85334214483026e-16	7.78859763872656e-14
16567	chr7	140636437	140654790	9.82710835458628	9.21759064078631	10.2542684911026	-0.953731420062881	7.1257471252807e-16	8.04997349349419e-14
3586	chr11	117956966	117961863	8.31290651323807	7.57774097195753	8.7975612011109	-1.10542313562281	7.2678326880418e-16	8.16190512345239e-14
11502	chr3	52932833	52947913	9.72871894440115	9.25073272244426	10.0871387122695	-0.780339472963952	7.35584318940262e-16	8.21214987598072e-14
10258	chr2	70893476	70906917	9.91926708479835	9.48855777721453	10.2505171946494	-0.718456505105908	9.52146094513635e-16	1.05677080279382e-13
5780	chr14	57734220	57745535	9.55347850347726	8.96709773225588	9.96922461550135	-0.922596252674472	1.08595079996498e-15	1.19827094375205e-13
3430	chr11	106616974	106625841	8.50318233555701	7.8747143214292	8.93949030391493	-0.979105202645857	1.09704427711654e-15	1.20351464366444e-13
18506	chr9	118473717	118481765	8.66714293933314	6.84080253376133	9.44789061618139	-2.29002407215168	1.14427751671012e-15	1.24811741319778e-13
7817	chr17	29413404	29420704	8.69921484569912	8.03153404082093	9.15389838168641	-1.01891390789349	1.55991869853563e-15	1.69175411311473e-13
12290	chr4	9053056	9071424	9.54150358051501	8.97172235474394	9.94889011259753	-0.899886009531362	1.70580379912403e-15	1.83945740361221e-13
188	chr1	39767884	39787165	9.62265721418946	9.03217134572169	10.040448487684	-0.929557317467085	1.80997127867662e-15	1.94075959875727e-13
13508	chr5	32084571	32133586	11.8575193646877	11.4908105617243	12.1496535466941	-0.626438012634469	2.18734841526182e-15	2.33222952658731e-13
14281	chr5	137711616	137730557	10.1447131032081	9.71076835430329	10.4778677408078	-0.722576447847849	2.26497952139878e-15	2.40151096852667e-13
1572	chr10	28452346	28481504	10.4555240973605	10.0859919264585	10.7494437073058	-0.630327778451452	2.33708137351115e-15	2.46419263265934e-13
6116	chr14	121379967	121390809	9.70321683946347	9.22932436401105	10.0593388732372	-0.776082277180271	2.51908097925637e-15	2.64141645885672e-13
7196	chr16	33355728	33366808	8.6303322406736	7.94944029226913	9.09104387716925	-1.03427043324472	2.67846820331571e-15	2.79311252916093e-13
11163	chr2	167401540	167406419	8.2277075063869	7.53765248797294	8.69255326439182	-1.03918890653732	3.03808575050181e-15	3.15081035293847e-13
4187	chr12	99611964	99619878	8.39344818425484	7.78064775866218	8.82220577035503	-0.951998505873756	3.07950674259441e-15	3.176410786288e-13
6100	chr14	118792801	118803772	9.16444629868782	8.66159004819886	9.5366091717789	-0.811493884575004	3.33212604199657e-15	3.4184010892461e-13
1231	chr1	180309124	180320445	9.18682868877123	8.52838787853223	9.63724800520238	-1.00371026482144	3.62353950182329e-15	3.69737398952173e-13
3132	chr11	86895761	86901547	8.35181810085541	7.74506848694169	8.77762700294693	-0.945674514726982	4.36743380803282e-15	4.43259498623823e-13
8938	chr19	3924867	3933576	9.16394178805152	8.60656362283929	9.56498678520547	-0.882271455723383	4.47564219041861e-15	4.51825601765717e-13
4976	chr13	69486631	69492012	8.10944120424802	7.33906052901557	8.60895520655563	-1.12729363398843	4.5117617554856e-15	4.53062044218842e-13
7756	chr17	26509246	26530079	10.8505596515542	10.3312219202506	11.2316303036439	-0.834254311200465	4.99093476941094e-15	4.98541847308685e-13
7496	chr16	94555172	94568188	10.2017137329581	9.79256632672897	10.5200961945523	-0.686094259149118	5.23857498494152e-15	5.20538820100551e-13
18296	chr9	96379309	96385862	8.13082569263534	7.36814999673501	8.6271324068242	-1.12754274212281	5.72099903873308e-15	5.65514795604767e-13
8602	chr18	39521544	39535621	9.63762602067514	9.20552507649351	9.96969614274929	-0.717771850173835	5.98883982058817e-15	5.88923269196595e-13
1479	chr10	19297303	19308107	9.27134090821488	8.78545584105672	9.63416550249285	-0.7910543423453	6.13762967585158e-15	6.00443678443233e-13
2890	chr11	69830303	69837689	9.00074650822439	8.30348695520028	9.46881613152092	-1.05089681073022	6.59223329772743e-15	6.39552915640941e-13
7812	chr17	29161749	29167007	8.24346670161236	7.56848814446742	8.7014900574047	-1.0258191241634	6.60479326969937e-15	6.39552915640941e-13
2018	chr10	84862479	84879893	9.94161397198745	9.52500454674012	10.2644844010005	-0.696732438396193	6.9078570343206e-15	6.65503647991729e-13
15307	chr6	120491377	120500171	9.7183878447376	9.3159571714252	10.0326986245128	-0.678063493562776	8.00014033221937e-15	7.63437603747194e-13
2906	chr11	70457907	70468201	9.95745678999981	9.49194895273098	10.3088407628416	-0.764224835662859	8.00485184391652e-15	7.63437603747194e-13
12271	chr4	7552293	7570832	9.99899615954842	9.50663167468486	10.3654061261686	-0.799103096487563	8.13985889127884e-15	7.72431909487906e-13
9611	chr2	3568192	3575959	8.51421832142914	7.86062165488496	8.96238607005978	-1.00268210549153	8.28636786229276e-15	7.82422764469922e-13
16019	chr7	80110881	80120355	9.08169565616953	8.48160780507338	9.50423677744512	-0.933738544007415	8.39093443553459e-15	7.88373983425797e-13
5697	chr14	54429079	54447420	10.3938098409449	9.98873387271711	10.7097278335582	-0.67828082881094	8.58558400004038e-15	8.02688663727913e-13
8532	chr18	35863622	35870925	8.40524069009668	7.68784251599972	8.88219954874373	-1.07053293295596	8.85572047002766e-15	8.23885876473799e-13
14186	chr5	124525957	124534058	8.60945415425233	8.03964030069724	9.01685726018345	-0.897947963049404	9.11833587120389e-15	8.44179982924774e-13
7792	chr17	28373774	28383764	9.5541979730204	9.09140138100812	9.90404060039678	-0.755833851801261	1.00661044966902e-14	9.27400957488749e-13
13480	chr5	30381338	30391434	9.03421789182806	9.52166842101486	8.29251925758775	1.0995966574767	1.07133023159782e-14	9.82259732632609e-13
17295	chr8	115457661	115469179	9.73351270538372	9.29736019464574	10.0679630445987	-0.725986251284101	1.08649571152283e-14	9.91375101393833e-13
2850	chr11	68252221	68284301	11.0668049584746	11.4001523051724	10.6325321894214	0.719883764152074	1.18265971277908e-14	1.07395687506383e-12
8613	chr18	39840930	39854428	9.39356331932991	8.9448395237784	9.7353319940472	-0.739811651823457	1.21669351540657e-14	1.0996012489953e-12
17990	chr9	61893722	61906228	9.59282902303538	9.09110812694591	9.96437247135017	-0.808909121242323	1.54519560437205e-14	1.38987049172404e-12
12291	chr4	9096822	9111976	9.58771977417858	9.12544519442196	9.9372651150214	-0.757555246054427	1.77926654895617e-14	1.59286319965279e-12
6213	chr15	27703803	27714196	8.98823369533178	8.4365457171048	9.38634164375394	-0.868319998118933	2.08632254697938e-14	1.85898195394937e-12
8605	chr18	39569452	39598325	10.7147749945507	10.3497405035459	11.005847684687	-0.621777182354981	2.25951461258572e-14	1.99504631203322e-12
11839	chr3	101296839	101306432	8.86792339453067	8.32578432539858	9.26106287656546	-0.865513358379551	2.2600503561154e-14	1.99504631203322e-12
1885	chr10	75944740	75951694	8.45431553916926	7.85476433481778	8.87659243961721	-0.930169102687074	2.32265319087397e-14	2.04081643099987e-12
3370	chr11	103301288	103314395	9.89728939071211	9.4507849665629	10.2377733838951	-0.734211999198482	2.58641618523172e-14	2.26210104974713e-12
6761	chr15	96874035	96880932	8.09866032465966	8.55110010013614	7.4358522294429	1.00378922179244	2.61355732104323e-14	2.27535341266419e-12
332	chr1	60591642	60609743	9.97318761776878	9.51557405166568	10.3200710044563	-0.749958509822634	2.65885499581872e-14	2.30421958747231e-12
11698	chr3	88526129	88539170	9.75355838710905	9.18584577793554	10.1598929744721	-0.891297414052649	2.78924503037596e-14	2.40623097415933e-12
11536	chr3	59334590	59345040	9.18126162846021	8.61061140519726	9.58908939001434	-0.896727191355383	3.0649230279869e-14	2.6320893279712e-12
2218	chr10	118307299	118322737	9.86766716848977	9.38659959268796	10.2278097378567	-0.779255669961972	3.08007600874785e-14	2.6331875031543e-12
19	chr1	9842903	9853644	9.43414627536136	8.90212950258667	9.82196397196086	-0.844575099089718	3.76479518848558e-14	3.20412770772502e-12
11636	chr3	84326387	84335080	8.29580934283702	7.59479354285383	8.76555058869269	-1.04944923897414	4.0972496295933e-14	3.47150449643086e-12
15359	chr6	124768248	124779943	9.29102591667386	8.77311615877275	9.67133097151406	-0.828853626976021	4.31072171223165e-14	3.63614166117531e-12
2964	chr11	75190567	75204839	10.2119880614883	9.75285422104088	10.5597411783434	-0.750244644328736	4.50528297971117e-14	3.78344095893532e-12
11202	chr2	170331435	170340003	9.17870242926417	8.73006084397103	9.52042357225422	-0.737844596642684	4.91863998047247e-14	4.11237304799062e-12
5199	chr13	98693281	98704063	9.52213977427889	9.11016212416589	9.84222883975155	-0.685611428706897	5.15061243802248e-14	4.28743304654512e-12
9297	chr19	37357461	37367576	8.87486461466049	8.3753068085559	9.24522584006028	-0.804156447598615	5.57758557307092e-14	4.62257627036301e-12
10355	chr2	75813563	75820947	8.72542966686439	8.14137413863565	9.14001346598904	-0.905356482213533	6.32202533645114e-14	5.2167703852394e-12
6451	chr15	64327693	64345424	9.71069466882815	9.19154838085497	10.0916627475622	-0.8281053237981	6.58791958543588e-14	5.41264613904708e-12
9230	chr19	32916854	32951770	11.1546226432488	10.7776008682452	11.4532509880545	-0.638363905395493	6.74752283380009e-14	5.51988085615052e-12
12613	chr4	63419826	63425584	7.49605475081533	6.33193539364593	8.1318216157197	-1.57121531243886	7.72369714919739e-14	6.29133254054151e-12
4117	chr12	85550328	85569620	10.3271830025184	9.87950871582282	10.6683445586664	-0.733898546843989	7.93472954687707e-14	6.43560820812734e-12
6117	chr14	121429817	121451946	10.4289990746737	10.0667465521176	10.7183035738509	-0.615202189065629	8.23977085154216e-14	6.6545791911242e-12
3225	chr11	95713354	95718359	7.86881552244807	7.14594679848627	8.34815841082749	-1.07229927576369	8.32266427544921e-14	6.69304429168435e-12
18502	chr9	118238253	118253233	9.68895394001529	9.2607009238075	10.0187536247992	-0.709024696578713	9.20401771750903e-14	7.37059292238835e-12
3585	chr11	117915861	117951631	11.6876736286192	11.3465052188083	11.9633938204128	-0.584912296309211	9.34785017653384e-14	7.45432136556453e-12
192	chr1	39855544	39865525	9.0775135000282	8.57711694992858	9.44833346099739	-0.802822304972433	9.5688256535345e-14	7.59860845516449e-12
18102	chr9	69202720	69219729	9.94761644334141	9.50460026592197	10.2860749467918	-0.726618920807811	1.05666282422864e-13	8.326193230099e-12
16366	chr7	116299742	116317592	10.1622218533248	9.7818715488491	10.462930122098	-0.639860162002405	1.06126046828003e-13	8.326193230099e-12
7191	chr16	32789335	32801092	9.60794724322951	9.19950843017308	9.92590159051339	-0.681025863346331	1.06166750707833e-13	8.326193230099e-12
15439	chr6	133990976	134002326	9.26243399849126	8.80899342541092	9.60692264396568	-0.742339534235421	1.07873565529671e-13	8.42523621476389e-12
6738	chr15	94246877	94253183	8.39300588147722	8.82712974917879	7.76909600264612	0.950228416166956	1.08696509077638e-13	8.4547174007561e-12
1339	chr1	189766563	189786685	10.467270233551	10.8166438797362	10.0052970013885	0.752522622428184	1.11567049089109e-13	8.64257561086614e-12
6603	chr15	79941164	79947456	8.20804164494012	7.44739120687675	8.70350128540479	-1.1055725994383	1.20013855729062e-13	9.25911775561735e-12
2524	chr11	31990240	32000552	9.0451657297454	8.59107953103518	9.39002559156096	-0.743057354887862	1.25577125670626e-13	9.64910230001138e-12
4698	chr13	42036248	42048650	9.39193154791598	8.88514639863561	9.76623214098482	-0.808570809086218	1.27839357171253e-13	9.78331919255327e-12
7155	chr16	30941167	30947728	8.31258672478935	7.76521737786118	8.70845380412236	-0.864442479139103	1.29423152231027e-13	9.86474701282192e-12
14016	chr5	113072423	113078367	8.48597846517819	8.9141528755443	7.874377735804	0.939125525644318	1.30315963011394e-13	9.89306664797302e-12
5311	chr13	109880606	109898880	10.0125627293106	9.57774555477893	10.3462297562176	-0.71631602829286	1.3297230152062e-13	1.00545072133858e-11
408	chr1	69473246	69482086	8.82153409245882	8.33587399760299	9.18423374870666	-0.784419131115841	1.36536088335164e-13	1.02830096052106e-11
191	chr1	39828393	39838242	9.22712493335579	8.79385939306726	9.55988032034531	-0.714367007839156	1.3908332812049e-13	1.04334485549359e-11
8977	chr19	5733446	5751878	10.5371173466687	10.154950283572	10.8389575839906	-0.643194153584743	1.45461793546711e-13	1.08689739359174e-11
4040	chr12	78986128	79018490	11.2379940242996	10.9018063941064	11.5104570837446	-0.577854636353177	1.49699887703532e-13	1.11417810538248e-11
14158	chr5	121970489	121976219	8.25523112482558	8.70866215247337	7.59027331927749	1.0004573483107	1.53254766300688e-13	1.13618055063311e-11
8908	chr18	82789533	82806051	9.87178950827964	10.3062185589812	9.24724400318265	0.952730516275853	1.55564724892944e-13	1.14881825437478e-11
13054	chr4	131914909	131923478	9.82631408758396	9.40597832597433	10.1514118252375	-0.696236886533762	1.6072520319842e-13	1.18232698895458e-11
18151	chr9	72391717	72404270	9.47579376153274	9.00542067044929	9.82993227898122	-0.763091675535013	1.62376317685235e-13	1.18756444494972e-11
1484	chr10	19616219	19665015	11.5989753719987	11.2305972632801	11.8921658707327	-0.624555381304537	1.62688632534342e-13	1.18756444494972e-11
8835	chr18	75355176	75366813	9.2584626035489	8.7521337932152	9.63251536295908	-0.807953776711363	1.79696734242107e-13	1.30669131003101e-11
6300	chr15	38251231	38265614	10.0322999233698	9.58272444178402	10.3745607682873	-0.734991156428452	1.92789593973107e-13	1.39654721527313e-11
190	chr1	39815112	39827060	9.29386155951198	8.8564785163547	9.62903271534209	-0.719610447916324	2.08597652007591e-13	1.50531362640763e-11
17288	chr8	115197254	115232254	11.3849513958995	10.9627044281585	11.7111879418813	-0.698656603180072	2.43001967253027e-13	1.74694482443e-11
186	chr1	39690551	39702302	9.44047455273298	8.91023637879078	9.82735124939021	-0.837300191290679	2.52779964107579e-13	1.81038148633877e-11
16568	chr7	140656344	140668415	9.29469150033287	8.75563773207308	9.68621491928415	-0.849150457393548	2.71758458341076e-13	1.93898638378018e-11
14428	chr5	148661490	148671898	9.84353472518287	10.1688156866747	9.42289174063469	0.6950747142284	3.0037622041675e-13	2.13514617501479e-11
3262	chr11	98007320	98014025	8.23153167188106	7.50604717125818	8.71200992224798	-1.0695191716118	3.19132370638221e-13	2.26000494863537e-11
187	chr1	39715487	39723806	8.21714425277569	7.54780888649513	8.67258716017263	-0.996640201677533	3.44534054421055e-13	2.43082223749338e-11
3248	chr11	97425346	97432683	9.62843182373056	9.14796630149595	9.98823823245508	-0.773163140504837	3.52061822706051e-13	2.4747338270882e-11
864	chr1	138386525	138401086	9.34248811176555	8.80781925434903	9.73170565282297	-0.842411732176711	3.54130741513373e-13	2.48009127054697e-11
1834	chr10	66921212	66926636	8.33107589095948	7.77289097156183	8.73253588345275	-0.871004531606986	3.57440269711892e-13	2.4940657642875e-11
12605	chr4	63025558	63034118	8.67355148059319	9.07830271643697	8.10894406734594	0.878523236146901	3.67597808319406e-13	2.55554534948498e-11
110	chr1	36297012	36305554	8.69013416584348	8.02278330817975	9.14466611844199	-0.999392534302397	3.74879815411446e-13	2.59665840025323e-11
17988	chr9	61859782	61869911	9.14787888011388	8.63054328412485	9.52787577401904	-0.822784938111957	4.20735676085715e-13	2.90368814415665e-11
4740	chr13	44687477	44701266	9.50701730875828	9.06909917388241	9.84250160460659	-0.721656696707895	4.23077307788664e-13	2.9092696465656e-11
5133	chr13	95945382	95955112	8.59291833220356	7.93473084626754	9.04322017713641	-0.993149762021366	4.42052756316671e-13	3.02877951701592e-11
4306	chr12	110247343	110255106	8.49346133323337	8.89608112652669	7.93301812364045	0.873937813634341	4.69907904870119e-13	3.20805112465107e-11
11136	chr2	166129687	166144399	9.76676835677231	10.1516264987739	9.24033420573289	0.832257901737563	4.8808210789811e-13	3.32018291247248e-11
14157	chr5	121953704	121967782	9.32298783532189	9.75189145774872	8.70988675479399	0.936091346666898	4.93213772420787e-13	3.34310863813361e-11
217	chr1	43305378	43311562	8.16844277211342	7.57543192339554	8.58748767055755	-0.913292971118795	5.21912526555011e-13	3.5250454951913e-11
1611	chr10	39316179	39325474	9.26969792634974	8.78726625948167	9.6306013369752	-0.772663042032254	5.4176478571392e-13	3.64615385392357e-11
5330	chr13	111961329	111972813	8.91741749254528	8.47410933406574	9.25604583516255	-0.727961327006728	5.63615562884232e-13	3.77980910529323e-11
12342	chr4	32103716	32114758	9.23634036258376	8.76065413585682	9.5934704444795	-0.767973333028498	5.69226087883864e-13	3.80399363448868e-11
3149	chr11	87760681	87767399	8.9577083726949	8.44439691907827	9.33554015135468	-0.814336946461841	5.84682070650762e-13	3.8935722873266e-11
1515	chr10	21607682	21617526	9.00201946842434	8.48444555810261	9.38214429192955	-0.821878937230038	5.99501563604045e-13	3.9783007607137e-11
11996	chr3	115789035	115799964	9.44229443803807	8.95683906943024	9.80488037353302	-0.780523289414536	6.33348975091937e-13	4.18826836176651e-11
13686	chr5	64391501	64401619	9.11528518173034	8.56014470925043	9.51517726544953	-0.870187942792582	6.66715536912509e-13	4.39360908856337e-11
1355	chr1	191422903	191431403	8.93172201000581	8.39723558050946	9.32084338635443	-0.843219249289745	7.08356481538431e-13	4.651867703501e-11
11483	chr3	52051426	52068042	9.68170167096833	9.30396699353456	9.9807761491277	-0.637158358530874	7.19672206279156e-13	4.70988234585245e-11
7381	chr16	78504562	78518138	9.40901251654606	8.96454723650523	9.74831339783377	-0.728403293543694	7.2310877760677e-13	4.71611047773158e-11
13134	chr4	136467974	136476560	9.13071126164049	8.39971297268968	9.61357309715034	-1.06444448404108	7.42126303092675e-13	4.82356681725886e-11
17333	chr8	117526480	117534090	8.338768430796	7.688937730397	8.78517807840704	-0.976077122480895	7.63653512712324e-13	4.94654608114922e-11
12266	chr4	7380165	7407440	10.6031399950218	10.1399561807413	10.9532030368601	-0.750793169604955	7.68240858827582e-13	4.95933444207098e-11
14598	chr6	34522719	34546773	10.375961434743	10.7181276811028	9.92654971477276	0.732623116963899	7.86402483801124e-13	5.05936703052933e-11
11183	chr2	168157470	168166555	9.29243741133747	8.86443778649875	9.62208724640999	-0.70267739872228	8.58085514631884e-13	5.50189357506707e-11
9400	chr19	43876585	43882070	8.38793172954042	7.86358983713652	8.77167616280308	-0.830103755339735	9.66812591468653e-13	6.17816032777224e-11
1010	chr1	159661372	159671725	8.83881150475398	8.39255709130692	9.17915058374403	-0.730097005994647	9.71008699681301e-13	6.18415238632598e-11
18486	chr9	116225351	116233919	8.80164275326232	8.34312410921285	9.14904409740117	-0.743278826926538	9.86688137709658e-13	6.26299470421124e-11
6472	chr15	67488631	67510149	10.1775092476121	9.77376816130732	10.4926167925947	-0.670871688508069	9.95233922943163e-13	6.27617265429358e-11
2069	chr10	93032583	93039538	8.70997660667943	8.23314116250472	9.06775149521588	-0.764377895791141	9.95378033058838e-13	6.27617265429358e-11
10353	chr2	75751642	75763691	9.19183613904824	8.73559042852097	9.5379357597838	-0.740542143267533	1.01429696522663e-12	6.37157927204776e-11
17784	chr9	45037969	45043775	8.48496881848369	7.85963009706171	8.91977843683648	-0.947249544893004	1.01830762564811e-12	6.37157927204776e-11
1450	chr10	17818150	17830830	9.15674366297106	8.72855757585417	9.48650377153101	-0.701671491610527	1.02058069376812e-12	6.37157927204776e-11
3614	chr11	119131908	119161849	11.1246845853231	10.7091650775366	11.4469018080346	-0.687797665211714	1.05539424448466e-12	6.56732044789324e-11
1092	chr1	164789972	164803288	9.27659127057976	8.81674018923642	9.62475421222943	-0.747444844343852	1.06336058796792e-12	6.59526816962195e-11
3368	chr11	103095855	103102801	8.87491115470448	8.27048916418396	9.29958084762154	-0.920737332656206	1.15705189570825e-12	7.15299281063418e-11
13002	chr4	128613568	128622641	8.95943684459667	8.43688699203723	9.34222540515331	-0.822171704912711	1.16849083710569e-12	7.20025571345096e-11
8255	chr17	83312388	83335906	10.6260571817854	10.2495437163623	10.9243672081761	-0.63189599148011	1.21546842933616e-12	7.46549363118803e-11
17400	chr8	121365537	121372237	8.98640403919078	9.3684526830559	8.46523901842164	0.821195357981468	1.22958521580664e-12	7.52783800348198e-11
8585	chr18	38591088	38644616	12.1957621609935	11.7414082266583	12.5407758864398	-0.737987358781183	1.28489642239637e-12	7.84117337641824e-11
4708	chr13	43333692	43341763	8.68415151457243	8.20480759502406	9.04333108552386	-0.768767841768142	1.29381824147648e-12	7.87031295031479e-11
17377	chr8	120628150	120638673	8.91854510655819	8.32156571929498	9.33955372098921	-0.91191647710373	1.33857904706521e-12	8.11657882883405e-11
18019	chr9	63070386	63076517	8.27419791954981	7.75167166750839	8.65697387945595	-0.825959729387713	1.35153084707385e-12	8.16901399573716e-11
11488	chr3	52174129	52186387	9.1776876915411	8.69193235504283	9.5404402437908	-0.779930179423555	1.3734799324748e-12	8.27532559950451e-11
16826	chr8	34705056	34717481	10.0102447120149	9.59664952694233	10.3313067257426	-0.682902607398254	1.46371305687191e-12	8.79107914758605e-11
6034	chr14	78732790	78738951	7.5962310660526	6.88177261705312	8.07190343712238	-1.04604379183383	1.49751435304081e-12	8.96571763607617e-11
15696	chr7	28484212	28489571	7.95671799569231	7.3112506370043	8.40108222215224	-0.973154348937219	1.53930696575997e-12	9.18695185633915e-11
2853	chr11	68341060	68357756	10.0138376355155	10.4301793206365	9.42626322084863	0.900645323709452	1.62278357577494e-12	9.65479921148356e-11
9095	chr19	14620902	14642021	10.0828387697163	9.69554251387972	10.3878624074994	-0.648270251199894	1.64273223021808e-12	9.74294218665902e-11
10018	chr2	35270875	35288636	10.6759142425167	10.3144054559392	10.9647450848438	-0.611693802743219	1.7022635074102e-12	1.00645667000431e-10
7015	chr16	20693024	20702488	9.94617629366958	9.52312169762816	10.2728933487986	-0.694311962771876	1.71295618938968e-12	1.00963340119338e-10
12193	chr3	146596105	146605188	8.9960403731108	9.33552818736734	8.55125320890545	0.7233110584	1.72371306757695e-12	1.01282818295798e-10
6707	chr15	86166831	86179505	8.99222400485585	8.46202572903779	9.37907957233627	-0.831139454581867	1.74967302350655e-12	1.02490877509663e-10
8127	chr17	65765580	65780563	9.90324209887683	9.50123846866049	10.217292973777	-0.667689610727695	1.85504757421528e-12	1.08151365741969e-10
9187	chr19	29049392	29056229	8.20749864329151	7.46822005740954	8.69391561856055	-1.06831624451566	1.85770299973033e-12	1.08151365741969e-10
2150	chr10	110913144	110928954	9.5459948491484	9.14935193470441	9.85677255389212	-0.658201905661625	1.90965190197583e-12	1.10835729197551e-10
11190	chr2	168597295	168605073	9.37978485608451	8.93314801395135	9.72034558689546	-0.724728528820153	2.02194263953127e-12	1.16995272425805e-10
9882	chr2	27714537	27744202	10.8007285791237	10.2866243254358	11.1789876443111	-0.81398054133569	2.1045797940624e-12	1.21406747451399e-10
9435	chr19	45538314	45549120	9.61471789718908	9.11739586244861	9.98385429045908	-0.791948720057962	2.17730670229649e-12	1.2522152697844e-10
11500	chr3	52884343	52891912	8.0726519806788	7.49712598988743	8.48294797741465	-0.887235174356604	2.35142415666002e-12	1.3482682498263e-10
11836	chr3	101087628	101118234	11.1264704809696	10.7503966156065	11.4245050697414	-0.630633187802798	2.40077860786442e-12	1.3724209999596e-10
5173	chr13	97669290	97674752	8.28433755411599	8.70784649121735	7.68228146956928	0.91473125622556	2.61543127346505e-12	1.49063874291571e-10
12468	chr4	45702480	45706683	8.01771207325028	8.49995938268726	7.28813821627321	1.05518294559436	2.69839803788054e-12	1.53332025032739e-10
16715	chr8	13218912	13250568	11.5760651748941	11.2203646161575	11.8611831865414	-0.601526304723465	2.71901556395881e-12	1.54042377278729e-10
11496	chr3	52768313	52784690	9.70234404298683	9.32308194370552	10.0023731741952	-0.636577334751583	2.73111100282264e-12	1.54267130126699e-10
2908	chr11	70485548	70506517	10.2602841823186	9.91213552387551	10.5405379007117	-0.590417288924291	2.74460823924254e-12	1.54569494874137e-10
10014	chr2	35050340	35056330	8.12054120501766	7.51918995904074	8.54370378664889	-0.921027153948959	2.7666341967213e-12	1.55348965738383e-10
18468	chr9	114502628	114510516	8.47924709014758	7.88841817227067	8.89720887672795	-0.9056630868044	2.82629652468006e-12	1.58230919592634e-10
2297	chr10	127175455	127190377	10.3790206498751	9.83711181969901	10.7720397157737	-0.843836062890247	2.90450199154747e-12	1.62131009698763e-10
1648	chr10	41574516	41584696	9.03975097886573	8.54258728066902	9.40880051848282	-0.792224663349351	2.94108830634288e-12	1.63691832745107e-10
3666	chr12	8460347	8489385	10.7940423375965	11.0455205955465	10.4892767353493	0.527286335272696	2.95261003156383e-12	1.63733313364026e-10
13782	chr5	75754159	75774186	10.0951158413934	10.4791043845288	9.57031575195576	0.824006384958813	2.95908775403661e-12	1.63733313364026e-10
3001	chr11	77748111	77774990	11.4657448749877	11.1368587296268	11.7333994072683	-0.562925394469304	3.21041770432777e-12	1.77123597704758e-10
15930	chr7	67407907	67415862	8.73044010801741	8.25998686512321	9.08462388308845	-0.755827540535999	3.32893812355938e-12	1.83130193179807e-10
16021	chr7	80185104	80192972	8.84058463698614	8.35129922946798	9.20529392122799	-0.779825491136079	3.39773897957168e-12	1.86374821078876e-10
13704	chr5	66253442	66262458	9.10309763997313	8.6624723158775	9.44016338710791	-0.71980384354566	3.41540541935955e-12	1.8680397537183e-10
6474	chr15	67547562	67567271	10.0008988720829	9.61183891623043	10.3070129105017	-0.648805565340215	3.62381013875315e-12	1.97633024779873e-10
14572	chr6	31313414	31322949	8.7628800670253	8.29154434072394	9.11756187528695	-0.756905335630807	3.87076489777548e-12	2.10496409727452e-10
10305	chr2	73406679	73424849	10.2904858228523	9.92783912386617	10.5800411958568	-0.609799317337736	3.95022953656957e-12	2.14204018213011e-10
15487	chr6	142646047	142653181	8.55547635962693	8.96303253644748	7.98536111344355	0.877553035598034	3.97507167436092e-12	2.14936995178621e-10
16566	chr7	140620807	140635463	9.33477641131948	8.73389805107554	9.75770647687024	-0.916873109659193	4.13468764549608e-12	2.22932490976903e-10
509	chr1	86418761	86429371	8.85057454247631	8.37656192534874	9.20676415437921	-0.756849948953582	4.16700569997962e-12	2.24038530254712e-10
1481	chr10	19320487	19332400	9.46283891784519	8.9115820727609	9.86072361556086	-0.852757434731165	4.27637657258239e-12	2.2926935302554e-10
6814	chr15	99283312	99304557	10.5946912534017	10.1032090401195	10.9606144862488	-0.780668049534589	4.86042520364535e-12	2.59847915323902e-10
17987	chr9	61631766	61641043	9.36985841934136	8.92283496327849	9.71064313338709	-0.725803725897585	4.99334681773913e-12	2.66204295656941e-10
17015	chr8	78736546	78755633	10.0613285255865	10.3507113425348	9.69895296798518	0.610389735043722	5.05089913876158e-12	2.68518248612202e-10
840	chr1	136219106	136251464	11.2977129111045	11.0007093124644	11.543888500749	-0.515453848732262	5.06785548821029e-12	2.68667120979729e-10
6754	chr15	96656109	96662993	9.05161161110092	8.61075841316826	9.38881026032964	-0.71515018880837	5.11459067159651e-12	2.70389460602312e-10
16897	chr8	47351328	47357404	8.29949693787671	8.70836108491508	7.72680245428138	0.878666888766017	5.75520198817214e-12	3.03411051481997e-10
2907	chr11	70473513	70483234	9.03513098666343	8.59229456186452	9.37348490479899	-0.722194757997501	5.96676349772309e-12	3.13693087045115e-10
14939	chr6	73059964	73068899	8.80308587804189	9.14315452356283	8.35729784229075	0.724355404286786	6.18354568050221e-12	3.24192026160915e-10
3506	chr11	114465230	114469504	7.89905878139034	8.32894040499153	7.28394182100945	0.923033237954111	6.64784416076515e-12	3.4757419924838e-10
15496	chr6	144203032	144212361	8.97757459675035	9.45379941204314	8.26185482421345	1.03554165298365	6.75421027673032e-12	3.52165266049628e-10
16941	chr8	68123245	68132851	8.84061713211673	8.35173971766624	9.20510064431827	-0.781067327612414	6.78220784566069e-12	3.52656226582998e-10
10241	chr2	70055249	70076233	10.1426737364424	9.81529889765452	10.409327914091	-0.560096979967949	6.83203300671483e-12	3.54276378236177e-10
8609	chr18	39730133	39738387	9.10915905609509	8.58409734716813	9.49328692681478	-0.822369165743118	7.27938560010732e-12	3.764453932001e-10
3059	chr11	82182310	82203556	10.205795782752	9.81964591704255	10.5101095113577	-0.641870679835119	7.36004653923472e-12	3.79582400185151e-10
8724	chr18	61087160	61094584	8.80521904696463	9.17432047435133	8.30796075920529	0.784784933688305	7.45690154757691e-12	3.835353237709e-10
13481	chr5	30398147	30408959	9.25516385533963	9.62830333242226	8.75051476159564	0.795765496183564	7.55075911212571e-12	3.87313127537929e-10
14331	chr5	140600172	140608470	8.92488225937977	8.45500454936468	9.27874097318961	-0.7512678486408	7.67537632503443e-12	3.92644116638352e-10
769	chr1	133295877	133306248	8.98545906031032	9.39530203853803	8.41082982650259	0.878521882687593	7.77518363111169e-12	3.96680672405561e-10
13923	chr5	105676670	105684074	8.77026787459116	8.10732100948989	9.22277170338651	-0.978267187567485	7.79804170898352e-12	3.96780250924392e-10
8531	chr18	35838811	35847320	8.10339775188996	7.28156089846093	8.62372323700072	-1.14988621207251	7.83434260976235e-12	3.9756146628524e-10
15480	chr6	140759107	140768737	8.75802669362793	8.31613103218653	9.09583291180376	-0.7153105585805	8.15499359042909e-12	4.12446346850124e-10
6769	chr15	97407177	97412887	8.25916811092279	7.7053952242829	8.65835424575276	-0.855323082497963	8.17112737318334e-12	4.12446346850124e-10
16964	chr8	70274131	70286243	10.1139218901762	9.73569560307207	10.4133038082796	-0.630071884110021	8.38007497446348e-12	4.21871201433269e-10
15033	chr6	87418075	87428795	8.76359988463283	8.07005771387081	9.23000897405829	-1.01790594251278	8.55958206544083e-12	4.29768010634924e-10
13926	chr5	105868804	105876567	8.68081758156652	8.14980383389905	9.06810482767562	-0.825869013134676	8.65910505612718e-12	4.33617822850231e-10
2883	chr11	69464327	69481200	10.194398760663	9.83290825105946	10.4832179580553	-0.607153242958248	8.79016782081207e-12	4.39022618608401e-10
2694	chr11	54153821	54163362	8.06081013665912	7.41591549989187	8.50490521055245	-0.963903194073776	9.56261086600811e-12	4.76348534451359e-10
2319	chr10	128188901	128200444	9.51443571941347	9.10996920157369	9.82998384556492	-0.665006896790622	9.75977508264537e-12	4.84897307051116e-10
7271	chr16	43729974	43749830	10.0800028243814	9.72776958652926	10.3628926792779	-0.593565204437047	1.03437853986089e-11	5.12571026319055e-10
3247	chr11	97400568	97425186	10.7333824601265	10.3522510664929	11.0345776859897	-0.635396651535782	1.04329875798996e-11	5.1507780398302e-10
10449	chr2	92366107	92374111	8.85924936267777	8.32399036494822	9.24877786202387	-0.833359396848253	1.04486513796018e-11	5.1507780398302e-10
6572	chr15	78535619	78548701	10.0245981822978	9.61675816575233	10.3421904885835	-0.671204986712588	1.09398906245198e-11	5.37896850162595e-10
11491	chr3	52414977	52428110	9.43750903637574	9.07125738696038	9.72935358874718	-0.61393668112078	1.14549867760378e-11	5.61767943210391e-10
3838	chr12	39640834	39649276	8.65368279334552	8.17468334622206	9.01266969407917	-0.767557207545883	1.17837365510121e-11	5.76400865983659e-10
10300	chr2	72806642	72816996	8.98039916291951	8.50193259968066	9.33908786982442	-0.760896806624435	1.19531302434289e-11	5.83183698946109e-10
6877	chr15	102237935	102276430	11.8519689697734	11.523331144741	12.1194592549448	-0.5604567448448	1.20003924686855e-11	5.83988329905596e-10
18131	chr9	70832127	70842723	9.26843504797906	8.88238070285223	9.57268958363312	-0.6415347987667	1.20620710797155e-11	5.85488611309259e-10
5102	chr13	94137541	94144174	8.42337711621136	7.73081355953614	8.88934803366459	-1.01172450794106	1.23150129912164e-11	5.96241407041571e-10
3002	chr11	77777520	77784858	8.37628746224056	7.79046059778497	8.7917569492639	-0.894520750726677	1.30901526968822e-11	6.32157781257322e-10
768	chr1	133239779	133261800	10.5880402871757	10.8904796176471	10.204910202131	0.637652460616544	1.34718248009674e-11	6.48938484511576e-10
16845	chr8	35690136	35702380	9.2963178123212	8.86442290984625	9.62826660500921	-0.70273626288638	1.35820560866486e-11	6.52592006249379e-10
9250	chr19	34251637	34264944	9.46006527865683	9.04022351770324	9.78486826998309	-0.68493103384929	1.53994050904026e-11	7.38043710128158e-10
17717	chr9	41186130	41192063	8.01437403225603	7.40594017716361	8.44100554796658	-0.911605174893352	1.56664467832653e-11	7.48950865238266e-10
1478	chr10	19246723	19257142	9.28990055991189	8.84016495655673	9.6322538844149	-0.727917052028502	1.59608202309912e-11	7.61106550663269e-10
13905	chr5	103734996	103743488	8.98946114969297	8.50214512803419	9.3530797135945	-0.770377707130214	1.60970574988593e-11	7.65679334012155e-10
1511	chr10	21384093	21416069	10.998396505257	10.6526350353792	11.2771038627937	-0.584955205126515	1.61621469415832e-11	7.6637844365835e-10
17559	chr9	13975732	13986657	9.22489833590271	8.85410979323501	9.51961061303103	-0.62061989822323	1.61925157230095e-11	7.6637844365835e-10
2002	chr10	83201197	83207049	8.60197258589542	8.95082191821365	8.14091898504724	0.740139269944178	1.63244009413546e-11	7.70698521059625e-10
14635	chr6	39113650	39128459	9.90357427431039	9.53592975207744	10.1963008140715	-0.614837658408331	1.67639921617951e-11	7.88603857215787e-10
14742	chr6	50482977	50492200	8.94084332132803	8.45927326261176	9.30126628809308	-0.769022957597617	1.67867621220917e-11	7.88603857215787e-10
8088	chr17	56470349	56477037	9.38601487239791	8.94723150784699	9.72200511835889	-0.710420911602805	1.68355846688705e-11	7.88944596124675e-10
12346	chr4	32392420	32431573	11.664923029988	11.0961202321343	12.0718122899043	-0.870576074057379	1.69000407697989e-11	7.89547735454965e-10
10632	chr2	118546427	118554447	8.68032881591562	8.18465017839591	9.04856302390727	-0.782289388877934	1.69316575335988e-11	7.89547735454965e-10
7805	chr17	29024069	29028052	7.82330781382281	7.21793097346428	8.2484451702771	-0.914222690109822	1.73775954229655e-11	8.08356332187406e-10
4140	chr12	86848146	86854957	8.34570615411293	7.81300962606142	8.73388301938579	-0.829971074288133	1.99610904635468e-11	9.26262923979595e-10
7765	chr17	26941454	26971881	11.2177716861759	10.9085784009696	11.472253336218	-0.53141227984844	2.08924739429273e-11	9.67117714543459e-10
5100	chr13	94089611	94109813	10.2570112159938	9.86634731581526	10.5641150162106	-0.646768554933302	2.25852719644617e-11	1.04293400635892e-09
7899	chr17	34076380	34091243	9.9411916154388	9.56073681667551	10.2419650542469	-0.63077587175651	2.39400279742549e-11	1.10281017214413e-09
11641	chr3	84583520	84605834	10.5040195585557	10.0954464661503	10.8220550599779	-0.670302651984637	2.49979377704042e-11	1.14875511124577e-09
12615	chr4	63532530	63542834	9.30061376423727	8.89315016342293	9.61797836067834	-0.669353791592809	2.56328702072067e-11	1.17508754507868e-09
16437	chr7	125533830	125541387	8.7447771096584	8.23677561161824	9.11973770050042	-0.795275694317921	2.58023805635406e-11	1.18000814630226e-09
14280	chr5	137692422	137700480	8.67828637374923	8.23020853021712	9.01968146145073	-0.719803080453407	2.61752057443499e-11	1.19149611543358e-09
2898	chr11	70221003	70231149	9.45926179600627	9.02374639481776	9.79333854829518	-0.70625161211134	2.61791390555774e-11	1.19149611543358e-09
14429	chr5	148682783	148699530	10.1817157433449	10.5330030769905	9.71637813058106	0.742635943433004	2.65380641574715e-11	1.20494239149438e-09
3659	chr12	4836641	4843199	8.94357659646299	8.47905094770593	9.29440271894613	-0.74217521468226	2.71692360308196e-11	1.23065615901892e-09
1526	chr10	21949079	21974465	10.55873678814	10.1864986954276	10.8543622147861	-0.621462511927434	2.79038711544229e-11	1.2609227872376e-09
7606	chr17	8265489	8278747	9.88723869919068	9.53191146398688	10.1721172293253	-0.595067995041273	2.84745669151417e-11	1.28365511991087e-09
4185	chr12	99555883	99561812	7.88979584536191	7.25925316703729	8.327094547437	-0.931622456405867	2.93880869507149e-11	1.32169787260099e-09
11170	chr2	167810863	167830899	10.3948045559141	10.0131252349712	10.6963411226707	-0.634020935410167	3.00289853740048e-11	1.34732887331735e-09
12267	chr4	7411609	7417358	8.1551485124816	7.6327030625633	8.53788132859637	-0.81650413639741	3.02078987972629e-11	1.35215969639918e-09
11995	chr3	115770178	115777983	9.2390539890106	8.77195018470688	9.59134314931973	-0.743947281139828	3.06992419773313e-11	1.37091979644182e-09
14706	chr6	49015778	49028426	9.2944137419679	8.86774908307909	9.62327341739061	-0.695681648362093	3.1066510787281e-11	1.38406410383053e-09
3535	chr11	115433586	115449275	10.0371033124505	9.65190422735022	10.3408275707965	-0.637301038427776	3.23075635745244e-11	1.43598418988501e-09
2700	chr11	54374602	54381477	8.13263874159301	7.60779928387022	8.51664825310353	-0.819519417675143	3.46569595766079e-11	1.53680942944963e-09
1523	chr10	21864360	21892174	10.8009705133319	10.420182405737	11.1019517759201	-0.632000629700017	3.57933979528702e-11	1.58350326281474e-09
9229	chr19	32881347	32898377	10.2898387106885	9.91978085184006	10.5840901234507	-0.617691139386034	3.63259657324385e-11	1.60332675264175e-09
10743	chr2	126606919	126624583	9.80604262446307	9.39291519452529	10.1268234627162	-0.674603390386248	3.66225797256311e-11	1.61266807566764e-09
3268	chr11	98569862	98578836	8.94992483854632	8.49909628458321	9.29290897304228	-0.721012926282952	3.67495672875338e-11	1.61451397581043e-09
3886	chr12	54257292	54269796	9.5358403044242	9.15693318355629	9.83564771724578	-0.629356680577749	3.70456734120704e-11	1.62376405470597e-09
2664	chr11	51942800	51948449	8.669965705316	8.16495453738706	9.04330218534585	-0.791400576671536	3.77845818276657e-11	1.64978701479713e-09
3172	chr11	89065857	89075753	9.06963662516362	8.59813711724689	9.4244108118473	-0.749662458141175	3.78132331227543e-11	1.64978701479713e-09
10877	chr2	144157391	144163265	8.02584770450208	7.46338600394979	8.42950182152567	-0.857077225662836	3.84722929690125e-11	1.67469185380479e-09
15262	chr6	115704585	115714611	9.09047491650991	8.63885080423891	9.43391774368138	-0.722838348924599	3.88949035077218e-11	1.68921366973238e-09
16345	chr7	114112831	114119999	8.42682908919846	7.91989720991791	8.80120934434067	-0.79016628979869	4.02858504184481e-11	1.74562820797198e-09
7398	chr16	90200769	90214912	9.87202041702861	9.54750471039643	10.1367773225453	-0.553753033731928	4.07943271443312e-11	1.76363447579103e-09
17218	chr8	105268885	105281264	10.4814952648771	10.0656238599887	10.8039234718618	-0.677874086418007	4.15108424758256e-11	1.79053245306521e-09
15401	chr6	127981198	127991167	9.06885552504201	9.48990674645017	8.47178985084287	0.897323555961013	4.29964442047903e-11	1.85040706250049e-09
16557	chr7	140195246	140209337	9.70260236485731	10.0261812823232	9.28480928994071	0.681810046822202	4.49070842398048e-11	1.92787890114476e-09
4739	chr13	44672881	44679109	9.0836247308142	8.55472019829364	9.46979467536552	-0.822728983258461	4.4999755161343e-11	1.92787890114476e-09
8762	chr18	64915569	64924368	8.61703280372938	8.04536172231537	9.02537838977712	-0.867048061218707	4.5701860294811e-11	1.95354866336761e-09
3582	chr11	117796084	117805560	8.94687115870038	8.49745059048916	9.28904251676921	-0.719001080537331	4.84275399168599e-11	2.06540737097098e-09
9226	chr19	32720829	32730661	9.15128898759544	8.63385128869399	9.53134069537704	-0.80805058619903	4.92880548441275e-11	2.09739460288497e-09
5309	chr13	109789329	109804463	9.99249421796618	9.64764373434974	10.2706103487348	-0.581989585015524	4.97442582414034e-11	2.11207220841968e-09
4695	chr13	41537444	41544426	8.56729043971009	8.1085490558158	8.91481917495915	-0.735235499979981	5.23422602435999e-11	2.2174191008109e-09
16470	chr7	127633909	127641920	9.15319295550749	8.59861471935002	9.55279493520801	-0.846959138747951	5.30527710497647e-11	2.24251345602112e-09
755	chr1	132628182	132635838	8.25470328804097	8.77763793943731	7.42623016327935	1.13629940183598	5.41087908822099e-11	2.28206831589658e-09
11485	chr3	52087542	52118275	11.1276558197549	10.7848647017814	11.4044331578691	-0.577852129945936	5.43911378727746e-11	2.28889003478357e-09
3584	chr11	117873938	117896482	10.673885877054	10.2495116193525	11.0013871598962	-0.688701226613316	5.56899758120448e-11	2.33836294455044e-09
703	chr1	128798673	128804508	8.40183512287722	7.92126401076637	8.76170050422625	-0.758024232500458	5.64528601157828e-11	2.36516298485086e-09
11167	chr2	167718138	167736947	10.4999730306272	10.1853765493407	10.7580989127723	-0.536968119949067	5.88238570496052e-11	2.45907044701422e-09
10304	chr2	73390201	73403323	10.3024900364141	9.90580684555868	10.6132924064445	-0.651603974035327	6.35841367164636e-11	2.65222710053135e-09
13305	chr4	152095413	152102132	8.30675810549567	7.64880644782494	8.75695056504896	-0.959964818487831	6.37514208657403e-11	2.65337328204141e-09
15149	chr6	99228858	99260830	11.1463765709274	10.6436090748324	11.5184910486833	-0.786409249674667	6.64280671644801e-11	2.75367887271402e-09
17121	chr8	88557265	88601611	11.7128275769454	12.0155627458851	11.329221556767	0.635535723853177	6.64516003847947e-11	2.75367887271402e-09
846	chr1	136558310	136563806	8.02170401796006	7.4348810711639	8.43767084136331	-0.881187443490008	6.83747623311844e-11	2.82431161663824e-09
13903	chr5	103692101	103697912	9.02399522583421	8.48034322805793	9.41792524969921	-0.83190694129524	6.8453730104515e-11	2.82431161663824e-09
7991	chr17	45353343	45360874	8.71810562359894	9.0691437840673	8.25320677014911	0.739995217420607	6.87786125084438e-11	2.83098337643031e-09
1608	chr10	39197618	39218012	10.0222518929933	9.65808970549367	10.3127707558628	-0.608579973323053	6.89137636287899e-11	2.83098337643031e-09
10410	chr2	85133735	85151137	9.87057004679998	10.2097541686395	9.42630575994369	0.713263233042912	7.25581117154829e-11	2.97425572839773e-09
5061	chr13	91441870	91460760	10.2085903367262	9.74079661541638	10.5612703130268	-0.743522263699219	7.70869613148038e-11	3.15308930774496e-09
7129	chr16	30167627	30185843	9.80860992708823	9.46561215925285	10.0855217505854	-0.578094000515325	7.91355975633293e-11	3.22992366914931e-09
15824	chr7	45331608	45344129	9.75307041111751	9.34626945334797	10.0700339148885	-0.66382353273815	7.94149973240578e-11	3.23437174723882e-09
2134	chr10	99419310	99426572	8.75008280050566	8.20211390134375	9.14626158745358	-0.83838546029177	8.01739095312314e-11	3.2582882847821e-09
116	chr1	36575187	36586468	9.11134780578836	8.61560871750831	9.47961522799479	-0.777493757247941	8.25335702026056e-11	3.34701843776763e-09
9858	chr2	26624679	26632904	8.73116507279407	8.19888188259758	9.11912356968798	-0.821291735885539	8.66016386448202e-11	3.50450426405127e-09
7594	chr17	5910491	5917671	8.3769911052443	8.81242345514497	7.7503530324514	0.924782198437886	8.6951330954134e-11	3.51116874506066e-09
2911	chr11	70732098	70743973	9.85420851400418	9.48286925781278	10.1492678913611	-0.614753523633453	8.98492925604628e-11	3.62048773567945e-09
10441	chr2	91966240	91982273	10.9365857222661	10.52935775424	11.2538077258989	-0.665318283971925	9.11109482981171e-11	3.66354806726688e-09
18447	chr9	110925248	110937362	9.3665389003051	8.9516466179324	9.68837985803207	-0.675126466630544	9.24840410909684e-11	3.71089770796086e-09
11423	chr3	37142318	37151653	9.11469801064637	8.6703286289962	9.45394318657044	-0.710118010835322	9.27899056175774e-11	3.71531565129958e-09
15835	chr7	45669819	45678665	9.3687080717475	9.64761186209757	9.02264372016639	0.581575453854574	9.72162916820104e-11	3.88435368385869e-09
11503	chr3	52952153	52959908	8.49976282753133	8.02605769921982	8.85577946342681	-0.748356150980374	1.00590516910468e-10	4.01072987488186e-09
13411	chr5	23351211	23358685	8.45479857214137	7.90517967946572	8.85183417627296	-0.835224609615705	1.03473847119973e-10	4.1170443280712e-09
9948	chr2	31454546	31465237	8.74624531520777	8.19684018636062	9.14316999887217	-0.840648246943436	1.04821890415004e-10	4.16195535185431e-09
11493	chr3	52482440	52495123	9.27235224028287	8.91093077356677	9.56112744572341	-0.602626838361466	1.05143238961211e-10	4.16599902347561e-09
2363	chr11	5147056	5161388	10.3523857592751	10.0405020705805	10.6086848317858	-0.531716826873983	1.07218950981315e-10	4.23939264723827e-09
2216	chr10	118177660	118187804	9.35420311639159	8.90965579775576	9.69355164753281	-0.71044224048971	1.08977217647433e-10	4.29995553790151e-09
2412	chr11	12070814	12079420	8.36298729890148	7.74967342198182	8.79199425503456	-0.916377487821652	1.1168661044185e-10	4.39771821488768e-09
8836	chr18	75501472	75515496	9.84977554534792	9.4744371731691	10.1473489950688	-0.621162814262298	1.13493831252002e-10	4.45612093309961e-09
4325	chr12	111286451	111293193	8.94156142382027	9.33836693212419	8.3923859138744	0.839056555286072	1.13639418916709e-10	4.45612093309961e-09
3133	chr11	86910675	86916517	7.70924542383632	7.05810790559869	8.15626590826061	-0.953091934459224	1.15201572457227e-10	4.50806318281591e-09
18103	chr9	69232217	69242702	9.36801163631766	8.82388963164846	9.76218699333952	-0.83065243471007	1.1653930447306e-10	4.5510276946383e-09
11497	chr3	52802353	52815225	9.21065679775326	8.84085403379398	9.50474722479068	-0.616169870913706	1.173109864506e-10	4.57175608181917e-09
16940	chr8	68113996	68122765	9.25905323431822	8.88457031867018	9.5560898489832	-0.619050424818428	1.18066752493257e-10	4.59178052370803e-09
18305	chr9	96883211	96894887	9.15335434487244	8.77376534158197	9.45358758091281	-0.62602847975143	1.19797069990582e-10	4.64954722157722e-09
16943	chr8	68167913	68216914	11.7009123078585	11.3306089875872	11.9953185830172	-0.615198212995328	1.30258395624299e-10	5.0452532460277e-09
8599	chr18	38953829	38962685	9.00529247292293	8.57583459567948	9.33580411158061	-0.698111690692147	1.30703568931603e-10	5.05218540682869e-09
6676	chr15	84461907	84470919	8.75636623108359	9.1015979426745	8.30163284858484	0.723183050579462	1.3309620492745e-10	5.13421315715055e-09
7925	chr17	35355202	35363437	9.02868279199742	8.53944036657489	9.39336829581402	-0.764803830768352	1.34875911857357e-10	5.19231223355128e-09
3563	chr11	117024085	117033261	8.86401972729076	8.40209973545141	9.21336303362001	-0.7338480429997	1.36260303892514e-10	5.23498847687456e-09
15331	chr6	121317923	121333496	9.92093102927944	10.2054540673226	9.56615767219232	0.592777150306177	1.41720651536728e-10	5.43377019296072e-09
14332	chr5	140643422	140665302	9.97368574412882	9.56073070817293	10.2943629166426	-0.672403170307482	1.42152426584614e-10	5.43933650030117e-09
5681	chr14	52131104	52139244	8.32970063315287	7.78148755800415	8.72600631095674	-0.839067239609626	1.47013436160488e-10	5.61402013056317e-09
4736	chr13	44435214	44447231	9.18258567951769	8.76751303111763	9.50453486346674	-0.67404564890597	1.48538981993479e-10	5.6608862234021e-09
8606	chr18	39625653	39636679	9.21888626461572	8.75975194659114	9.56663965446053	-0.726168325127507	1.49410031919356e-10	5.68267133426344e-09
3307	chr11	100410672	100423449	10.0904893529059	9.73453244064296	10.3757717526459	-0.595679866720005	1.53404374070853e-10	5.82292323098144e-09
6207	chr15	25521170	25531418	9.17272617212383	9.50177716694284	8.7457384616257	0.688810632353609	1.56978552555511e-10	5.94669850090027e-09
16571	chr7	140740582	140787285	11.5238115732296	11.1654501116551	11.8106335725946	-0.598399824367957	1.58960788385805e-10	6.00979442783705e-09
12344	chr4	32179818	32216798	11.8477933780982	11.417633184448	12.1787195802821	-0.693741980439324	1.64886244847109e-10	6.22142354066258e-09
8062	chr17	50315930	50329333	9.48762451206492	9.13473992618266	9.77093360517829	-0.589821767412111	1.65345276869234e-10	6.22636509861347e-09
15153	chr6	99436173	99450945	9.32437447476603	8.92947693319202	9.63408224509339	-0.649080653092932	1.70622871830626e-10	6.41237917717514e-09
8579	chr18	38496255	38503850	8.65867306906427	8.24477024330102	8.97991993123544	-0.671005866583199	1.83491017300789e-10	6.87054090359988e-09
6673	chr15	84296189	84306274	9.08322880657899	9.44778556296029	8.59421905207701	0.765058414506023	1.83537817489074e-10	6.87054090359988e-09
12711	chr4	101351608	101356691	8.76801754165815	8.14590315351774	9.20127826497487	-0.914518090185057	1.8420532991325e-10	6.88195463862909e-09
467	chr1	78675120	78689847	9.92580973043727	9.58892484261046	10.1987298753561	-0.5674780986239	1.85129259387474e-10	6.90288450670896e-09
14440	chr5	149058411	149071064	9.70474653268421	9.34044521276716	9.99535376771048	-0.607576533594005	1.9854937119832e-10	7.38876179602531e-09
8247	chr17	83115405	83141089	10.6303130251547	10.3140708213293	10.8895443492153	-0.536888142177443	2.01948541132066e-10	7.50055061085222e-09
3273	chr11	98925293	98941745	10.4337312968157	10.0337478239079	10.746550994127	-0.653479419939935	2.06724381586929e-10	7.66293366823894e-09
5132	chr13	95922888	95944487	10.2758363531901	9.94093491640229	10.5474552914177	-0.565756386903326	2.10221414808747e-10	7.77737277125771e-09
14255	chr5	136656004	136673573	10.0447027023661	10.3087574610892	9.72124272377492	0.548537944766201	2.22838692120443e-10	8.22812361430717e-09
15878	chr7	49084998	49093362	9.1034356798271	9.41148932430463	8.71122980776923	0.64081176097894	2.25777622497873e-10	8.32045339298471e-09
11845	chr3	101462417	101477485	9.89822072474036	10.2001083788472	9.51597747875732	0.629881285633246	2.28517667995882e-10	8.40511011801132e-09
13222	chr4	142010848	142021580	9.7651946590651	10.0963891750838	9.33457962217349	0.691736304456476	2.30459309617721e-10	8.4601300526784e-09
10285	chr2	72119058	72127840	8.6196925184033	8.16504277913615	8.96487618621795	-0.725971773911288	2.31283086713133e-10	8.4739801210976e-09
11200	chr2	170077983	170094156	9.88162234889323	10.2607166385427	9.36596645660423	0.795784913313141	2.31965987613697e-10	8.48262520023192e-09
2104	chr10	95565378	95579499	9.93585036249816	9.56130184483038	10.2329281635426	-0.619541304723218	2.32748506662534e-10	8.49487289990046e-09
2005	chr10	83286435	83291287	7.97954892825971	8.40569327215307	7.37211287515129	0.899410835176305	2.42007657257928e-10	8.8158605126645e-09
4838	chr13	52092012	52115333	10.5738587089256	10.2082714709715	10.8652820560015	-0.60652496670442	2.45192517088674e-10	8.91476778127575e-09
545	chr1	88681126	88697126	9.97706891912954	9.54961458890822	10.3063961376596	-0.689315653306278	2.47537644377912e-10	8.98282400123976e-09
5331	chr13	111985340	111998998	9.88464949655381	9.56698746010576	10.1448328390696	-0.539860818879516	2.53083875489641e-10	9.16656273457613e-09
11389	chr3	30594075	30600481	8.94887565057661	8.45142929617315	9.318080227595	-0.771708308947951	2.56699665708075e-10	9.27046331816884e-09
3398	chr11	104561325	104575864	9.61717201075235	9.24691009252866	9.9115521682395	-0.612901083677092	2.56929432812941e-10	9.27046331816884e-09
13578	chr5	35625832	35634618	9.03381686286807	9.36723102625135	8.59943033402325	0.69560067095489	2.58260159288754e-10	9.30079613499292e-09
14237	chr5	135650669	135676062	10.798339725314	10.4766315158964	11.0612275222139	-0.54668694091544	2.61339969062151e-10	9.39388498642154e-09
12288	chr4	8680209	8690265	9.90227197443619	9.41108300251978	10.2680333288552	-0.765976305413518	2.69396253564521e-10	9.66516350926475e-09
5679	chr14	52110005	52124315	9.8651217896385	9.42364165366793	10.2026859143979	-0.70461032326922	2.71143525728046e-10	9.70949617885394e-09
7122	chr16	29998853	30014530	10.1370963403916	9.8243182156513	10.3939983664612	-0.531919972775963	2.72731968630486e-10	9.74798499555179e-09
1247	chr1	180915005	180926887	9.11021684347059	8.61742797850032	9.47686076871531	-0.768517183784956	2.7951000838176e-10	9.97146700954403e-09
6204	chr15	25467198	25483262	9.66236020551743	10.0412842833352	9.14702073265762	0.793876498860058	2.8064583857085e-10	9.9904622582807e-09
10892	chr2	145778711	145788416	9.13488828915947	9.51711693954622	8.61338655497584	0.800482624521185	2.81095255067279e-10	9.9904622582807e-09
10134	chr2	58703038	58709835	8.60725781684812	8.94689868211199	8.16220702605919	0.710612394822629	2.83410941108742e-10	1.0053936918323e-08
17331	chr8	117235468	117242957	8.85162161247372	8.40953511644983	9.18953897770791	-0.70629106993211	3.05519891236777e-10	1.08180261488485e-08
171	chr1	39180613	39197555	10.5238848298857	10.169401443927	10.8082216682023	-0.590202615239167	3.13409189390825e-10	1.10767095073528e-08
12268	chr4	7464887	7481677	9.6532835492231	9.2581708938266	9.96312329973797	-0.645298637672298	3.226183409393e-10	1.13809916220947e-08
8530	chr18	35822835	35836109	10.3496977636136	9.83210022083325	10.7298352714973	-0.796910653411931	3.37194496579672e-10	1.18731249547043e-08
14209	chr5	130135893	130152554	10.1701694063981	9.77782910661783	10.4783057797349	-0.641509293275015	3.44019709087876e-10	1.20910186273681e-08
10092	chr2	49617892	49626985	8.82901792537458	8.3740335201022	9.1743937954323	-0.720985408949918	3.5282452177527e-10	1.23775537870108e-08
15851	chr7	46215320	46223419	8.53356872682936	8.92810534698494	7.98875419325648	0.823886197154768	3.71524597819335e-10	1.30095301513158e-08
8833	chr18	75308413	75317396	8.66118509329318	8.20218676195306	9.008860745534	-0.728810984298363	3.81815701597055e-10	1.33452674044392e-08
9778	chr2	19311460	19321524	9.38076549997226	9.0007682828152	9.68125350178471	-0.626743136138811	3.86102724716124e-10	1.34703007580649e-08
16827	chr8	34768209	34780204	9.63523394849441	9.25182314599067	9.93784779042412	-0.630156183741751	3.94242932258538e-10	1.37290580024492e-08
9769	chr2	18825865	18834637	8.77869972935787	8.39261568133028	9.08297267222093	-0.634425872575448	4.20696440997285e-10	1.46234391093177e-08
12066	chr3	129330180	129338060	8.26537605712525	8.74853794839139	7.53368152616326	1.02080973267816	4.28223448274113e-10	1.4857866224487e-08
17560	chr9	14012555	14058734	11.4732814721627	11.2064455349137	11.698383153207	-0.464189146907371	4.37000253350834e-10	1.51347222780027e-08
407	chr1	69429597	69446398	9.92858935037833	9.61842975451814	10.1837244166475	-0.52851350319257	4.38894274011593e-10	1.51726310135993e-08
2450	chr11	21059116	21066401	8.49138555004811	7.96736452219352	8.87495896817482	-0.803028490152803	4.43806610025763e-10	1.53145557303254e-08
12594	chr4	62765845	62775991	9.21473200382463	8.81910073301467	9.52488981332528	-0.644545962495549	4.50963550069381e-10	1.55332798852392e-08
189	chr1	39803014	39808204	8.48123533337015	8.00764322163003	8.83718837798502	-0.741083993442531	4.57421692620642e-10	1.57271853337811e-08
5733	chr14	55617074	55621379	8.07374443371419	7.52055854142028	8.47262725020062	-0.835661469411714	4.74964360753448e-10	1.63008112165275e-08
7994	chr17	45604958	45617723	9.26665159380833	8.85826944585481	9.58457169088242	-0.660865080507897	4.76128549157444e-10	1.63112702788071e-08
1395	chr10	4259785	4269914	9.1547453666776	8.73108783268419	9.48182086815782	-0.682519895438834	4.79435419200727e-10	1.63801767537928e-08
5167	chr13	97358497	97367306	8.86269919776045	9.21600805990263	8.39379420303839	0.736528040214468	4.79866076985551e-10	1.63801767537928e-08
2973	chr11	75922494	75933972	8.81980608986881	8.20010377837995	9.25190475054279	-0.908740470795563	4.84150552185516e-10	1.64967564271614e-08
7923	chr17	35303864	35309843	8.01063473627684	7.41126067497216	8.43282438721502	-0.882901537536626	4.93938202696504e-10	1.68000952490626e-08
15328	chr6	121153032	121178988	10.913374710639	11.1604506647454	10.6150581120475	0.509976802878323	5.06070020177046e-10	1.71819372324511e-08
8584	chr18	38560884	38580954	10.5417927312116	10.2251046735058	10.8013231753936	-0.538164828370427	5.07979012089715e-10	1.72159529829477e-08
1837	chr10	67315491	67322096	8.75332812798207	8.276518032806	9.11108880226628	-0.743900595389329	5.12596538181635e-10	1.73414789628329e-08
3742	chr12	25123962	25130657	8.43436854627085	7.96848652191862	8.78596488833133	-0.733715428824766	5.33294458289741e-10	1.80096005763007e-08
17845	chr9	52203427	52218507	9.40868621081059	9.06875335195217	9.68360015949646	-0.56930337654268	5.38668863425543e-10	1.81587857175016e-08
5985	chr14	75529636	75539251	9.00892242719059	8.61319792278524	9.31913739588735	-0.646425365397737	5.40230688628011e-10	1.81791458146649e-08
16105	chr7	90090283	90101621	9.35438190325292	8.97598403396541	9.65387108432795	-0.62152299844771	5.47797923625876e-10	1.84011624645938e-08
3283	chr11	99183885	99200892	9.90580327413313	9.58800941868885	10.1660749238411	-0.536927716115184	5.49528517551357e-10	1.84266815099067e-08
3029	chr11	79644085	79652196	8.58497681689457	8.06840651941044	8.96456267094871	-0.794818740822299	5.52114151678639e-10	1.84807310135959e-08
6576	chr15	78838542	78869308	11.6312917833981	11.284570654224	11.9106212909914	-0.578825087070381	5.68859886382304e-10	1.90077320134679e-08
18560	chr9	120856046	120864498	8.69344532248114	9.06061767970827	8.19969721579916	0.766392560987441	5.72999508657945e-10	1.91124036464308e-08
868	chr1	138692076	138700010	8.88834430568841	8.43422622046759	9.23322249456006	-0.715033320194644	5.76724925185233e-10	1.92029164124395e-08
9096	chr19	14642528	14668660	10.7541454506245	10.4312923234566	11.0177962153009	-0.545457576218638	5.82222125990761e-10	1.93520030283339e-08
7934	chr17	35695226	35704823	10.487666242825	10.0010925157289	10.8508730950888	-0.757091364265795	5.9642004450393e-10	1.97892587843358e-08
16628	chr7	143735516	143745005	9.65296855910201	9.3294561549562	9.91705820536389	-0.546730781751026	6.19907420353691e-10	2.05326752720641e-08
1194	chr1	177442971	177448147	8.90818440980986	8.24607894196577	9.36029972869738	-0.948013908416114	6.55875241751149e-10	2.16861606501656e-08
2128	chr10	99291997	99302627	8.93682711864827	8.51914941635664	9.26033701923465	-0.674597237641953	6.59699490859245e-10	2.17746724122045e-08
841	chr1	136251504	136266206	10.5443889170881	10.1095159181461	10.8780887138118	-0.693845585755859	6.74939899872335e-10	2.22390353466615e-08
11113	chr2	164853510	164863475	10.008460320879	9.5537971439524	10.353651707437	-0.717752361824772	6.80093607676491e-10	2.23700114039725e-08
17468	chr8	124743517	124757354	9.5825169481583	9.21133896619315	9.87747470098302	-0.610279825556691	6.88182975589253e-10	2.25969285358277e-08
1660	chr10	42270633	42276750	9.02680083277157	8.55917025082573	9.37938842224936	-0.73067612870385	7.41788167132083e-10	2.42753711647664e-08
16438	chr7	125546826	125552088	8.08139974870585	7.56513248187855	8.4608227531183	-0.79908488400181	7.4185759394934e-10	2.42753711647664e-08
5500	chr14	26342259	26347364	8.06237408610392	8.42590645450257	7.5752135195794	0.75945650081539	7.51177685987184e-10	2.45380401073163e-08
2215	chr10	118111091	118139396	11.1172321602966	10.7746433875484	11.3938777836181	-0.571775886582007	7.78280020150713e-10	2.53796847120969e-08
15183	chr6	100479463	100497045	10.6030714046284	10.3159863321905	10.8424006658908	-0.492630185470867	7.90150774317809e-10	2.57018306899764e-08
8760	chr18	64866252	64871634	8.30619900022574	8.69536012747495	7.77163716610884	0.810248153692258	7.90867228144064e-10	2.57018306899764e-08
5678	chr14	52032173	52038545	8.26876911200187	7.72718528964511	8.66161814734214	-0.81532477680626	8.00444712952957e-10	2.59686157386909e-08
11760	chr3	95681927	95690583	9.50511700145736	9.09605836342714	9.82344585000012	-0.660926201215709	8.04079768502868e-10	2.60420305911535e-08
5134	chr13	95966335	95973080	8.81790580276399	8.35110939456383	9.1700207386684	-0.733427394767753	8.1390594722691e-10	2.63153679257573e-08
18500	chr9	118172204	118180203	8.62099253783408	8.16127822359324	8.96907735673192	-0.722669329898745	8.16991703132503e-10	2.63702134927751e-08
12913	chr4	119909202	119915613	8.72327573023193	8.27026076899643	9.06751951787793	-0.715857935726118	8.28349141584754e-10	2.66914063805383e-08
6003	chr14	76274374	76279309	7.72259441417611	8.13326067067719	7.14633486506382	0.854544187077191	8.95532418519842e-10	2.88073046967595e-08
1561	chr10	26139814	26149449	9.00550630590159	9.38134777989699	8.49587890846353	0.783451446846962	9.11417077507674e-10	2.9268671258914e-08
13591	chr5	36360933	36372187	9.18377639356925	9.4663729359806	8.83199857242077	0.584633763317009	9.13471324800303e-10	2.92850882996367e-08
7443	chr16	92212152	92223731	9.27321560625271	9.67863900772693	8.70729120530725	0.846669237605827	9.17334906687438e-10	2.93593578314011e-08
867	chr1	138677094	138687918	9.80793620903591	9.46193213953287	10.0868009090849	-0.577175981110603	9.34650867922847e-10	2.98142875064551e-08
2004	chr10	83237704	83244656	8.48372576159367	8.92190019714472	7.85134556104433	0.914824372757407	9.3469103041998e-10	2.98142875064551e-08
8865	chr18	78151325	78168609	10.3586654575749	10.6104069148333	10.0535127503902	0.518697364245393	9.60766061827389e-10	3.05945957842651e-08
16742	chr8	15043691	15054229	9.18998260725379	9.4845313805585	8.81945336307373	0.609234142430571	9.69114499136671e-10	3.08087505512812e-08
2080	chr10	94462128	94475077	9.5043630882622	9.84180913628821	9.06308554870549	0.70182228434493	1.00721006565669e-09	3.19662873513351e-08
13226	chr4	147932131	147940320	8.75205106360591	8.2025965739387	9.1490013624509	-0.82733787801662	1.02484558759648e-09	3.24716935008241e-08
6202	chr15	25420253	25429860	8.83657297249116	9.18445336037817	8.37721645296546	0.719902091042648	1.0325619842684e-09	3.26616564990499e-08
4253	chr12	106373977	106382055	8.34221907945391	8.81948164528411	7.62412565261354	0.997270160148005	1.05047024879764e-09	3.3172836692064e-08
15409	chr6	128272659	128280393	8.45587299325514	8.80553739571524	7.99338938605609	0.723681325092321	1.06187773761655e-09	3.34773713990439e-08
16308	chr7	112150697	112159791	9.48191361027245	9.13509305404122	9.76130753774451	-0.575741093106259	1.07803426850719e-09	3.39303687926997e-08
908	chr1	151841567	151847471	8.6769083258715	8.99247185013118	8.2724164439287	0.654454227988462	1.09914610825815e-09	3.453757282886e-08
15526	chr6	146790554	146802040	9.78272984075014	9.45381482898417	10.050403463159	-0.551594207488178	1.10570293657919e-09	3.46861752617133e-08
9190	chr19	29649431	29659124	8.69274898245862	8.30280020071617	8.99941171727318	-0.635041280347271	1.11868819506456e-09	3.49856577225866e-08
17266	chr8	110938144	110948013	9.13320200238647	8.72726660254455	9.44964114497573	-0.655081616646916	1.11893641591286e-09	3.49856577225866e-08
7658	chr17	15273511	15285694	9.29612475738731	9.58051380098972	8.94156008114855	0.590117148968139	1.13876930491578e-09	3.55472082861786e-08
2518	chr11	31711317	31715243	7.80740635357767	8.23149577805421	7.2041678158535	0.882780816586881	1.1411236167218e-09	3.55622087385273e-08
18379	chr9	106462532	106467494	7.75516048619655	7.12376267751779	8.19286693450662	-0.908245793807696	1.14769736201738e-09	3.57084397274228e-08
9093	chr19	14404566	14419049	9.90487705064343	9.55207047188054	10.1881359511032	-0.585348641116863	1.18753844448981e-09	3.68875485073192e-08
7459	chr16	92620669	92634006	9.81520482884794	10.2131132537255	9.2639021720713	0.828958206732934	1.19016520392892e-09	3.69087343224952e-08
1107	chr1	165623181	165640579	10.4510045814289	10.1132220888259	10.7245126107858	-0.564347995371403	1.21517570555605e-09	3.76228706619058e-08
12067	chr3	129443100	129447022	7.43866609839601	7.88056956439189	6.79842251534273	0.926492874057258	1.24229256735209e-09	3.83997893090804e-08
409	chr1	69704829	69713795	9.27386506342013	8.7797491866847	9.64123987524909	-0.763641384790995	1.25544052226392e-09	3.87430986537348e-08
8316	chr17	86360766	86371928	9.43409936598196	9.73997398444582	9.04542696589228	0.634664824982828	1.32879163150879e-09	4.09401564519566e-08
15360	chr6	124837300	124891025	13.2273117642868	13.5858864282057	12.7490489191398	0.745164103775267	1.33856423673892e-09	4.1174409479851e-08
12340	chr4	32061624	32071155	9.29396533190493	8.85295187299892	9.63125742970043	-0.700327798114595	1.34914380289276e-09	4.1432686464566e-08
9496	chr19	53784567	53797903	9.72328906590615	9.25091304620342	10.0785573565103	-0.736908731894137	1.36618912556534e-09	4.18883738515422e-08
18451	chr9	111047890	111074012	10.9219705408951	10.663322464312	11.1412216848191	-0.44938440730578	1.42767173583685e-09	4.37028739910446e-08
11152	chr2	166733778	166742396	8.78147159423072	8.28455008745108	9.15038825402654	-0.761501343042534	1.45925715571078e-09	4.45978124931319e-08
17479	chr8	125306734	125332236	11.0669451542676	11.3532832037599	10.7093402350338	0.591435500235079	1.48486235478052e-09	4.53073997289058e-08
12758	chr4	106850118	106865832	10.3615359164317	10.0960313966025	10.5856901191778	-0.460012411249385	1.49160860735386e-09	4.54401922294845e-08
753	chr1	132610232	132615859	8.01963500413332	8.41746481506472	7.4684841243438	0.822673202332107	1.50593773563568e-09	4.58031927638293e-08
8106	chr17	57052633	57060204	8.88658872582931	8.2927183735005	9.30605961003954	-0.869650587014814	1.53703059832441e-09	4.66740859609585e-08
14643	chr6	39534635	39541387	8.80054599735072	8.33868414179564	9.14985617177396	-0.726374959119094	1.55064738381275e-09	4.70123589415052e-08
8159	chr17	73056259	73076200	10.1251750153874	9.77865071081608	10.4043769765863	-0.576804781107166	1.5735362364296e-09	4.76302140848443e-08
268	chr1	53718347	53726858	8.83454212119067	8.41604962995139	9.15853924665952	-0.669330367466121	1.58871548942742e-09	4.8013107123954e-08
9191	chr19	29661882	29671029	8.61136629904233	8.09052827712777	8.99324006805299	-0.793970641184508	1.61403463253137e-09	4.8700736551372e-08
6745	chr15	95649627	95655697	8.5191543397397	8.83558931191246	8.11322582062234	0.654852653346993	1.62622408223059e-09	4.89906458042133e-08
13693	chr5	64867202	64877898	9.31483321744564	8.94230162449392	9.61064335371813	-0.60868254712377	1.65222787726691e-09	4.96951392751959e-08
11610	chr3	78951953	78973991	10.8207267148126	10.427579586826	11.1293593609233	-0.638414851535886	1.66753275141067e-09	5.00761140649098e-08
11525	chr3	58741203	58746212	8.03026851578311	8.42497055175077	7.48513671693196	0.817951374769627	1.67179583579724e-09	5.01248233295352e-08
13911	chr5	104073801	104082011	8.97720701395426	9.29943185052396	8.56167480953006	0.66713881944535	1.70257909795742e-09	5.09672692431134e-08
10016	chr2	35210050	35231563	10.2346391041939	9.92456910615625	10.4897136155472	-0.52310584737318	1.75350241154119e-09	5.24090114466774e-08
11998	chr3	115842561	115859282	10.1759280574288	9.82005089225251	10.4611593240529	-0.587757433043463	1.79267167043136e-09	5.34954648319445e-08
8415	chr18	12625525	12633392	8.71363665762587	9.06242163812285	8.25269586460995	0.724104003048933	1.80531987800501e-09	5.37883296148464e-08
9562	chr19	58259851	58267366	8.68335320681392	9.08617079121161	8.12252433648632	0.834026478818476	1.81673872626425e-09	5.40437057770677e-08
17846	chr9	52221114	52259162	11.2246274893408	10.8755123705537	11.5055060588679	-0.580297018333714	1.83486020650477e-09	5.44973581521971e-08
9866	chr2	26936215	26946430	9.62063107583271	9.99326870696882	9.11690369747609	0.771580432300678	1.85387207200934e-09	5.49759969604146e-08
6626	chr15	80668930	80680450	9.48078842310834	9.01764709931953	9.83082728306489	-0.722461607284784	1.87025645304634e-09	5.5375346680759e-08
17608	chr9	21034070	21041198	9.72690010025303	9.33029420738538	10.0376551319927	-0.640917219936088	1.9062247286784e-09	5.63523973918806e-08
11468	chr3	51641792	51652237	8.80444244247332	8.16681080156065	9.24511057573564	-0.919011587448528	1.983496162897e-09	5.85455267116984e-08
18357	chr9	103225033	103244645	10.2498388200807	10.4957015095985	9.95329105181519	0.505027816321124	2.00066550890126e-09	5.89606066668276e-08
8195	chr17	78188474	78204361	10.0789819255335	9.74348801864369	10.3509898532722	-0.560036598904536	2.14726528830405e-09	6.31828649716629e-08
14340	chr5	141089127	141093667	8.40912727694554	8.75282860869992	7.95705450846656	0.709260704204263	2.17074089015337e-09	6.37747544182986e-08
11401	chr3	32613341	32620085	8.62222591827259	8.16560201274815	8.9685423574457	-0.714051524641522	2.19355937725043e-09	6.43262208279029e-08
6570	chr15	78423361	78430093	8.22521171048648	7.719187032938	8.59909923087037	-0.769184193538833	2.1962901678951e-09	6.43262208279029e-08
3931	chr12	70270810	70289939	10.2539876015041	10.5049657248768	9.94995710030792	0.515149200461301	2.30685408519571e-09	6.74603754744673e-08
5516	chr14	27032182	27045578	10.1698749411704	9.85370524188451	10.4290576078599	-0.532480785521375	2.31957630949951e-09	6.7728059658448e-08
2239	chr10	119057563	119064946	8.48263179592134	8.83532550618992	8.01481382030048	0.727243231117076	2.34330508612919e-09	6.83158021960767e-08
8071	chr17	50501616	50508908	8.60578519997931	8.05431525962853	9.00378025600567	-0.819812281659499	2.4144077428632e-09	7.02807431776085e-08
17986	chr9	61590419	61599537	8.85638178284132	8.44127299385953	9.17835264985961	-0.667077389982497	2.45246596230204e-09	7.12792519119915e-08
15177	chr6	100371298	100389611	10.1838626908846	9.8547801803561	10.4516470721968	-0.549468574131449	2.50757532841814e-09	7.27695292936512e-08
5696	chr14	54373269	54395110	10.3825058596539	10.0385097345583	10.6600669550566	-0.571792485737201	2.51973494720559e-09	7.30107626916257e-08
3794	chr12	32151566	32165532	9.88420283365597	9.58056924776852	10.1349107329648	-0.515339544606373	2.55602071813363e-09	7.39492640388082e-08
4338	chr12	112102741	112109494	8.80655299408031	9.11835547718725	8.40823517107938	0.642976674317491	2.56328512760555e-09	7.40465577425049e-08
8610	chr18	39739854	39753520	9.65007685551817	9.33260141120083	9.9101351745966	-0.534486923115958	2.62128778311841e-09	7.5607022546815e-08
3175	chr11	89185911	89191302	8.81211587170174	9.11552054957997	8.42743182688064	0.626940496975102	2.65100719291158e-09	7.63482026013185e-08
15500	chr6	144858243	144869027	9.25739369808689	8.9295509083634	9.52435780507171	-0.549590640215212	2.70152993226827e-09	7.76853584613932e-08
17474	chr8	125048451	125065109	9.79854456375127	9.41286805472221	10.1025648967096	-0.625708589169441	2.80373158841972e-09	8.04365673706276e-08
2352	chr11	4111381	4122489	10.4726742300756	10.0918791147917	10.7736598612415	-0.619142669889131	2.80568036247197e-09	8.04365673706276e-08
15849	chr7	46127832	46138393	9.20407633852841	9.52098351864288	8.79736839365695	0.65226671246166	2.82215353794278e-09	8.07868054247602e-08
18020	chr9	63104092	63113290	9.39621663939364	9.0499297113263	9.6752647375762	-0.571735549888567	2.86220310739899e-09	8.17213784355694e-08
8039	chr17	47991252	48008555	10.1256416892601	9.84925770081832	10.357494460199	-0.474873964854407	2.86341307021727e-09	8.17213784355694e-08
6751	chr15	96471030	96477176	8.23147322675189	7.63309914814762	8.65317004913434	-0.867048166370196	2.92073746073061e-09	8.32322466474567e-08
9227	chr19	32736929	32750335	9.5621332057495	9.22463005945444	9.83545834267774	-0.561399235146976	2.95723208693483e-09	8.41458887225431e-08
5487	chr14	25492408	25502968	8.68254965894353	8.15877816180599	9.06599004129496	-0.794132224163671	2.97837456784993e-09	8.46206151545266e-08
754	chr1	132618602	132627556	9.04604413838434	9.41161589901479	8.5551984963816	0.752753181220613	3.09673867719529e-09	8.78520229514042e-08
501	chr1	85915490	85929807	9.57692425894491	9.27423624437959	9.82698789972765	-0.512658549780086	3.18314246224699e-09	9.01684489417696e-08
18504	chr9	118427134	118436169	8.33082757862773	7.71514028220602	8.76098553186405	-0.895893038996426	3.27543781364199e-09	9.26446114234147e-08
3427	chr11	106312559	106325294	9.76869323546865	9.42229861457586	10.0478111433002	-0.573304204615717	3.33415996130596e-09	9.41652111690859e-08
1098	chr1	165146821	165167374	10.4399740224837	10.1171579085859	10.7036001374695	-0.541292390010649	3.34226818822011e-09	9.42539493970719e-08
7339	chr16	50760638	50769004	8.67696992894256	8.98368137067527	8.28694220470911	0.634708005000131	3.3612014298028e-09	9.46472432288241e-08
18080	chr9	66706097	66714487	9.34362737747859	9.0177479034051	9.60929003644767	-0.543531838571048	3.4582390509069e-09	9.72354354772771e-08
6304	chr15	38396509	38413358	10.0421476878183	9.74610263109052	10.2876651027041	-0.502851643074646	3.48313743845469e-09	9.77764066659769e-08
3546	chr11	116310254	116340085	10.7784374523035	10.4367192707584	11.0545160240808	-0.567106212544122	3.48778267099775e-09	9.77764066659769e-08
14021	chr5	113306282	113311962	8.72946056072408	9.05801393836857	8.30331286002489	0.676802389318204	3.5093443001109e-09	9.82357602828978e-08
14426	chr5	148626114	148640914	9.51205913820714	9.85913861465092	9.05410303021195	0.715383305017377	3.60817781026614e-09	1.00853618057498e-07
3194	chr11	94238875	94252285	9.02370697518086	8.5291849599039	9.39130527021951	-0.759650091493234	3.63557467568563e-09	1.01469958485055e-07
8282	chr17	84863333	84876166	9.36549413044199	9.01886936785105	9.64476119408867	-0.571621591460042	3.7353855009926e-09	1.04102615893302e-07
13075	chr4	133499905	133509527	9.91463548240775	9.47613271927813	10.2504616970811	-0.690568899974533	3.82376963461119e-09	1.06271784246055e-07
6212	chr15	27682406	27700654	10.0867902787772	9.73045673075208	10.3723141113107	-0.584990629393576	3.82441796933747e-09	1.06271784246055e-07
1609	chr10	39223061	39239322	10.2703242367343	9.85710951550142	10.5911575583311	-0.660167510599792	3.83131328502198e-09	1.06290810707862e-07
13304	chr4	152081195	152091926	9.70767241472208	9.37751614494366	9.97616631445608	-0.550072821112576	3.83630356366961e-09	1.06290810707862e-07
384	chr1	64743787	64759835	9.67154925654658	9.33751901159017	9.94259572802723	-0.554097691551251	3.84562259840867e-09	1.06393689934691e-07
1876	chr10	75545124	75565335	10.9893486185032	10.7127080360321	11.2213817685633	-0.473524788687233	3.96408400312027e-09	1.09511426921717e-07
972	chr1	155209763	155218187	8.6146428516658	8.05528049180137	9.0167078906854	-0.831581851477935	4.04594446405474e-09	1.11610436022231e-07
423	chr1	74032715	74044218	9.6642095430198	10.0116376617949	9.20564408874351	0.716037758637221	4.05788909324108e-09	1.11777470392776e-07
17612	chr9	21240160	21260753	10.8944006174646	10.5657477661594	11.1619008428349	-0.548460525896603	4.10443818936504e-09	1.12895844052115e-07
6888	chr15	103500986	103505811	7.87702265651942	7.37473789440952	8.24887383209872	-0.771034278016493	4.11274337043736e-09	1.12960573701202e-07
4122	chr12	86072984	86086833	9.72752598556807	9.39371013649808	9.99843148802405	-0.556304447536093	4.14847075901952e-09	1.13777205976057e-07
8601	chr18	39387648	39392009	7.89410790966793	7.40470742484459	8.25888085656704	-0.751593879300953	4.24436893703944e-09	1.16239362274273e-07
2306	chr10	127611138	127623305	9.40302928827473	9.00629759547636	9.71386135943635	-0.637440081508645	4.27553671074274e-09	1.16922105868469e-07
8611	chr18	39774071	39786522	9.33667146200867	8.91315079348075	9.66366561798371	-0.672430336908652	4.28161987346994e-09	1.16922105868469e-07
14604	chr6	34942023	34956295	9.53348740896185	9.17985901300414	9.81727487294185	-0.58429670444387	4.29243158910276e-09	1.17048935531008e-07
1800	chr10	62187449	62194446	8.58064739165032	8.96941305930999	8.04683544834872	0.798489256325717	4.48826426430516e-09	1.22213439701933e-07
2571	chr11	34949321	34965156	9.65988615639928	9.31919314512564	9.93529626794997	-0.567125563947674	4.52058095682746e-09	1.22917057277404e-07
15028	chr6	87217875	87231765	9.86427149764627	10.1082838776112	9.57041428953717	0.499802566223256	4.56847711145044e-09	1.24041669668409e-07
6810	chr15	99109366	99119400	8.52223371195554	8.05257408819035	8.87596919751402	-0.726361884852903	4.61036536603638e-09	1.25000177545721e-07
2855	chr11	68414088	68429740	9.96241717030513	9.68470229515956	10.1952049281669	-0.475484850316587	4.6369926746784e-09	1.25542773142256e-07
5267	chr13	107467018	107474728	8.79557868905196	8.3897983655769	9.11192383189044	-0.64995840482389	4.64666818629281e-09	1.2562552066617e-07
1784	chr10	61357184	61363877	8.60575691732309	8.95554050838033	8.14306401213199	0.7192131293919	4.74225157399989e-09	1.2802730102837e-07
7608	chr17	8387294	8401629	10.0696182845044	9.6986628785115	10.3644357540019	-0.606509322413071	4.9771859936122e-09	1.34178995699952e-07
11499	chr3	52865215	52875811	9.17733261656122	8.82018132980209	9.46338028386452	-0.587540887002655	5.0304807221939e-09	1.35423395214919e-07
7936	chr17	35783527	35793930	9.16206516731612	8.80670915992405	9.44696215800113	-0.58374329435491	5.14648905797631e-09	1.38350164067043e-07
8270	chr17	84091750	84108596	10.8549119402925	10.4945701048214	11.1429987901203	-0.590574995064853	5.16924805327232e-09	1.38765429707292e-07
6216	chr15	27908334	27914411	7.96203613259672	8.3457648352098	7.43772375915393	0.789076640922708	5.26280696006641e-09	1.40931283892839e-07
13050	chr4	130833448	130850064	9.92241858652561	10.213568237788	9.55726280993367	0.598391134025547	5.26478108857278e-09	1.40931283892839e-07
3449	chr11	108345318	108376451	11.5440516130389	11.2105950625444	11.8147207925553	-0.554708931759804	5.49864786762260e-09	1.46984278703675e-07
13289	chr4	150799973	150808772	8.77120967976125	8.40018800918936	9.06606891763351	-0.606166796333119	5.50661098834762e-09	1.46990112444233e-07
269	chr1	53891033	53908180	10.1479472510154	9.73924890625029	10.4660584400299	-0.651588080839677	5.73690811770645e-09	1.52922442648807e-07
4650	chr13	37420361	37448454	10.7870427368446	10.511456177716	11.0183345862128	-0.472078848498584	5.77140218576891e-09	1.53626145979955e-07
9188	chr19	29074388	29101278	10.7680594362656	10.4687489393421	11.0158160193056	-0.505954526973375	5.84287275746764e-09	1.55310759193247e-07
18074	chr9	66143077	66163978	10.5535700834632	10.2780502033927	10.7848150060302	-0.47068361465066	5.89600362131281e-09	1.56503849970484e-07
3131	chr11	86448243	86458673	9.01050007196993	8.65638276718906	9.29460175007229	-0.580814093745094	5.91690677078302e-09	1.5683934860711e-07
12441	chr4	44074368	44109508	11.3587312072249	11.0770205735693	11.5943173025393	-0.480824141139598	6.0193945869356e-09	1.5933345866869e-07
13920	chr5	105346022	105362836	9.61879905451621	9.2701937313878	9.89934810883345	-0.573300242263379	6.03126766207556e-09	1.59425388521632e-07
18479	chr9	115385617	115392548	8.96805556773702	9.31134827190783	8.51669190551055	0.70548121818698	6.40553649057444e-09	1.69083000075956e-07
3036	chr11	79963289	79976790	10.0372026479307	9.58419182510957	10.3814440541558	-0.706370316276076	6.54804405374018e-09	1.72604622355465e-07
7189	chr16	32732433	32750002	9.89748445971483	9.57604646476469	10.1601920397368	-0.537357924660708	6.62120110807188e-09	1.73973454800128e-07
14831	chr6	54721553	54728956	8.61394554897783	8.21414853444027	8.9266514699545	-0.641697638070991	6.62376067188218e-09	1.73973454800128e-07
4172	chr12	98512524	98524248	8.79689064974491	8.41033889055482	9.10145335736496	-0.624042803181061	6.62747288163195e-09	1.73973454800128e-07
13687	chr5	64419024	64451398	10.9060377954826	10.6045514622425	11.1552816535616	-0.508960977729091	6.77266255372086e-09	1.77539174871641e-07
16942	chr8	68134030	68153788	10.2844304640406	9.93058569712552	10.5683570078575	-0.583184082430764	6.785784077901e-09	1.77637787606184e-07
12068	chr3	129727111	129743623	10.1886147352074	10.4407835076608	9.88283317500206	0.515914444180779	6.81068001216906e-09	1.78043933816745e-07
15332	chr6	121349622	121361233	9.60375122795901	9.9015205142234	9.22810058103975	0.609203102047534	6.92428368586343e-09	1.80764759386523e-07
6737	chr15	94241482	94244862	7.34276543840706	7.84762204020279	6.55941943806266	1.03341655345767	6.97968863021065e-09	1.81960866088967e-07
16864	chr8	36045276	36058980	9.31549524762998	8.95244316981025	9.60530850727902	-0.591248732108684	6.99168660319397e-09	1.82023621456815e-07
16183	chr7	99535779	99544519	8.74212152654434	8.31371032942519	9.07201473457753	-0.673607008801216	7.02685122378702e-09	1.82688505994868e-07
15914	chr7	63954576	63961175	8.403435470056	7.96591939658907	8.73868449350088	-0.684580747846827	7.0450257713495e-09	1.829104570649e-07
9760	chr2	18526932	18549192	10.05599534757	9.75836373571635	10.3026017575398	-0.504884880379349	7.16799901503983e-09	1.85848979926832e-07
9670	chr2	9126778	9140313	9.02609807235421	8.69465054837555	9.295444046443	-0.552399977982437	7.370767875828e-09	1.90845570962264e-07
10017	chr2	35238204	35262586	11.1183016650725	10.7983789910401	11.379997573305	-0.53475744041803	7.4104956355121e-09	1.91612801997799e-07
510	chr1	86456584	86466316	9.16069460283728	8.78844887392727	9.45632483597651	-0.6022119862941	7.4241473600522e-09	1.91704615981538e-07
5171	chr13	97502312	97514201	8.98748979695481	9.33957209261626	8.52075096676879	0.719837763046823	7.5599735974917e-09	1.94946656123363e-07
13013	chr4	129043696	129052712	9.48412980155029	9.05612571314764	9.81378227663224	-0.674834615258877	7.70345664665995e-09	1.98377074215684e-07
1357	chr1	191486456	191514114	10.848745051323	10.5742849949656	11.0792436040353	-0.469331096975282	7.75101943727934e-09	1.99331433469004e-07
12737	chr4	102931384	102948317	9.90008029769311	9.57899971104732	10.1625494213133	-0.534959969086086	7.8138096592352e-09	2.0067428081546e-07
767	chr1	133221374	133235050	9.82648642860772	10.121150247748	9.4557747427271	0.602354716824355	8.03470484644376e-09	2.06068463892778e-07
3021	chr11	79158584	79167648	9.34065107562525	8.9880014430069	9.62380897763998	-0.579885042504614	8.15566756361911e-09	2.08888548839308e-07
12606	chr4	63182163	63190962	8.74141699608891	9.06830480545824	8.31807522666829	0.668693490883705	8.19176874451784e-09	2.09530429922108e-07
8205	chr17	79101235	79113691	10.0193080342682	9.72796087923411	10.2615889781603	-0.494233154307393	8.25068489619187e-09	2.10753362913628e-07
3839	chr12	39651139	39662996	9.17047397695173	8.80298728819392	9.46310064410055	-0.602029045509889	8.35456668806513e-09	2.13120055339769e-07
2205	chr10	117381207	117390933	9.40299985573321	9.08659459226658	9.66234059323514	-0.529526616554203	8.40543990632424e-09	2.14129991922319e-07
15402	chr6	127998839	128016559	10.0916721359524	10.3606479332328	9.76078582259456	0.549178396195935	8.48592543215606e-09	2.15890588172775e-07
15502	chr6	145455100	145462502	8.88607583296635	9.18292076970151	8.51189815970249	0.606754346460077	8.58735736181197e-09	2.1817865511356e-07
645	chr1	105935004	105951015	9.42503804185756	9.07468652218108	9.70671498477811	-0.573090736057363	8.70137275176157e-09	2.20779884299041e-07
17398	chr8	121299380	121318954	10.5634904147516	10.8429977524557	10.2164947912329	0.57229624809855	8.83868295084406e-09	2.23964437548824e-07
7451	chr16	92397887	92407516	9.21559954184405	8.8727482337007	9.49241605431946	-0.566760586922105	8.86430623765099e-09	2.24314224112504e-07
5888	chr14	65117249	65128846	9.1257235725217	8.78959920188483	9.39814514422522	-0.557779484801248	8.89724877511527e-09	2.24848048605743e-07
17983	chr9	61332074	61355016	10.8345422674717	10.5666919081765	11.0603648393669	-0.458908110092609	9.01008377570504e-09	2.27396781887109e-07
4323	chr12	111142744	111154641	9.32947498931095	8.93638574761788	9.63807204500682	-0.632666514507118	9.18881304069935e-09	2.31599578618105e-07
10070	chr2	44446825	44453505	8.24831878836714	7.7845322637197	8.59872472006305	-0.720270432911055	9.30435394660181e-09	2.34200707629384e-07
3263	chr11	98031690	98067112	11.9083440071202	11.5947970513051	12.1657638146113	-0.525451251887826	9.55635960756108e-09	2.40225362903181e-07
2225	chr10	118674989	118685348	8.99246439397383	9.32748441711478	8.55533949289043	0.683883048064074	9.57987724954204e-09	2.40498003067538e-07
7573	chr17	5119455	5133492	9.95336792284626	10.2760103784532	9.53713903575933	0.660704194217005	9.63279087269491e-09	2.41506919382928e-07
5235	chr13	103921153	103927604	8.75818156491593	8.30665705158001	9.10156698846104	-0.700190605061235	9.64564059535723e-09	2.4151004334998e-07
940	chr1	152993203	153020718	10.865263387674	11.0842321518112	10.607008493359	0.445972866346028	9.72016739923438e-09	2.43055411159512e-07
6475	chr15	67576105	67588403	9.53846147152848	9.12046821245368	9.86216011992185	-0.663056802909201	9.77342691184035e-09	2.44065617578708e-07
6874	chr15	102099852	102107755	9.36076877628889	8.96763887023404	9.66939083402523	-0.629867347387754	9.95477030126807e-09	2.48267523715856e-07
9770	chr2	19081337	19103196	10.2617893825053	9.98498907163636	10.4939347900085	-0.474586708597547	1.0139006454268e-08	2.52530450781565e-07
1682	chr10	43575004	43585230	9.85926507966147	9.41968277555624	10.1957220852915	-0.686429478315158	1.04689529853464e-08	2.60406630024756e-07
17332	chr8	117485370	117499711	9.9504115039088	9.68277814187835	10.1760799413386	-0.45944602608791	1.05488470121179e-08	2.62050480946317e-07
17505	chr8	126737178	126749357	9.38352370395473	9.0775325709009	9.63583481486799	-0.514531826733939	1.07829924155361e-08	2.67516879809751e-07
18304	chr9	96724327	96735776	8.92491638278472	8.55384035844342	9.21980987898814	-0.607920304310063	1.08266859424992e-08	2.68250225199337e-07
18225	chr9	83792677	83798656	8.31250971514291	8.64511904970529	7.87949251371993	0.67777215088381	1.09179435071916e-08	2.70158604723583e-07
16235	chr7	104212978	104220841	8.38718381666815	7.9831585352194	8.70246400620803	-0.64600444954881	1.09715036227565e-08	2.70933933613361e-07
11086	chr2	163815812	163823692	8.76206540004256	9.06160282415103	8.38359034843626	0.613288256434766	1.09778278596699e-08	2.70933933613361e-07
17145	chr8	94419247	94427654	8.76862683523201	8.40690062733039	9.05759618618738	-0.589454036029559	1.11162547158693e-08	2.73994023704525e-07
11239	chr2	173804405	173811937	8.45184944992517	8.81223260175309	7.97035075771847	0.732460305481137	1.15903496174929e-08	2.85309008288454e-07
7619	chr17	8841186	8845773	7.72955456008579	8.14837537409576	7.13699553515478	0.853424654701994	1.18466510996019e-08	2.91240403133866e-07
8997	chr19	6886235	6899465	9.52387851602132	9.19447782830273	9.79187323383965	-0.544472120629606	1.19436041070566e-08	2.93244065133024e-07
4346	chr12	112619917	112627504	9.04421668016611	8.46219037441342	9.45778383799515	-0.842380631377099	1.2217220048274e-08	2.99574443535133e-07
5499	chr14	26331746	26339712	8.80855035825956	9.10648121437761	8.4326419943566	0.607227651322623	1.25420442531097e-08	3.06897229897015e-07
13712	chr5	66397903	66406699	8.64638054422138	9.08854699880455	8.00558000754285	0.899663874596686	1.25481980294053e-08	3.06897229897015e-07
17415	chr8	122067874	122096745	10.7958494613984	11.1331515792001	10.3548188168646	0.689529080731361	1.27691903712988e-08	3.11900211141415e-07
17488	chr8	125687402	125695093	8.91920152318816	9.22942204285487	8.52346796395844	0.635250181860645	1.29689253128699e-08	3.1637176544082e-07
7621	chr17	8872978	8878444	7.96996480824272	8.37080728959776	7.41298008739409	0.817793867987854	1.31710362783696e-08	3.20889727249264e-07
14199	chr5	129196885	129204601	8.62822457942522	8.96983271564181	8.17977841950079	0.694947729139987	1.33463116362888e-08	3.24743139160416e-07
9425	chr19	44985557	44994900	9.62215322323692	9.31188248180496	9.87736339876569	-0.519851592043158	1.34159416468331e-08	3.26019406549611e-07
12955	chr4	123962310	123967566	8.30633671060063	8.64839084621307	7.85711903001065	0.698840334338741	1.35080909713153e-08	3.27458527845957e-07
2697	chr11	54288218	54296957	8.38258049369409	7.90562243926726	8.740424129466	-0.733188068479635	1.35096700196736e-08	3.27458527845957e-07
4854	chr13	52726878	52793215	12.3578755525861	12.0426485922488	12.6164251805008	-0.526854075562991	1.39976130717572e-08	3.3885293174602e-07
8866	chr18	78170115	78179842	9.00776526909369	9.28504817017687	8.6641970509532	0.564646450267767	1.40988869900496e-08	3.40869778578538e-07
4327	chr12	111344082	111350972	8.60971488003449	8.95126924974353	8.16136168517638	0.693562481944445	1.43103151359291e-08	3.4554131166005e-07
9477	chr19	47832206	47854492	10.4220990141618	10.0812924346478	10.6975832163158	-0.56063819133645	1.44653478921154e-08	3.48840962699439e-07
6607	chr15	80066545	80076424	9.78783462098039	9.49699584278673	10.0297642657309	-0.490679303734406	1.45781951343173e-08	3.51116199814984e-07
9228	chr19	32857652	32868899	9.50170480898769	9.16641611001417	9.77357803629161	-0.55705972237182	1.46477271908663e-08	3.52251342250663e-07
998	chr1	156926086	156946285	10.2106158832774	9.81180079207979	10.5227222467134	-0.636534925681296	1.4662445881133e-08	3.52251342250663e-07
1525	chr10	21935372	21946431	9.3184430102782	8.83042526369703	9.68245048131663	-0.74189254268979	1.49703606462242e-08	3.59194026175335e-07
3544	chr11	116232448	116240304	9.07219636055236	8.58391040980465	9.43635239697933	-0.744598230460981	1.50829279883299e-08	3.61437992791053e-07
4658	chr13	37675609	37696457	10.5152908991507	10.2544989244723	10.7360794472862	-0.448284165412923	1.51269281387828e-08	3.62035270045344e-07
13321	chr4	154361423	154394302	11.6727315425649	11.9846665150101	11.2741969486482	0.636661908483253	1.51886445606996e-08	3.63054515261356e-07
12706	chr4	101047259	101053922	8.4485225118968	8.80480978061994	7.97433625100679	0.724307301961177	1.5373941883078e-08	3.67021437734511e-07
17769	chr9	44067078	44089852	11.3942247673507	11.0773496709522	11.6538806484502	-0.528422912384634	1.56218608836803e-08	3.72471479536895e-07
6627	chr15	80683144	80691686	9.15499308012664	8.79555462958873	9.44250329743933	-0.586931766722723	1.60249395831742e-08	3.81602670450517e-07
11522	chr3	58491705	58499908	8.75343969819085	8.37836676391655	9.05084662986281	-0.605351462747274	1.6276043171219e-08	3.87096520484418e-07
1758	chr10	59617189	59624276	8.71253140249553	8.17183434254704	9.10491622376282	-0.800844954439319	1.66100538526571e-08	3.94545947521376e-07
6467	chr15	66665326	66676726	9.58438864080535	9.29501149903722	9.82530709666779	-0.490378308065656	1.66433945834243e-08	3.94843732248513e-07
2117	chr10	96735957	96757237	10.4834053261817	10.0617719347099	10.8092765299047	-0.664199141858888	1.69287526134092e-08	4.01083707870119e-07
16418	chr7	122946916	122954053	8.57156405873176	8.08694327937665	8.93368613910389	-0.737392027641413	1.69486871653846e-08	4.01083707870119e-07
14080	chr5	117530389	117536519	8.48365490601338	8.86033211436273	7.97248232780744	0.763626688627081	1.71511843282599e-08	4.05370270692459e-07
7820	chr17	29816170	29832035	10.1623841240782	10.4520020234031	9.79963915543049	0.590472368960886	1.72167386521233e-08	4.06413535918716e-07
13051	chr4	130851302	130889030	11.559005198221	11.7947649521847	11.2770459756238	0.479021735303273	1.73151495893404e-08	4.08228849759119e-07
11150	chr2	166536438	166544960	9.42644900798354	9.10543203569233	9.68887567892266	-0.533092876159369	1.75685461621967e-08	4.1368912855128e-07
6833	chr15	100423410	100429008	8.76343478206605	8.36522611617256	9.0751705367318	-0.633797756753078	1.77007469641418e-08	4.16285596818398e-07
117	chr1	36598042	36606013	8.38188244640457	7.85855128970443	8.76508797786676	-0.776728310691042	1.819942706003e-08	4.27384324989291e-07
2436	chr11	20542809	20547506	8.08394994909864	7.60475972649788	8.44304356318034	-0.726907173550527	1.82177100435395e-08	4.27384324989291e-07
17396	chr8	121246348	121264881	9.93379081207519	10.3045257782567	9.43354972188255	0.753785536385926	1.83469936108563e-08	4.29885915728941e-07
5674	chr14	51910875	51918073	8.82578876816917	8.40912714943495	9.14869045784148	-0.654995391130637	1.84339806185563e-08	4.31391514376793e-07
6269	chr15	36629957	36638111	8.99674817352172	8.63395601406787	9.28639609659997	-0.591369309731509	1.89870340791422e-08	4.43786847029606e-07
10239	chr2	70041696	70048356	8.74175059645031	8.38540080621205	9.02728483831601	-0.579824564193144	1.90570127567001e-08	4.44874594230518e-07
11654	chr3	85990483	86012554	10.4106583618	10.7489443080862	9.96793874242215	0.688493800440426	1.92798987352337e-08	4.4952481338575e-07
7898	chr17	34037172	34046301	9.75441214444032	9.43588742623775	10.0151731638927	-0.528024209593119	1.96616841450167e-08	4.57863930537756e-07
7101	chr16	25196528	25217872	10.2999269515233	10.0399448856339	10.5201351694424	-0.44682784265757	1.98784485949012e-08	4.62344455738518e-07
14300	chr5	139028078	139033606	7.96921165195137	8.42303537397965	7.30340092158526	0.918832831996753	2.02951245995615e-08	4.71457980140853e-07
15458	chr6	135293996	135300965	9.09791650644295	9.37481869378145	8.75493354712713	0.563588357855538	2.04420717741868e-08	4.7382611665909e-07
15834	chr7	45661776	45667060	8.50486587316995	8.84478876207391	8.05932910412968	0.687877176363121	2.04469987640969e-08	4.7382611665909e-07
7513	chr16	95419743	95447592	10.9123226837949	10.6545125491083	11.1309718663308	-0.44254704614841	2.05600575761405e-08	4.75865039923866e-07
18302	chr9	96524792	96530218	8.32158880876888	7.81339090808253	8.69665588834681	-0.769159147917427	2.08453776707447e-08	4.81881148371575e-07
10259	chr2	70913526	70921457	8.71320769367171	8.31180816613701	9.02689069111244	-0.64126095992357	2.09814091340637e-08	4.84435722573474e-07
4009	chr12	76637263	76647263	9.2045303807507	9.47194980570408	8.87599966525487	0.543859240038082	2.13108601422385e-08	4.91444489233955e-07
702	chr1	128676800	128694915	10.1465908079039	9.79239853780792	10.4307406495884	-0.578790524608619	2.16839182147361e-08	4.9944063567655e-07
10038	chr2	37714778	37724884	9.0083162857864	8.61751955057091	9.31550197608662	-0.62466079431579	2.20456458135671e-08	5.07156741691746e-07
865	chr1	138429484	138464817	11.1343402027801	10.7647023976358	11.4283265025995	-0.598064551459847	2.25858304819899e-08	5.18549453684319e-07
4165	chr12	98327393	98340420	9.46336813785643	9.13625863382389	9.72984650695697	-0.540024559597182	2.25992400169859e-08	5.18549453684319e-07
17503	chr8	126599405	126612162	10.0494562882521	9.75930475386635	10.2909107000665	-0.488837804657571	2.26228435455301e-08	5.18549453684319e-07
16313	chr7	112355084	112359146	7.93531436441296	8.27714714004394	7.48647968904407	0.694997343001271	2.2656558771982e-08	5.18695812947463e-07
8607	chr18	39687227	39704031	9.62290285222951	9.23945901135522	9.92553722924684	-0.615226406891671	2.31471043407946e-08	5.29287823233664e-07
10015	chr2	35057808	35063246	7.87171717101048	7.35926900482974	8.24908326213649	-0.76064106605349	2.33615177782466e-08	5.3325403143853e-07
9233	chr19	33044558	33074272	11.0726012067209	10.8220072394625	11.2860414602903	-0.431989722120442	2.33767508381293e-08	5.3325403143853e-07
2975	chr11	76019406	76037032	10.7157610727266	10.4043010498309	10.9717743268653	-0.519340164219542	2.35077989157752e-08	5.35599658610441e-07
13688	chr5	64452480	64469832	10.1976150414156	9.89375371435596	10.4484780045588	-0.508520926531415	2.35969700489915e-08	5.36986684124472e-07
9110	chr19	16125196	16141222	9.67698757014764	9.3361870951682	9.95246779001913	-0.561487913465403	2.36561379997251e-08	5.37688434846446e-07
12222	chr3	152690762	152700519	8.57561365150128	8.90757425492546	8.14369869407427	0.673829752147979	2.37843658413265e-08	5.39956314955186e-07
11083	chr2	163768656	163775411	8.56464837526856	8.90847622155685	8.11235595011855	0.69628615234326	2.39705347283482e-08	5.43532590931088e-07
18031	chr9	63740502	63748658	8.77017050696109	8.41245927055996	9.05657659123652	-0.585906532871844	2.40166255998823e-08	5.43927848759148e-07
1772	chr10	60669190	60674687	8.20244219116618	8.59699033068243	7.6576055670545	0.797165199907909	2.41912486017159e-08	5.47229686784225e-07
11233	chr2	173516151	173523298	8.96916376878353	9.29503133129735	8.54753649046751	0.661460832265371	2.50640964427548e-08	5.66299388556005e-07
7474	chr16	93338659	93344426	8.24976832597372	8.64457977227461	7.70442662125556	0.7962781522347	2.52731782084472e-08	5.69482097679671e-07
5180	chr13	97953277	97962225	8.91456180666872	9.28549139506826	8.4139647040029	0.751598480925742	2.52913842117798e-08	5.69482097679671e-07
11826	chr3	100700565	100714260	9.88333544828582	9.5496815388441	10.1541344495969	-0.550073384907846	2.52949791002668e-08	5.69482097679671e-07
2699	chr11	54361544	54368240	8.54857250794492	8.15556037245924	8.85712215260311	-0.628192833635366	2.55159143278076e-08	5.73775518989883e-07
2244	chr10	120235116	120245368	9.09025482498696	9.41030314886081	8.67834484481382	0.649799252769378	2.55818857669248e-08	5.74578236651438e-07
16974	chr8	70722549	70751651	11.4963876370403	11.1890970099461	11.7495805685886	-0.513808170212364	2.56917594143095e-08	5.76363950264988e-07
14605	chr6	34972968	34993421	10.1038599269721	9.82785558741839	10.3354457140858	-0.46842565413927	2.69084430683893e-08	6.02469709449349e-07
17399	chr8	121330559	121335711	8.83927824345006	9.14681752752481	8.44790771180574	0.623444845080385	2.69189268988381e-08	6.02469709449349e-07
11856	chr3	101803369	101812388	8.62340396817837	8.15563666784228	8.97606898322984	-0.718320698343907	2.69931791771431e-08	6.03419961840988e-07
8301	chr17	85912276	85923147	9.27866791289566	9.59224138965575	8.8774481539795	0.637120313065152	2.70741597865173e-08	6.04518210103897e-07
18430	chr9	109093677	109101494	8.90083481318585	8.4731894879258	9.23027505355788	-0.6677536780257	2.74233325720803e-08	6.1159509857287e-07
10772	chr2	128132659	128195396	12.2213755703349	11.9172693825447	12.4724052077431	-0.509406118194	2.78842688619544e-08	6.21144998510602e-07
13482	chr5	30411255	30439211	10.4211378012674	10.7331066345497	10.0225477979086	0.633639528644436	2.79402497387465e-08	6.21662367868313e-07
15693	chr7	28452166	28457644	8.65105253130929	8.21688722883357	8.98433674995115	-0.677688467053754	2.80370808736556e-08	6.23086367565702e-07
12179	chr3	146045172	146058245	9.73799708611289	9.37412281935927	10.0283330272969	-0.58806479100389	2.83560057697103e-08	6.29436998249512e-07
12287	chr4	8660134	8676852	9.87666275723007	9.52590500551448	10.1586017681897	-0.571525936893738	2.860666722785e-08	6.34259272567016e-07
3285	chr11	99262107	99269340	8.73348467886632	8.32353238654165	9.05235302360724	-0.649870913168362	2.87764163369066e-08	6.3727841967112e-07
8424	chr18	14577730	14602323	10.524078657907	10.259785567661	10.7473694676795	-0.452456866486069	2.89550439422439e-08	6.40486921887934e-07
18179	chr9	75287686	75298649	9.21481218008307	9.48150989546207	8.88737162050402	0.543391799015695	2.92838501661991e-08	6.47006044591727e-07
9626	chr2	4528290	4536486	8.87808797998788	9.15211044638316	8.53951926613431	0.556673064946934	2.98709406171876e-08	6.59209979039074e-07
431	chr1	74211226	74223802	9.48573032894126	9.1323153058269	9.76938060666152	-0.575657172970413	3.02210903421592e-08	6.66162687112473e-07
6128	chr14	122348161	122368403	10.2267581761997	10.4904212438258	9.90388657468292	0.535222901847777	3.06317331230962e-08	6.74431163507242e-07
2359	chr11	5045797	5066041	11.2811237080203	10.9934011313089	11.5208954089426	-0.485250700459205	3.08033927159853e-08	6.77424786044826e-07
1518	chr10	21737264	21749357	9.38570286332715	9.06842709970634	9.64562735924145	-0.529280512980403	3.10285726726335e-08	6.81587130502213e-07
6471	chr15	67467162	67480556	9.41588778341316	9.08138100343269	9.68724746063742	-0.551177102064785	3.11356034199577e-08	6.83147534459395e-07
17555	chr9	13910465	13919275	8.83168397422608	8.46922952002426	9.12111700693407	-0.590948908591753	3.16678839257831e-08	6.94023982710667e-07
4272	chr12	107742397	107747712	7.99930525158958	7.54029368550301	8.34698847005848	-0.702117148242719	3.23069933706389e-08	7.07213872181495e-07
6412	chr15	59062661	59069060	8.13331602086108	7.66665860588801	8.48535215979131	-0.717255022839552	3.33801979930489e-08	7.29864951278889e-07
12277	chr4	8044950	8071636	10.4009692617617	10.1273203371143	10.630895951661	-0.467186219218256	3.38099158586391e-08	7.38410118620382e-07
16291	chr7	110728215	110735011	8.76678953791298	9.06668298484062	8.38774469046519	0.609717329306219	3.40650953729728e-08	7.43128097797299e-07
10627	chr2	118292465	118302173	8.93928324250076	9.21031298133479	8.60527844852563	0.5518352761291	3.43100077260412e-08	7.47611523114277e-07
4273	chr12	107794531	107814574	10.6743174820614	10.4230733338884	10.8882289051845	-0.431695897858823	3.47511151428039e-08	7.56354832907425e-07
2133	chr10	99387359	99392065	8.56290757324015	8.16080434758203	8.87701907449588	-0.635144091843084	3.48508525016439e-08	7.57656734969874e-07
13608	chr5	36958598	36964150	8.37454032457865	8.70014601379159	7.95335259194261	0.66046765303808	3.52843139564943e-08	7.65373581949681e-07
7032	chr16	21347649	21363758	9.7898915815048	10.0295428560908	9.50234257245959	0.483869886015889	3.52864684233084e-08	7.65373581949681e-07
11733	chr3	90447844	90455366	9.03319599350703	8.7053073856247	9.30019043740956	-0.542763146767649	3.55369428275974e-08	7.69926527311612e-07
11085	chr2	163805095	163814236	9.09661393036634	9.45401804767654	8.62043947403218	0.722455967712485	3.61808227368624e-08	7.82982707779831e-07
5478	chr14	25035213	25042584	8.35595589273361	8.70447179508697	7.8954866398852	0.703653533344845	3.7927101866117e-08	8.19838799905506e-07
3147	chr11	87560301	87586004	10.9666951691869	10.6894497068658	11.1991533183909	-0.469642901998238	3.9035394320836e-08	8.41760963525881e-07
2526	chr11	32115569	32121127	8.95378071452674	8.59976037201557	9.23782009038543	-0.573571238789906	3.90418096031487e-08	8.41760963525881e-07
2617	chr11	46531534	46547542	9.81006461774369	9.53652847243417	10.0399117527081	-0.465176990137525	3.90743141823226e-08	8.41760963525881e-07
2124	chr10	97288938	97294825	8.14729733441389	8.50615203852151	7.66853416564423	0.721310806112352	3.99550330683705e-08	8.59758018826081e-07
16711	chr8	12946754	12951717	7.77696082079673	8.22739650601104	7.11848470652376	0.901324194850794	4.00573498430579e-08	8.6098351378414e-07
14008	chr5	112253747	112269364	10.0579169803597	9.79867498284158	10.2775944220695	-0.443038264866415	4.0360892076686e-08	8.66526437469937e-07
4141	chr12	86910974	86920912	9.00208402566408	8.62348310573426	9.30170011513894	-0.607202144650845	4.0715039195634e-08	8.73142066546823e-07
7504	chr16	95111700	95143214	10.9603682452952	10.6551268180145	11.2121700081652	-0.510504208124389	4.09545293600003e-08	8.77286696076125e-07
2185	chr10	116796023	116802963	8.71896773144869	9.03361000812495	8.31599208879687	0.634631242768326	4.20029209319573e-08	8.98729916987168e-07
10136	chr2	58737499	58749990	9.76291933863301	10.0305754152122	9.434030858156	0.542934848955238	4.23447149673375e-08	9.05022911447182e-07
5228	chr13	102664901	102671693	8.91315247984619	8.57629252585877	9.18605628575408	-0.55192323171801	4.44241510347874e-08	9.4839815803063e-07
2186	chr10	116816125	116823234	8.43410431455326	8.79775952992686	7.94672218341706	0.730869560005146	4.4525016628136e-08	9.49483472567856e-07
11593	chr3	69045820	69060525	9.38606981105509	9.07329469920228	9.6429698071396	-0.519044411094077	4.4661866355937e-08	9.51332841267483e-07
8643	chr18	46459780	46470617	9.43784214955926	9.08086752724658	9.72377668873555	-0.578646337751043	4.53220489210379e-08	9.64312966897286e-07
16863	chr8	36029458	36039059	9.23495074970435	8.92234104785592	9.49173928704329	-0.519587605764466	4.55358697508038e-08	9.67777460246927e-07
15151	chr6	99303429	99309683	8.02781772642798	7.60027745622485	8.35719580312706	-0.663933426582037	4.58694888194929e-08	9.73777436582948e-07
7855	chr17	31799084	31806846	8.27852067094498	7.77343498391836	8.65189768701124	-0.749298025653948	4.638431571802e-08	9.83606623477433e-07
17282	chr8	114986142	114992116	8.08921521398277	7.57959466820712	8.46505297908046	-0.753170220957807	4.67484660871383e-08	9.90222252084596e-07
17615	chr9	21794460	21808079	9.44164984708717	9.05786388591216	9.74449682506825	-0.612898677648468	4.75496661384592e-08	1.0060703608047e-06
3030	chr11	79661025	79667594	7.82742625264637	7.3398508955366	8.19118857863933	-0.732834867140016	4.81486431011728e-08	1.01760923988548e-06
4302	chr12	109538054	109542146	7.59802165033194	8.03964831824806	6.95836392471862	0.881507154830775	4.84755824519525e-08	1.0233793986158e-06
8198	chr17	78442632	78452376	8.67220446071496	8.97872901514389	8.28247959895955	0.618376690690865	4.94565151955845e-08	1.04192984721146e-06
1011	chr1	159677764	159691658	9.49725162588561	9.13009177125987	9.78967142479673	-0.593305482770168	4.94640809493403e-08	1.04192984721146e-06
13794	chr5	76685080	76690720	7.90295027590338	8.26110814497703	7.42543158127332	0.723657813687685	4.98668700089963e-08	1.0492498069853e-06
11214	chr2	172752390	172761133	9.24078229612983	9.57094861230764	8.81190901847038	0.666656117233524	5.09560405165419e-08	1.07097972642685e-06
563	chr1	90912490	90919980	8.84395542804246	9.16011585660064	8.43847975951833	0.639374597792409	5.11868114988577e-08	1.07463992858055e-06
4518	chr13	21901649	21929717	10.7346887365292	10.3629067729355	11.0300269841443	-0.597228245345079	5.12635860275474e-08	1.07506254057107e-06
1371	chr1	192891894	192898570	8.13011814191236	8.46535954349359	7.69261509062085	0.674523651622844	5.33317154520898e-08	1.11719936817352e-06
10074	chr2	45110839	45144015	11.0957467563075	10.7685171508417	11.3623047102539	-0.53865490090324	5.58863122087297e-08	1.16942262338421e-06
13019	chr4	129235192	129252576	10.7910399061385	10.4653332741234	11.0565878499553	-0.536007205660542	5.67420389436778e-08	1.18602109814104e-06
3433	chr11	107020451	107028022	9.63509955021958	9.15884728728508	9.99254732574757	-0.718130484502058	5.87979950515816e-08	1.22764262715508e-06
13669	chr5	53976119	53984507	8.82757610432939	8.47213597696817	9.11252706383945	-0.573867678235029	5.91826661836616e-08	1.23431628736232e-06
14214	chr5	134475059	134486187	9.14784812838652	8.74807137193707	9.4605416865129	-0.629733070579513	5.96216224013232e-08	1.24210622563635e-06
12260	chr4	6517384	6533444	9.95200287397954	9.6021961159625	10.233328190131	-0.567844292239837	5.9934687729176e-08	1.24725925264477e-06
17992	chr9	61966879	61982545	10.128434818407	9.82942417877322	10.3759861401641	-0.500745085173841	6.10882321195457e-08	1.2686394047795e-06
5943	chr14	70175860	70181376	8.53546050534344	8.02187308259028	8.91344106098405	-0.762980847889504	6.10957593112631e-08	1.2686394047795e-06
17775	chr9	44434446	44440609	8.25642844474111	7.82707820245249	8.58687652023864	-0.662015697207065	6.12268534231614e-08	1.26997207772479e-06
1416	chr10	7609471	7617587	8.73503772819802	8.36854372883789	9.02703584005141	-0.594311556311977	6.20543289970949e-08	1.28573046947147e-06
15820	chr7	45208547	45230681	11.1344095109923	10.870094211234	11.3577161607918	-0.449283962572232	6.24830398231111e-08	1.2928519188621e-06
17463	chr8	124558681	124572136	9.58951730812946	9.8946036232069	9.20211976756307	0.616352562330487	6.2534277965931e-08	1.2928519188621e-06
13220	chr4	141888993	141912740	10.6106631145322	10.8570157323245	10.3134015151042	0.498290912293079	6.26300644276656e-08	1.29342327831628e-06
16866	chr8	36089599	36095107	8.38194060170344	7.98940447296483	8.6901974688713	-0.623449275847708	6.31765668012691e-08	1.3032913710014e-06
15150	chr6	99261706	99294435	11.4007146385607	10.9899741973279	11.7200583417661	-0.644732732974567	6.33125321791633e-08	1.30467811968332e-06
11729	chr3	90069155	90076632	8.80545646618935	8.47090967817588	9.07684243115323	-0.548951340171123	6.38953216667955e-08	1.31414067755595e-06
15599	chr7	16875339	16911244	11.6349913352059	11.3350702646831	11.8831656520752	-0.500480875173176	6.39102084084591e-08	1.31414067755595e-06
10673	chr2	120659250	120680939	10.2968133508119	10.0264784581143	10.5243978798704	-0.459112440245616	6.6335489153905e-08	1.36253381888741e-06
17785	chr9	45112200	45118313	8.72014424005747	8.27685041895958	9.05876424419423	-0.679017655263192	6.64708148027366e-08	1.3638373990715e-06
16984	chr8	71375561	71383141	8.57175426968462	8.01401825506678	8.9729833883816	-0.802622955860116	6.77998834703111e-08	1.38960473907455e-06
4542	chr13	24238133	24246666	8.81278730407134	8.46370948057938	9.09364177364013	-0.56680828135377	6.94369989736144e-08	1.42162330476831e-06
2184	chr10	116747510	116758971	9.29611078579983	9.67912942829926	8.77312989474127	0.767765559585293	7.04656879419905e-08	1.44033998356148e-06
12668	chr4	89420581	89469096	11.6940678446671	11.4441993590548	11.9069819276039	-0.428602636250228	7.05029687933303e-08	1.44033998356148e-06
915	chr1	152112151	152120737	9.12656719092266	9.43310045957153	8.73682820951786	0.619618464751768	7.25436721683297e-08	1.4804369398739e-06
1211	chr1	178567579	178576659	8.95386264479486	9.27359063190753	8.54248455227753	0.641205065340476	7.26308674933919e-08	1.48062431166175e-06
16316	chr7	112377521	112399708	10.3093068490673	10.5843026093722	9.96924869528055	0.553794263705129	7.29610559478934e-08	1.48575952879299e-06
12553	chr4	56061321	56071423	8.72630197081959	8.34773860810365	9.02589458890014	-0.60194076431433	7.32105772190799e-08	1.48924281354868e-06
17493	chr8	125959931	125964337	7.95227955438052	8.3379305821157	7.4243530183514	0.768038401740739	7.47754610865326e-08	1.51944697640396e-06
13622	chr5	38031113	38039618	8.87390463098719	8.51295192842093	9.16238106351855	-0.586768714261876	7.5298601398714e-08	1.5284408084986e-06
14450	chr5	149312643	149319607	8.61957775662249	8.98059370345729	8.13694415607005	0.725418225003344	7.5660751410819e-08	1.53415106947215e-06
7478	chr16	93419226	93443282	10.9587063938708	11.1783100382477	10.6995672413561	0.442281403011424	7.57577023565059e-08	1.5344775165679e-06
9773	chr2	19145926	19155977	9.30737704088785	9.00151826318243	9.55959826224728	-0.508331563036342	7.59522676155025e-08	1.535832500236e-06
11731	chr3	90219932	90226665	8.22847108593626	7.70362723944764	8.61248293494127	-0.765633765461198	7.59864438443332e-08	1.535832500236e-06
13512	chr5	32297952	32306933	9.06721155284308	8.73614482490435	9.33630637838076	-0.542273194025526	7.68473128569792e-08	1.55157994756661e-06
12201	chr3	148953355	148963219	9.25381979426447	9.5735898566634	8.84237185779843	0.644301746171903	7.83090250747948e-08	1.5794123133842e-06
17658	chr9	32681127	32692302	9.39302419355988	9.02904225798207	9.68342854584354	-0.58480742883831	7.88612503655914e-08	1.5888616461662e-06
15704	chr7	28884787	28890909	8.99461911636774	8.61059545863283	9.29761375602152	-0.609260352004804	7.93914367340922e-08	1.59784737834182e-06
13843	chr5	92807504	92811651	8.27110474520966	8.61397525130144	7.82047316192804	0.687615390218556	8.02110065229209e-08	1.61263208982894e-06
11424	chr3	37209364	37215577	8.11376329167697	7.63075822481141	8.47498619000104	-0.719549294641723	8.0611254419916e-08	1.618964018662e-06
1748	chr10	58647061	58657519	8.97356883419474	9.2353750719323	8.65348103328468	0.530035029504519	8.12737169940643e-08	1.63054320806591e-06
15644	chr7	24508330	24511881	7.59574468213021	7.96664957850859	7.09519275484291	0.744043409185867	8.17008418465922e-08	1.63738149673334e-06
1766	chr10	60423375	60438007	9.64273423731644	9.97195766931134	9.21545525999202	0.663655474362923	8.18289129905956e-08	1.63821829076847e-06
7507	chr16	95191011	95208880	10.3565595913696	10.1151654886981	10.5632934722023	-0.415749556397118	8.26378928218501e-08	1.65267077751938e-06
13993	chr5	111247406	111259565	9.60022729378123	9.83729971614421	9.31638665570277	0.477611357607952	8.30124473048706e-08	1.65841393410436e-06
15210	chr6	108737227	108742573	8.03566291562044	7.56702386573138	8.38882134473553	-0.704968668168594	8.330979546699e-08	1.6626042146877e-06
9280	chr19	36538785	36547856	8.89905334837652	8.49406537052217	9.21491795643434	-0.635779485819639	8.5190765789206e-08	1.69747826297747e-06
1607	chr10	39160067	39170347	9.82308547177747	9.53830377570127	10.0608133834804	-0.478066294009497	8.52361444026309e-08	1.69747826297747e-06
12582	chr4	59173410	59182998	8.64230147433072	8.26015578545907	8.94412840744893	-0.609636298344838	8.67662123348883e-08	1.72613830597887e-06
172	chr1	39198437	39222769	10.6339755310786	10.4022816013569	10.833557595406	-0.40036181862255	8.70153703682778e-08	1.72928242326654e-06
1175	chr1	173511546	173524268	8.99815315339707	8.58214243339489	9.32066486574451	-0.645581446210831	8.71098398358721e-08	1.72934900653244e-06
984	chr1	156110356	156118079	8.39856867129946	7.92597145420051	8.75396158031116	-0.717584173850038	8.72229056827197e-08	1.72978424968896e-06
11226	chr2	173324821	173344303	10.491063883872	10.7369951926084	10.194416172474	0.496215507462788	8.9099574535303e-08	1.76515743747966e-06
13612	chr5	37070904	37084741	9.80584221416734	10.0873109719314	9.45581326852007	0.567553208068107	8.94497341945313e-08	1.77024661655684e-06
4131	chr12	86371862	86383220	9.72390669738128	9.97360433479879	9.42175539818656	0.502620467246835	8.96077847632288e-08	1.77072896459113e-06
8005	chr17	45975809	45985478	8.51457085027869	8.87738913057081	8.02869715384163	0.726104840323636	8.96607057786016e-08	1.77072896459113e-06
11786	chr3	97227430	97238351	9.32155889070149	9.02816059046854	9.56525509583608	-0.490108174195938	9.02236496608895e-08	1.77999443546156e-06
17788	chr9	45192621	45199509	8.918615504072	8.58567501120734	9.18894508409939	-0.544007955432038	9.06219599334119e-08	1.78599603071259e-06
8250	chr17	83185566	83221914	11.3417794641722	11.0463774052556	11.5868549564248	-0.49309044098865	9.1308078012083e-08	1.7976514653437e-06
1675	chr10	43087293	43106274	10.1005158609247	10.3484721564184	9.80091351195966	0.499923532096869	9.20259930880846e-08	1.80990810654794e-06
4711	chr13	43527514	43535929	8.70437903257039	8.28856427548981	9.0267732812178	-0.645464167260166	9.23735443306851e-08	1.8148628342154e-06
8680	chr18	56639410	56646435	8.76526143310014	8.3459844045294	9.08972727840952	-0.64780331895161	9.35814396934614e-08	1.83513135626107e-06
1517	chr10	21688076	21714787	10.9757443436996	10.6500112999717	11.2413098184317	-0.534231858518507	9.359856435327e-08	1.83513135626107e-06
12473	chr4	45845714	45852660	8.71193247508294	9.02547829937275	8.31075809957901	0.627712026877309	9.46147064770068e-08	1.85313984956358e-06
13579	chr5	35642503	35652521	8.98866314317448	9.31728631682759	8.56239766927354	0.660256606377638	9.59448065216276e-08	1.87725410615873e-06
9356	chr19	41713803	41722075	9.00940320684821	9.29337436028684	8.65548902802273	0.571533142578581	9.62243159774961e-08	1.88078402980113e-06
7860	chr17	32075893	32088718	9.43552111464964	9.0833006429834	9.71840274951965	-0.572050183911667	9.6394475608645e-08	1.88108039402831e-06
18547	chr9	120380068	120388577	8.92593022707167	9.19812483772884	8.59015184015967	0.548388508323411	9.64377060640471e-08	1.88108039402831e-06
9258	chr19	34624784	34632008	8.45958388955182	8.09407789192395	8.75095571236947	-0.586218672179801	9.83555809742947e-08	1.91613589076715e-06
9663	chr2	6502524	6520194	9.74438457055399	9.47052119707828	9.97446250414543	-0.462179585761357	9.84368245691538e-08	1.91613589076715e-06
2897	chr11	70210251	70217395	8.76940406440816	8.41839938231545	9.05150231555572	-0.567125920288151	1.00527156801285e-07	1.95482060341351e-06
2535	chr11	32448408	32469232	10.4813058348874	10.15309044249	10.7485166014831	-0.5377158481512	1.00844796300665e-07	1.95849260464669e-06
5097	chr13	93956250	93979057	10.4564906639574	10.1906882635922	10.6808569778066	-0.451595195838416	1.00922375643841e-07	1.95849260464669e-06
15293	chr6	119322213	119336315	10.1331331707546	10.3739583338309	9.84389075412051	0.483029042397944	1.01717384122758e-07	1.97190422192628e-06
2451	chr11	21066681	21081749	9.85596972359306	9.52668300774399	10.123889107203	-0.538281286429368	1.0197632021114e-07	1.97490671559922e-06
2351	chr11	4098693	4104046	8.21932507894721	7.81145823903344	8.53693360818715	-0.634735532759638	1.02988113051784e-07	1.99246829521896e-06
11217	chr2	172848335	172858545	8.73053575601002	9.13687908419996	8.16280597669633	0.809563475535282	1.04883067592917e-07	2.02706287153357e-06
3542	chr11	116096669	116104867	8.73115126396885	8.35517940974202	9.02912191670604	-0.603297012628386	1.05536328740601e-07	2.03761341115754e-06
14170	chr5	122656425	122660516	8.01765895264703	8.40049397485402	7.49502207414364	0.765197450914494	1.06094315122998e-07	2.04630488487743e-06
911	chr1	151975004	151990394	9.2128456647873	8.86843693362671	9.49067487807308	-0.560387732308552	1.06301366870302e-07	2.04821689526037e-06
7778	chr17	27422257	27455873	11.2017872988966	11.497474755094	10.8294506532039	0.5949238223031	1.06823608606102e-07	2.05468888056801e-06
14111	chr5	119747380	119750189	7.34250536895764	7.77313925023571	6.72583498614903	0.850011573910842	1.06853781817832e-07	2.05468888056801e-06
20	chr1	9906153	9914446	8.90057351387067	8.52226375443199	9.20000761650048	-0.599290647426214	1.07132203313792e-07	2.05795757762394e-06
14937	chr6	73021255	73037696	9.53968276919729	9.18902845833064	9.82155506001148	-0.565685943629018	1.07406078062721e-07	2.06113241208532e-06
916	chr1	152130404	152138569	8.70723373795905	9.04952051019623	8.25761336790701	0.685601963940431	1.08751824019102e-07	2.08484936167528e-06
4515	chr13	21662977	21668714	8.28347272929259	7.868147552004	8.60557340345514	-0.649310309337517	1.09990451528367e-07	2.10646698239846e-06
14464	chr5	150500303	150508339	8.91767775588942	9.18896183130342	8.58328602613481	0.543874594340242	1.12692879743511e-07	2.15604653694767e-06
13133	chr4	136454901	136466794	9.95795933578648	9.57426654431355	10.2607484241963	-0.606792084818697	1.13607876163041e-07	2.1713634256781e-06
14073	chr5	115758117	115763267	8.23299241855301	7.78182931955918	8.57616948926648	-0.681769200930148	1.14710186927771e-07	2.19022599366416e-06
11879	chr3	103158694	103170410	9.18065754246762	8.87227000928463	9.43459378424527	-0.513740441661019	1.15430685402048e-07	2.20176781733213e-06
6418	chr15	59623308	59637627	10.0078093856302	10.2317311607214	9.74263115723134	0.45089052515674	1.17480541392364e-07	2.23861766574868e-06
16038	chr7	81312022	81318138	8.26655861084475	8.61691727139207	7.80285519994808	0.702518023406968	1.18185285331477e-07	2.24978789398808e-06
14438	chr5	148993526	149001034	8.91785021322733	8.54696915487368	9.21262081565286	-0.59069634272609	1.19583342189219e-07	2.27412049239397e-06
701	chr1	128635274	128664318	10.8832842791448	10.6039852953283	11.1171830080177	-0.468985172840291	1.20354408741148e-07	2.28649281631456e-06
5327	chr13	111847564	111856232	8.98565521176055	8.66569104914049	9.24737884256989	-0.525476654891658	1.21045775184006e-07	2.29732776721725e-06
7029	chr16	21295820	21303003	8.6350737139233	8.95368637806974	8.22554505714371	0.636218960035585	1.21690497169492e-07	2.3072566890907e-06
1674	chr10	43063583	43078828	9.87471614067757	10.1449062603277	9.54198748409586	0.541552277130388	1.2367371616618e-07	2.34251842227339e-06
7475	chr16	93358553	93366935	8.93947525912824	9.26520054688961	8.51808681079374	0.654377282577397	1.24913753407617e-07	2.36364718437005e-06
7810	chr17	29121873	29153912	11.1126148812363	10.8911071206777	11.3045961074147	-0.3842160928784	1.26976414843919e-07	2.40028424036129e-06
11495	chr3	52573587	52592586	10.0342029474108	9.77536998781511	10.2535868268693	-0.440255042296607	1.28353804771286e-07	2.42390732413357e-06
6803	chr15	98960637	98969281	8.98672046416321	8.67713308359141	9.24146868884092	-0.510893266041653	1.30794756098683e-07	2.46754838568282e-06
3369	chr11	103275804	103300966	10.8584893815244	10.6392950507189	11.0487312305655	-0.381045661490995	1.31694635257101e-07	2.48205807601244e-06
11061	chr2	162940332	162945489	8.37381758861783	7.90836087315303	8.72517254066528	-0.698579095591409	1.32559688557012e-07	2.49588326301938e-06
6797	chr15	98572994	98620992	11.9612325724272	11.7117089147227	12.1738964016441	-0.426691281587625	1.33927522913024e-07	2.51913821344527e-06
4990	chr13	73590538	73601028	9.68227441614451	9.41457301941823	9.90799118329606	-0.452533534091783	1.34834322517427e-07	2.53368376936461e-06
3841	chr12	39673760	39689872	9.34437921181605	9.01950741781555	9.60937275213813	-0.532444500442526	1.37834225703898e-07	2.5874933428628e-06
12532	chr4	53426364	53433226	8.71300687270128	9.02802078223703	8.30941988475039	0.629416747004737	1.39234785902861e-07	2.61120257080079e-06
17379	chr8	120765929	120789802	10.8394385467498	10.5965911394845	11.0472367611211	-0.416929278886381	1.40467751574113e-07	2.63172503171282e-06
6664	chr15	83674079	83682920	9.04483808931113	9.29558645447115	8.74114507733729	0.503885613598835	1.41066007378085e-07	2.6403271735983e-06
17478	chr8	125276797	125290397	9.51212332989411	9.8607825688452	9.05140292005758	0.695354053494411	1.42957378018879e-07	2.67309170189193e-06
11149	chr2	166458410	166470897	9.45642444637811	9.09768436202822	9.74348848941971	-0.573225427937101	1.43372457471283e-07	2.67821443931838e-06
6804	chr15	98972971	98983147	9.38813550319154	9.05810544139421	9.65654605271458	-0.536427285703473	1.45338093814892e-07	2.71226320797722e-06
10163	chr2	60905258	60921877	10.0190381937518	9.73187494847076	10.2584217262197	-0.478452842370728	1.45529908696418e-07	2.71317498737654e-06
5343	chr13	112827530	112834214	8.88390304014218	8.52293270804275	9.17239071196201	-0.57995703798653	1.45972130827519e-07	2.71874884295926e-06
6270	chr15	36667089	36683732	9.37806432087672	9.01987531458973	9.66477603954619	-0.576188750613226	1.4681083086791e-07	2.731688979453e-06
3558	chr11	116955349	116976588	10.3797730282481	10.6563501330933	10.0372894976399	0.555239437910679	1.4837091153035e-07	2.75801325164987e-06
15672	chr7	25786577	25792423	8.36493905667501	7.92778560852638	8.69997579518123	-0.674472711239579	1.49768247621162e-07	2.78126376869083e-06
13218	chr4	141830432	141836486	8.43659279365263	8.79568042794886	7.95741326238037	0.715705524108587	1.50982065716173e-07	2.80106414978225e-06
15012	chr6	86491925	86508814	9.91810178253316	9.61578601560209	10.1679116000945	-0.500555505829048	1.51504081809913e-07	2.80800387565463e-06
11865	chr3	102064538	102068867	7.87535265157993	8.21924607588086	7.42294634803328	0.685175590524339	1.53958465094788e-07	2.85070996003316e-06
11482	chr3	52030091	52042717	9.38787074265037	9.03220050850883	9.67296930531486	-0.57240553022755	1.54404003324172e-07	2.85617307903456e-06
7973	chr17	44187845	44197434	9.44428265539142	9.13895442473677	9.69614341499281	-0.506477282728025	1.54992621455974e-07	2.86426968122e-06
3173	chr11	89106034	89128612	10.4004570853229	10.6257494971594	10.1333528745103	0.45111756901703	1.55584604005237e-07	2.87241264534571e-06
7718	chr17	24687032	24692789	8.82256611078745	8.40181130059151	9.14791374820791	-0.648175821372771	1.59996726889442e-07	2.95099891120964e-06
11837	chr3	101121214	101173798	11.6734085394429	11.4565786119239	11.8618676271164	-0.37691755620083	1.60973335712035e-07	2.96393075532049e-06
15724	chr7	30402292	30410917	8.74081812088351	8.37872736692927	9.03001962986706	-0.579616465604762	1.61010201208463e-07	2.96393075532049e-06
508	chr1	86377835	86390316	9.43328128138296	9.0328141555144	9.74639599194008	-0.625580455421929	1.61501479752943e-07	2.97009358937122e-06
7108	chr16	26100507	26112245	10.0092568909956	9.67725880618457	10.27896578513	-0.538698354584453	1.70195200619747e-07	3.12694551070878e-06
2180	chr10	116467529	116477124	9.23457437239194	8.84473192024319	9.5411714958416	-0.610759194425271	1.70972676895834e-07	3.13819190987044e-06
12586	chr4	59561154	59568770	9.06515646847683	8.70614766854166	9.35239223123006	-0.573197148732073	1.71141786638809e-07	3.1382608392444e-06
13743	chr5	72872843	72886259	10.1840728733468	9.86878502327925	10.4426634089333	-0.517515555961028	1.72721741269398e-07	3.16417560574508e-06
13685	chr5	64143499	64160226	10.1107210354985	9.85343037979327	10.3289967324535	-0.436220316345452	1.73767596183496e-07	3.18026538858879e-06
9952	chr2	31812549	31824142	9.36133538234174	8.97747483576703	9.6642286984535	-0.605973012238984	1.74430100610098e-07	3.18931491279292e-06
13498	chr5	30938466	30949968	9.87286684321177	9.57087672631561	10.1224545205428	-0.498209831848865	1.75080520596308e-07	3.19812627564709e-06
13907	chr5	103939153	103946472	8.85957119018614	9.144152202325	8.50470752978435	0.568717270253133	1.76197023331402e-07	3.21542625558335e-06
8577	chr18	38387875	38393065	8.18135383929924	7.7126867381814	8.53452813778076	-0.703013064511779	1.76506131097538e-07	3.21654102312526e-06
15517	chr6	146089285	146100154	9.35052915708327	9.63865639510183	8.99012401246102	0.577520206461266	1.76597067606118e-07	3.21654102312526e-06
1516	chr10	21621543	21641228	10.3169893257846	10.0401146928894	10.549186959745	-0.464786977386244	1.78711047695943e-07	3.25192423223519e-06
9661	chr2	6464029	6474396	9.11075791244815	8.78174016849933	9.37849946925866	-0.53423814704318	1.80777622034813e-07	3.28637786264244e-06
13297	chr4	151061650	151080020	10.3893907942266	10.6317697292955	10.0979017788059	0.484965769946199	1.81013775377089e-07	3.28752195491078e-06
13235	chr4	148718960	148730901	10.1540805579942	10.3720309896987	9.89724205005763	0.436149551193411	1.81755659264186e-07	3.29717678313201e-06
5058	chr13	91383636	91404329	9.96472127166963	9.6952320317547	10.1917066710054	-0.453366053268568	1.8189283376043e-07	3.29717678313201e-06
1769	chr10	60536487	60543694	8.61107544661792	8.9038860872	8.2432979939581	0.582446299856243	1.82894239185187e-07	3.31215586744043e-06
1850	chr10	67876538	67888043	9.04444429887232	8.71322046576251	9.31364275419705	-0.540680712615977	1.83068207226145e-07	3.31215586744043e-06
13700	chr5	65702300	65716214	9.68941263464898	9.40774430957887	9.92496916907436	-0.470639176262719	1.83999435909478e-07	3.32583361345331e-06
12708	chr4	101267735	101286825	10.0033661993223	9.70212989639982	10.252439343183	-0.498263010682622	1.85276267894109e-07	3.34572624963111e-06
6197	chr15	12761210	12766779	8.23036663772505	8.54035590728685	7.83501021946988	0.616894843191375	1.857310874825e-07	3.35075124461061e-06
4613	chr13	32663992	32673994	8.98932265263346	8.64825613442545	9.26497639951075	-0.553145558795587	1.86978827709452e-07	3.37005809221052e-06
5365	chr13	113779037	113786640	8.56068927594087	8.21126225483234	8.84176935441532	-0.562498207539886	1.89033745918903e-07	3.40386286887557e-06
13260	chr4	150141223	150147201	7.95513048742314	8.31165372992289	7.48052450632752	0.705426787383731	1.90710912689441e-07	3.43080797339611e-06
9301	chr19	37512253	37522413	9.1486420863448	8.85156263488713	9.39486972820692	-0.493267403569806	1.91523598771042e-07	3.44216513359432e-06
434	chr1	74362003	74377653	10.0876246559753	9.83097296584495	10.3054406438393	-0.436408409600592	1.91841416341908e-07	3.44461517573611e-06
12354	chr4	32946595	32959570	10.2020317636355	9.84687629438166	10.4868000742845	-0.569622848715264	1.93938457344533e-07	3.47897729862183e-06
12574	chr4	57966912	57976691	8.99275113727145	9.25679156714893	8.6693126897379	0.526870018685064	1.94717678445934e-07	3.4896570530929e-06
14569	chr6	31219566	31253942	11.2978267804725	11.0154456232201	11.5338811721947	-0.472584475522979	1.97290877716198e-07	3.53243732846766e-06
16311	chr7	112271001	112292108	10.2450584443245	10.5026749761706	9.93121920127004	0.516106118347721	2.02714976770486e-07	3.6261334063403e-06
3654	chr12	4482617	4492540	9.17887181447019	8.87657426462024	9.42866920758528	-0.500942159501431	2.04104113402682e-07	3.64476039888344e-06
16710	chr8	12912739	12921594	9.5152157891767	9.75440288713146	9.22833545631965	0.479053565070631	2.0414038168571e-07	3.64476039888344e-06
13691	chr5	64621883	64630930	9.13253823774288	8.77641957399278	9.41792433683921	-0.568425923402421	2.07705124385635e-07	3.70492063507046e-06
5907	chr14	65975552	65986029	9.25630914526656	9.52069184773552	8.93235623983789	0.528558846587475	2.0952560865372e-07	3.73388406257178e-06
6753	chr15	96522219	96538160	10.2779786488592	10.0105407332848	10.5035082255476	-0.449813109066307	2.10242461280639e-07	3.7431441582038e-06
5749	chr14	56236942	56249939	9.14675333865872	8.81577566073086	9.41578941666896	-0.538343825221213	2.10931056136751e-07	3.7518842684343e-06
5094	chr13	93686856	93715813	10.7995810719947	11.0090335551518	10.5544697834707	0.418063232763296	2.15021144975626e-07	3.82105459783933e-06
12010	chr3	121239033	121246648	8.76844062178909	9.07569962521505	8.37752494756355	0.613365158706615	2.15971326352563e-07	3.83434967525285e-06
13093	chr4	134579086	134584817	8.24738491309849	8.59541875201355	7.78775983696465	0.694611607395173	2.16316996281202e-07	3.83689745086068e-06
13245	chr4	149473349	149478487	8.26106565219734	8.60355065134853	7.81110201524704	0.680768680827642	2.18498578949083e-07	3.87197435095672e-06
7982	chr17	44422004	44429361	8.28472453713104	7.86384820797879	8.61014462075303	-0.648905322333719	2.24246206315825e-07	3.97012010230227e-06
18132	chr9	70844714	70850504	8.17061476381194	7.77591531379228	8.48020096964747	-0.61825811863192	2.29414004142209e-07	4.05782701268871e-06
2621	chr11	46668901	46687992	10.0771344487617	9.83517267049812	10.284284290204	-0.413680590195681	2.33696996466974e-07	4.1297349124271e-06
13690	chr5	64531698	64542683	9.13127977889169	8.838846386471	9.37431063481196	-0.486816090340573	2.36426939440835e-07	4.17409012432336e-06
2729	chr11	57972845	57985709	9.61867589881954	9.33627453672183	9.85474439595176	-0.471271773591172	2.36991851790639e-07	4.17833889367592e-06
11060	chr2	162900156	162922330	10.4799091213936	10.7031958011423	10.2156218218126	0.445678291505044	2.37107908134726e-07	4.17833889367592e-06
4276	chr12	107876378	107905354	10.9615257369517	10.7156044035731	11.1715690478625	-0.420133228736273	2.37898775604055e-07	4.18838669961907e-06
2091	chr10	95023302	95052408	10.9132530390506	11.1505315467122	10.6291166453546	0.474446814502753	2.39118337906989e-07	4.20595638103499e-06
1776	chr10	60790221	60815894	11.4166975278837	11.6111096709251	11.1919456479097	0.387241958749732	2.46439193313113e-07	4.33071245360145e-06
18117	chr9	69925459	69939842	9.91391529470915	9.57719167455973	10.1867297535198	-0.543403796872899	2.46962991496349e-07	4.33326472636633e-06
1409	chr10	7023910	7041192	10.5318589858865	10.1414384983259	10.8388126955675	-0.611867066511223	2.47047823513774e-07	4.33326472636633e-06
14161	chr5	122119138	122128445	8.99350062878057	8.65157042820289	9.26971734925364	-0.552477588479589	2.47269387146569e-07	4.33326472636633e-06
18413	chr9	108106626	108120078	10.1702528361825	9.87680769122533	10.4139813238215	-0.487994528601582	2.5040273994113e-07	4.38412693850803e-06
14928	chr6	72676316	72686562	9.4569809704498	9.75343801235774	9.08342068863307	0.590499738221696	2.56839132379172e-07	4.49267271283346e-06
4781	chr13	46528836	46538789	9.39148651705454	9.65440855796931	9.0697269531382	0.52445755348514	2.58298319491437e-07	4.51403665343277e-06
7593	chr17	5895962	5900746	8.05211681639098	8.49811560245141	7.40316413259295	0.867869939404692	2.61024964172846e-07	4.55749107179066e-06
9101	chr19	14844523	14866517	9.87483429429185	9.62640792518448	10.0867010952917	-0.424656221604674	2.61963813998354e-07	4.56967943554665e-06
7575	chr17	5373739	5385762	9.50126983608807	9.77295051476782	9.16627438929576	0.540426216286272	2.62245697279836e-07	4.57039585736824e-06
16478	chr7	128140295	128153488	10.1025402169235	10.3739291272555	9.76798894615875	0.541818088763587	2.6832736526031e-07	4.67209639016094e-06
6275	chr15	36889671	36900577	9.19805405240493	8.88103111828307	9.45780906119236	-0.516527385918006	2.69893246074633e-07	4.69499931469448e-06
6608	chr15	80089170	80114680	10.9389876703864	10.6483276482328	11.1807937411795	-0.481951010357634	2.70137480986689e-07	4.69499931469448e-06
13583	chr5	35730481	35747131	10.1620607365599	10.4129410190584	9.85817396893223	0.500462276304485	2.74016532612559e-07	4.75806017607846e-06
6198	chr15	12779385	12791167	9.64795780337155	9.90473076893803	9.33537120823646	0.512162943040991	2.75169924392642e-07	4.77372028797801e-06
15846	chr7	45937026	45943138	8.70195960399709	9.001547283806	8.32340414294109	0.59663196043301	2.75700104036879e-07	4.77855002238897e-06
13237	chr4	148765890	148791883	10.9001879538836	11.0965145881235	10.6728721309192	0.390932937166291	2.79115199258626e-07	4.8333278893517e-06
12085	chr3	131037396	131110093	12.7031383995559	12.3676465633569	12.9751449682318	-0.543228876010128	2.8026637426447e-07	4.84883821072504e-06
6735	chr15	93998147	94007171	9.02081087064923	9.32057632891474	8.64197090443914	0.597838388521858	2.90277664440212e-07	5.0174679357111e-06
10024	chr2	35544389	35553359	9.26186296621445	9.50731016560018	8.96592010541465	0.492345809370173	2.92637161689051e-07	5.05364940099772e-06
7725	chr17	25250368	25257303	8.65571248222486	8.12755381552256	9.04148672530471	-0.75755209551698	2.93740063547121e-07	5.06808424187347e-06
2178	chr10	116315593	116331668	10.0650268105357	10.3444771610547	9.71811916045632	0.556310433024196	2.97780930024729e-07	5.133137394132e-06
6806	chr15	99012416	99019981	9.15819820794136	8.78537921196774	9.45418915733763	-0.58677531827369	2.99635046407674e-07	5.16041156603561e-06
1176	chr1	173538425	173547940	8.27221853459936	7.81803384861214	8.61713500079747	-0.681876026938265	3.00729982531312e-07	5.1745732896299e-06
16279	chr7	110216436	110226119	8.76439669173582	8.31753234682215	9.10508923685192	-0.677416313936775	3.01053551248987e-07	5.17544868582837e-06
18475	chr9	114787926	114793074	8.198279606499	7.78371406500843	8.51992445258627	-0.644189093511689	3.03247332090712e-07	5.20455881947543e-06
16312	chr7	112330504	112348317	10.2098781632536	10.4707459336382	9.89119393276611	0.519490327785158	3.0329532927656e-07	5.20455881947543e-06
10511	chr2	102094046	102105789	9.45539663290333	9.72536900108633	9.12299863138884	0.537093360407693	3.03829695776446e-07	5.20901878603538e-06
4186	chr12	99565097	99580489	10.2051913117056	9.83599784501944	10.4988970344045	-0.583695065186622	3.04316909481883e-07	5.21266301900421e-06
6569	chr15	78414978	78423183	9.64109102361528	9.33879065882686	9.89089033659698	-0.496129309940896	3.06533052119222e-07	5.24588890547405e-06
1840	chr10	67395278	67406190	9.17474258919899	8.85742252300092	9.43469677874122	-0.518782059803104	3.08305267102245e-07	5.27146456246263e-06
8788	chr18	66367666	66375105	8.60717105152766	8.92011874378668	8.20697777218388	0.624167513891457	3.10386600715136e-07	5.3022747929546e-06
6164	chr15	8660622	8667270	8.87749163081116	9.15342850407047	8.53599086281732	0.551615386811478	3.11264580939274e-07	5.31249144032956e-06
8844	chr18	76148816	76161747	9.72351812852033	9.97948986639832	9.41211962744825	0.51145201002922	3.12762193052202e-07	5.33325576095035e-06
1005	chr1	157064162	157074924	9.15960673264295	9.42886396589541	8.82829377820491	0.537238573426382	3.13785537276852e-07	5.34590279351649e-06
17424	chr8	122668208	122691646	10.7860493502657	10.5526708212545	10.9868794537391	-0.40006425073538	3.14321371386826e-07	5.35022897538167e-06
11560	chr3	60744153	60769406	10.9719736339765	11.2931926308699	10.5581171907299	0.637805806240583	3.18201908418886e-07	5.41142833322763e-06
9360	chr19	41981475	41986441	8.12885719234399	7.64044313525681	8.49308417512043	-0.71896198996339	3.20453524162745e-07	5.44484103409556e-06
16314	chr7	112359210	112366224	8.73338192016632	9.09175131583563	8.25548563825079	0.706031282557489	3.21179556770769e-07	5.45229589262292e-06
6931	chr16	11056152	11070162	9.74610776002081	9.48652189190939	9.96603188348869	-0.437325830122932	3.24134740811259e-07	5.49754534929122e-06
800	chr1	134560913	134569678	9.15343762014551	8.70686483762957	9.49396122911713	-0.672424306678944	3.25618192032547e-07	5.51777470230866e-06
8722	chr18	61005382	61020483	10.3535146153187	10.5772884798257	10.0885439640569	0.445801843454612	3.33868257571074e-07	5.65252958112526e-06
6800	chr15	98775432	98782926	9.35809048097445	9.0165767662839	9.63403579318553	-0.547664138559917	3.34333515745948e-07	5.65374679890375e-06
17358	chr8	120042501	120056109	9.9805522960334	10.205221614877	9.71432418458712	0.449927471952404	3.34535942629691e-07	5.65374679890375e-06
9454	chr19	46975576	46984314	8.96620641884929	8.55138947230031	9.28800216591271	-0.637429915364487	3.34889442719198e-07	5.65468570584311e-06
5456	chr14	20845685	20869644	10.9223733374492	10.6658500642772	11.1400968924049	-0.433529337751373	3.4127767177984e-07	5.75743016240852e-06
122	chr1	36941072	36950706	9.02212808739476	8.7004654474269	9.28498549614303	-0.523581136164471	3.41607363079428e-07	5.75787401765938e-06
2858	chr11	68467145	68475499	8.35841701812463	7.7571266437651	8.78154967579249	-0.832083061358667	3.43385725867428e-07	5.78271312443471e-06
12759	chr4	106893836	106903399	9.3474941169328	9.0654855775196	9.5832883164749	-0.470174052403232	3.44863505846486e-07	5.80245077789048e-06
17890	chr9	56500618	56506207	8.70578723669782	8.25964691733658	9.04606016992553	-0.670684972143768	3.45660567496867e-07	5.81071028389994e-06
3567	chr11	117183928	117228708	11.5090046647956	11.2276827389566	11.7443191156605	-0.46946376443041	3.47422639072783e-07	5.83516306810828e-06
6558	chr15	78178748	78184697	8.62541247643999	8.16986840772037	8.9711096103791	-0.68019553309495	3.51413467492213e-07	5.89438004867118e-06
16709	chr8	12896458	12903412	8.42172590750531	8.81575178423678	7.87789030347104	0.773206113018382	3.51569535544327e-07	5.89438004867118e-06
7404	chr16	90405583	90414090	8.57693483498616	8.93403641445269	8.10129937422284	0.700927517939879	3.56520922146843e-07	5.97211878325238e-06
11198	chr2	169715544	169719406	7.88487587578356	8.28467977006363	7.32990635405821	0.78128069632289	3.5813112366565e-07	5.99380123108498e-06
6624	chr15	80490826	80499014	8.7528489869864	8.38833705836845	9.0435899669525	-0.578541228179518	3.59087901392366e-07	6.0045191898905e-06
14007	chr5	112244672	112253203	8.78836971466381	8.40857732128509	9.0887299008424	-0.597598846556966	3.59803761833488e-07	6.01119330619523e-06
17296	chr8	115476674	115503020	11.022231607825	10.7639231958966	11.2412388155808	-0.435180122838848	3.71105026844134e-07	6.19454908045279e-06
2234	chr10	118961475	118968062	8.41963422369713	8.78474444795678	7.92962383473884	0.716829180305507	3.71470244100627e-07	6.19519662810704e-06
15142	chr6	97525305	97534742	8.73886618755118	9.04321961787312	8.35265224882782	0.602580340551145	3.74772078238275e-07	6.24477548102214e-06
17483	chr8	125544491	125554147	8.96467916018417	9.32665847679518	8.48031509677885	0.711116643167453	3.8250352991506e-07	6.36801271426133e-06
7016	chr16	20709494	20716765	8.49106939412179	8.09039391749219	8.80431114309582	-0.620191012321243	3.84568032997432e-07	6.39677186525702e-06
2448	chr11	21010889	21021067	9.47285801983904	9.18132752887342	9.71526560138901	-0.484002315840995	3.87212940358384e-07	6.43512644050943e-06
10895	chr2	145945367	145952873	8.50633115868522	8.80473384208042	8.12966976315188	0.592698496510012	3.89865731803521e-07	6.47354481530974e-06
2446	chr11	20954803	20988759	10.922192846095	10.6670415032491	11.1389280191005	-0.431070608896621	3.96596429876398e-07	6.57954863865748e-06
13726	chr5	67478421	67486725	9.01356941744507	9.29680469602886	8.66079954831948	0.560951579625766	3.97559170119924e-07	6.58917733307625e-06
9930	chr2	30638554	30646783	8.9775214287573	8.64279517560096	9.24902529850235	-0.539456318570736	3.98185957185489e-07	6.58917733307625e-06
569	chr1	91041234	91049041	8.97563033335653	8.6303187676606	9.25404578165706	-0.553780125389787	3.98707856034118e-07	6.58917733307625e-06
1892	chr10	76159217	76167205	8.8036113237968	9.08071102011668	8.46032478927915	0.551878655222728	3.98889797688807e-07	6.58917733307625e-06
8868	chr18	78213922	78224135	8.96304791634596	9.27874423694541	8.55833725960236	0.623130356334708	3.98912732794384e-07	6.58917733307625e-06
5576	chr14	32723991	32734693	8.82561467319488	8.46279099007992	9.11528265137404	-0.579329657145259	4.01372910257701e-07	6.62404909893993e-06
4655	chr13	37599165	37609436	9.05249806282887	8.7629669944335	9.29352308984402	-0.481486431686201	4.02919858868813e-07	6.6438019126596e-06
15856	chr7	46393874	46400986	9.39865329107671	8.98803941159401	9.71792068879325	-0.632255794815161	4.03390732537158e-07	6.64579228543639e-06
17674	chr9	35392184	35403198	9.24839820624867	8.92563739493735	9.51198748946282	-0.526062679547947	4.04679461008436e-07	6.66124153554129e-06
8932	chr19	3435707	3446847	8.79882875885884	8.33878019589998	9.1471044834752	-0.688466643597964	4.06175745949384e-07	6.68007754105144e-06
2878	chr11	69325968	69341896	10.6183439581424	10.2958968158718	10.8817242918491	-0.523829427415524	4.06573317980889e-07	6.6808268415232e-06
3732	chr12	21423035	21451667	11.1840940942133	10.8882792093131	11.429453353684	-0.487828809862108	4.23600370750404e-07	6.95459466822831e-06
6193	chr15	12716783	12723278	8.38118700791899	8.70614502826195	7.96108544894574	0.641768774727713	4.32754268146019e-07	7.0987409292509e-06
8850	chr18	76884782	76893046	8.52380266058114	8.81197407229511	8.16332826775646	0.569922420566311	4.47362863065177e-07	7.33203780493436e-06
15136	chr6	97398233	97413796	9.6634827289071	9.35728081029785	9.91593696691496	-0.498954037095398	4.80585296275207e-07	7.86731145377624e-06
10260	chr2	70921533	70957302	11.2016693840698	10.9084883100887	11.445215867079	-0.484353449792466	4.81218649592069e-07	7.86731145377624e-06
11109	chr2	164683338	164689377	8.35720919161822	8.65652407945884	7.97909011199502	0.591425885254443	4.81266062376006e-07	7.86731145377624e-06
8769	chr18	65328490	65335038	7.99668995040238	7.51765941841694	8.35569424045687	-0.709877203144773	4.83905193265462e-07	7.90364600945371e-06
3284	chr11	99244781	99261088	10.0398981122123	9.72554314611061	10.297861589645	-0.511305251824335	4.85628694417812e-07	7.92497591690082e-06
7476	chr16	93377521	93387334	8.97260561882107	9.25987172514086	8.61354932722703	0.570095693569949	4.9103637091541e-07	8.00633959072471e-06
7340	chr16	50842668	50851402	8.86050768277891	9.12863608196161	8.53090471392947	0.529424909932087	4.92166379813136e-07	8.01787615662962e-06
3353	chr11	102389448	102402936	10.6957882792373	10.4873608181072	10.8778702049136	-0.361265843056155	5.00133414054492e-07	8.14067930132093e-06
7739	chr17	25799944	25823388	11.4081956725442	11.2055383107805	11.5858602489763	-0.352352957190997	5.00817121900655e-07	8.14482275625753e-06
1081	chr1	164187105	164195359	9.00791933565367	9.26029932599057	8.70182676922834	0.500942486066247	5.06563685562717e-07	8.23122618860857e-06
13483	chr5	30454402	30479595	11.0651637629402	11.2745387561369	10.8201586574484	0.41572599544075	5.18794948154066e-07	8.42276246451327e-06
6080	chr14	105892826	105902032	8.98418990743426	8.6497438046325	9.25550971371287	-0.534919789246281	5.23316829075144e-07	8.48891461454458e-06
7623	chr17	8931849	8936081	7.90561891240239	8.29511521367161	7.37042103767297	0.758778168203475	5.27677663032561e-07	8.55234360947479e-06
4856	chr13	52947651	52956431	8.71417231246853	8.39229649949191	8.97717186264256	-0.52130726396284	5.31223351699882e-07	8.60246415692155e-06
2758	chr11	59376050	59402341	10.8914201093702	10.6819646397728	11.0742857695415	-0.362645888271112	5.3726067147754e-07	8.6928135413233e-06
10019	chr2	35300921	35308891	7.88184895237301	7.3224674112272	8.2839238418129	-0.782273707001752	5.42634817616849e-07	8.76665957892308e-06
6120	chr14	122079057	122084455	8.2319872112426	7.82430694811045	8.54948288755778	-0.626355393199864	5.42748564478351e-07	8.76665957892308e-06
9823	chr2	25169536	25188731	11.1750028288384	10.9400661116825	11.3769850640455	-0.400231207086202	5.48910726014023e-07	8.85865363011916e-06
5272	chr13	107669432	107696438	10.3934750724281	10.143636841107	10.6063672028942	-0.423432999338622	5.53738034682539e-07	8.92896700105345e-06
15099	chr6	91151119	91160356	9.39341509202551	9.08891936314968	9.64470978822232	-0.49658592604499	5.67601216750818e-07	9.14473980705753e-06
5435	chr14	19782129	19789216	8.48715500406892	8.78242465233279	8.11548196269483	0.582009281303757	5.69285564516298e-07	9.16409731039425e-06
8192	chr17	74865559	74885066	10.5334088310209	10.317582596556	10.7211095821525	-0.372595543352777	5.76487623238591e-07	9.2721683063095e-06
11866	chr3	102082077	102088916	8.6362508700272	8.96414484830095	8.21121507917196	0.642945077456379	5.90090865683677e-07	9.4774386473501e-06
17372	chr8	120447337	120464173	9.97984432776496	9.67975966458653	10.22813051864	-0.492944493007065	5.90248826659351e-07	9.4774386473501e-06
6150	chr15	6479798	6488000	8.89400380457202	8.57367610718283	9.15597029158942	-0.520146075541231	5.91378185311302e-07	9.48754571346002e-06
4837	chr13	52033235	52052290	9.77375612546367	9.49836843021152	10.0049080092367	-0.45828121997109	5.97383074626572e-07	9.57578832207576e-06
2135	chr10	99433342	99446983	9.28493359477676	8.99091898993366	9.52905437762411	-0.484194273935318	5.98677819108563e-07	9.58844415937673e-06
1943	chr10	78465832	78477976	10.0938807255352	9.81094956947059	10.3303189628376	-0.4684041704221	6.07541826074673e-07	9.72220600090323e-06
7806	chr17	29055454	29063980	9.11081162484921	8.82287995785267	9.35072836615967	-0.474012558397398	6.10720486553572e-07	9.7648391864366e-06
18125	chr9	70203077	70210410	8.97606094618992	8.64618961130621	9.24436665217486	-0.529025473472072	6.15424024918329e-07	9.83176142165401e-06
2844	chr11	67625968	67632131	8.55445306864178	8.85226258374949	8.17873826046646	0.585859522673571	6.38066661833561e-07	1.01849177249278e-05
12211	chr3	149384238	149387990	7.54214498754944	7.88396243188638	7.09333683301187	0.670145602552278	6.42744376288799e-07	1.02509626198194e-05
12024	chr3	121894694	121912209	10.1589441962753	10.4007499413781	9.86828464519987	0.478387349941167	6.49016896780096e-07	1.0342310397976e-05
6811	chr15	99120239	99131083	9.76356945295596	9.41794347463944	10.0421889159276	-0.549950282865999	6.4997805464637e-07	1.0348937499273e-05
1461	chr10	18429410	18433457	7.78974604235494	7.369037927368	8.11506583880775	-0.642297089048819	6.52007897036963e-07	1.03725548012276e-05
11230	chr2	173438919	173446985	8.44905402115005	7.98797968283471	8.79791518240567	-0.683215625428852	6.57833894991886e-07	1.04564736122705e-05
11329	chr3	9669251	9678237	8.80587073047556	8.40950069120588	9.11648129713146	-0.60908391998271	6.59553043397897e-07	1.04750269545177e-05
13301	chr4	151863073	151878122	10.0285649282521	10.2235852727689	9.80299938929757	0.387341098553949	6.67352545477852e-07	1.05900367563747e-05
3599	chr11	118493472	118522563	11.1470842473395	11.3988909787874	10.8418355100033	0.499333649484118	6.72488707630691e-07	1.06626258831436e-05
14444	chr5	149126728	149138076	9.63713182286347	9.88077670006632	9.34380799863785	0.483473018110794	6.82064513708299e-07	1.08054277175875e-05
14875	chr6	67135791	67142243	8.69194750549706	8.98414680897547	8.32513588173167	0.575934573589577	6.88012661762873e-07	1.08905690638845e-05
10335	chr2	75074687	75096027	10.057351148916	10.2616115201626	9.8193247534537	0.404634103029575	6.91510387582849e-07	1.09234950348098e-05
6756	chr15	96750676	96759750	9.1807667041508	8.88399710179351	9.42678169025178	-0.485584905374364	6.91772075179345e-07	1.09234950348098e-05
1641	chr10	41344587	41355535	9.16521340892591	9.41450346165336	8.86365940585189	0.491237238489613	6.9181943368151e-07	1.09234950348098e-05
11484	chr3	52074778	52082729	8.74875599224204	8.44104606882511	9.00223316876672	-0.503080460499224	7.01362888396418e-07	1.1064976108791e-05
8566	chr18	37985149	38003802	10.4888183651935	10.2461195355128	10.6965078533743	-0.41127029543995	7.11495637400264e-07	1.12071671688304e-05
15441	chr6	134428175	134433983	8.03228708158875	7.52495335233642	8.40688544354924	-0.73028293737518	7.11556796377081e-07	1.12071671688304e-05
9111	chr19	16430454	16441716	9.9536068339128	9.70696139953294	10.1641778018272	-0.416550763579824	7.22936397401623e-07	1.13754603051532e-05
700	chr1	128554374	128567017	9.63345767373203	9.33272061233067	9.88218979942218	-0.490967361225714	7.23440675921803e-07	1.13754603051532e-05
2431	chr11	20448801	20465619	10.1302665233808	9.87839938818089	10.3446290659578	-0.426326557525793	7.29110747847779e-07	1.14551265591084e-05
10983	chr2	155083764	155092389	9.03637133751224	8.7125895331497	9.30064022775089	-0.524225219090874	7.37417573514329e-07	1.1576053041959e-05
8264	chr17	83919758	83926824	8.6967192992594	8.37439185933172	8.96001987372181	-0.519070836486636	7.46885211648692e-07	1.17149871337856e-05
7477	chr16	93392693	93405443	9.52431603988166	9.75062947670983	9.25577424724232	0.44912289216238	7.53190784172271e-07	1.18041353367511e-05
15085	chr6	90582669	90588948	8.45915844287734	8.74397371291589	8.10392979625667	0.560022840618328	7.644112449711e-07	1.19700998500879e-05
5465	chr14	21711581	21717341	8.05450571955295	8.38151546276153	7.63095882679114	0.638702336430569	7.76245685279436e-07	1.21453972472534e-05
5418	chr14	14582062	14591600	8.74970195837504	8.41930242276688	9.01835648145228	-0.528331760347184	7.77763852280985e-07	1.21591269789463e-05
565	chr1	90931039	90935475	7.40919785530618	7.76290802659438	6.93958302571022	0.689797984021076	7.83781005282948e-07	1.22431108635926e-05
6191	chr15	12632393	12650217	10.0969741030327	10.3264997317459	9.82389358101521	0.453076304094785	7.85742935163679e-07	1.22636637882167e-05
8161	chr17	73286401	73301479	10.1572714516087	9.88589248418481	10.3855948617452	-0.451473346980315	7.8819804373013e-07	1.2291874011466e-05
2449	chr11	21039719	21055798	10.2121528998393	9.93266521544163	10.4461838304099	-0.462566890892628	7.9085188387166e-07	1.23231345681447e-05
6272	chr15	36813485	36829631	9.540725330408	9.24358165544969	9.78699704053414	-0.487441837047617	7.93125873167607e-07	1.23484298169385e-05
3015	chr11	78781455	78790473	9.33394921580968	9.0509441498714	9.57043901606828	-0.469678557916162	7.97365055889913e-07	1.24042552424055e-05
14453	chr5	149340866	149346793	8.38426300927446	8.69892340145151	7.98125757582895	0.615569746940894	7.98215996556097e-07	1.24073230128077e-05
6314	chr15	38947996	38954077	8.14805944089528	8.45127202469732	7.76368483420489	0.594649121016729	8.00689823898502e-07	1.24355909719883e-05
12561	chr4	57167912	57175923	8.40476943769423	8.70975224189073	8.01753916158324	0.597234584507388	8.03843169418743e-07	1.24743577370387e-05
9931	chr2	30663697	30680016	10.7438109315604	10.5133486547595	10.9424789156885	-0.393067503933781	8.05177791330481e-07	1.24848605405729e-05
4653	chr13	37559455	37569086	8.54025205530551	8.18625209514863	8.82427833378892	-0.563806786026581	8.06246552316599e-07	1.24912271970749e-05
5239	chr13	104551972	104588137	11.4531270293358	11.1095537701547	11.7304132085335	-0.547477501767354	8.25181034093318e-07	1.27741524029829e-05
1866	chr10	74962730	75000935	11.7020733244562	11.8903399034882	11.4854983070332	0.372718605844097	8.29691846144935e-07	1.28335138940381e-05
7935	chr17	35708428	35729682	10.4733625834564	10.2100275026608	10.6959697342633	-0.439379551681723	8.30701552498309e-07	1.28386683752976e-05
8906	chr18	82744966	82770771	10.6521624983204	10.9246966573912	10.3158664463678	0.538578016041222	8.31675991934818e-07	1.28432698542969e-05
12339	chr4	32045214	32055551	9.67666665067832	9.2840558795235	9.9849694384754	-0.606769678633523	8.32810276548187e-07	1.28503302752911e-05
2324	chr10	128641839	128649381	8.81187682826951	8.48999119478921	9.07488292580429	-0.516679884943698	8.40346428899376e-07	1.2956080320131e-05
8390	chr18	9209351	9217646	9.58576796159428	9.29305664667227	9.82899053521972	-0.484138794375211	8.64296419747238e-07	1.33057434898528e-05
4830	chr13	51836471	51845018	9.66993306430608	9.33015889011214	9.94474338260767	-0.541337412631179	8.64428142841483e-07	1.33057434898528e-05
16778	chr8	25394106	25401000	8.42309997808318	8.72413915074913	8.04221897173672	0.591257572018191	8.74288280844798e-07	1.34466104393464e-05
6310	chr15	38624427	38632848	8.6715333008525	8.34090436104615	8.94033925353831	-0.529669656226569	8.78182447091102e-07	1.34955665290219e-05
15954	chr7	73409917	73422700	9.7986089175742	10.0374143442861	9.51227801345284	0.471728029022714	8.83706074160558e-07	1.35694640626968e-05
16171	chr7	99153468	99162332	9.25186417948712	9.48009733588403	8.9806128141625	0.450998374894651	8.85445821644851e-07	1.35851869434096e-05
9563	chr19	58270450	58283870	9.51687452148504	9.75860106395991	9.22632952129623	0.477413976002588	8.94257571497105e-07	1.37093008476927e-05
5172	chr13	97621267	97633025	9.09683799731401	9.46635993946264	8.59881277159595	0.716394293422382	8.95849167607206e-07	1.3719165045416e-05
17502	chr8	126562280	126568801	9.22282314449266	8.85189502154283	9.51762341583363	-0.578782397075268	8.96346733564247e-07	1.3719165045416e-05
6580	chr15	79038551	79048985	9.23443269239018	8.89691548521466	9.50776703659901	-0.537303904892194	9.06378186102655e-07	1.38615242498326e-05
1283	chr1	182347276	182353603	8.40714561361674	8.04850656194915	8.69414507928201	-0.56305783866509	9.07570148546196e-07	1.38685779784688e-05
9438	chr19	45806941	45818249	10.004969926011	9.73442769484909	10.2327012590708	-0.449707843843383	9.15085550839036e-07	1.39721710936235e-05
7656	chr17	15248902	15254648	8.09130186045844	8.46463893578889	7.5862895982064	0.720308844195531	9.19375258351068e-07	1.40263850709364e-05
2845	chr11	67859926	67864083	7.79003196713328	8.1809547522011	7.25212233803854	0.753150017255083	9.2199917256314e-07	1.40551183101011e-05
3940	chr12	70630087	70636034	8.1453656486548	8.47754643928113	7.71307672622772	0.647378390625121	9.2315319453677e-07	1.40614161148582e-05
9762	chr2	18576600	18632863	12.2873618612955	11.9658674368909	12.5501070810349	-0.519087733405676	9.3372003198056e-07	1.42109643038966e-05
16825	chr8	34467273	34483883	9.86078300718334	9.58952029225962	10.0890241917728	-0.452699067084876	9.34929289491751e-07	1.42179671356282e-05
18372	chr9	106221519	106226874	7.96879326553019	7.50425168737726	8.3196284401313	-0.682907392044949	9.37755118658624e-07	1.42495231361265e-05
9709	chr2	11442872	11453961	9.08791130863678	8.76944003033431	9.34863655992243	-0.513367083524074	9.400814092221e-07	1.4273444052501e-05
4341	chr12	112468346	112474593	8.36313796089239	8.64212515361346	8.0169449786601	0.549611073001037	9.41445174590847e-07	1.42827241954914e-05
11504	chr3	52962098	52977411	9.54246171460034	9.26959944502566	9.77183327418504	-0.454249382910824	9.42530355468947e-07	1.42877664668092e-05
3568	chr11	117229919	117237713	8.70254743383233	8.22328467335512	9.06168161737462	-0.699817521759422	9.46874109242071e-07	1.43367728844246e-05
15499	chr6	144778596	144789500	9.41930048262102	9.13560742119137	9.65627004537188	-0.466473683142809	9.47273997421803e-07	1.43367728844246e-05
17356	chr8	120000424	120030781	10.9683145373667	11.2187219877005	10.6651220468777	0.494425313303686	9.50075335004722e-07	1.43677129745455e-05
13996	chr5	111397865	111402595	7.76041252163492	8.17347944255753	7.17938312111845	0.79103483727052	9.67164429617107e-07	1.46145013612286e-05
6798	chr15	98624653	98643542	11.3169094692148	11.0278155692237	11.5576317722441	-0.475227692431065	9.77353148835833e-07	1.47567107492086e-05
10952	chr2	153074515	153079735	9.00423392426132	9.24281446337275	8.71822658753069	0.471596646371841	9.93428669188915e-07	1.49875061307921e-05
13127	chr4	136131249	136136084	8.27742430911591	7.73798904245927	8.66914784025055	-0.754355644985791	9.9502415265247e-07	1.49996532114307e-05
9621	chr2	4444896	4451039	8.78045602834899	9.07252782578372	8.41384571365021	0.576104010073109	1.0075752153473e-06	1.51674671018037e-05
4004	chr12	76544826	76551543	8.91423283022421	8.58301936465308	9.18342444748535	-0.532054100058738	1.00851942713935e-06	1.51674671018037e-05
6655	chr15	83072940	83078649	8.70164712467378	8.32791159487516	8.99821429889451	-0.580284174348404	1.00855384806767e-06	1.51674671018037e-05
17039	chr8	81264360	81276049	9.19015950113233	8.84454891286047	9.46876897958609	-0.551179251864034	1.01133941115463e-06	1.51973164562975e-05
3746	chr12	25462316	25488689	10.4861020028448	10.2278643827594	10.705058357761	-0.431460733736046	1.01336511064045e-06	1.52157092047826e-05
11859	chr3	101938127	101946588	8.73846693742073	8.42978217917008	8.99260442836176	-0.505798932528819	1.01774565272079e-06	1.52694029588836e-05
987	chr1	156221370	156228688	8.48651026269195	8.09308332854097	8.79531491041276	-0.609939691000182	1.02273344022109e-06	1.53321152938042e-05
15075	chr6	89258487	89281964	10.360763745946	10.5996758542941	10.0742793056831	0.47106562284976	1.03148566134636e-06	1.54511178900494e-05
14959	chr6	83033244	83048624	10.1565523443487	9.90402534284757	10.3713923454477	-0.422451288724967	1.05684177326219e-06	1.58184542703022e-05
12009	chr3	121188821	121204851	9.75342589850374	10.0475123736978	9.38362939563453	0.577890723571653	1.05806344913301e-06	1.58224825166756e-05
5168	chr13	97393391	97400218	8.62052326331566	8.87891614345	8.30552957715162	0.508807790931436	1.05924597741806e-06	1.58224825166756e-05
1383	chr1	193392743	193401547	9.1594428701979	9.38799991479916	8.88773349731892	0.449954638377101	1.05961195419647e-06	1.58224825166756e-05
7649	chr17	14917411	14925358	8.76472116395064	9.05867833865646	8.39512949343849	0.575482980767792	1.08335286176478e-06	1.61642719838316e-05
5400	chr14	7998011	8004199	8.4328373736132	8.01476257773783	8.756584781877	-0.630147857284826	1.08555757532771e-06	1.6184444007969e-05
11590	chr3	68680563	68701191	10.8041307547862	10.4649287082923	11.0785672836854	-0.540202419280267	1.09056657671342e-06	1.62367774029843e-05
12302	chr4	11097372	11106332	8.78560821841125	8.46860100194083	9.04535268905431	-0.509067614553336	1.09077881810448e-06	1.62367774029843e-05
5575	chr14	32710850	32721675	9.94281824626365	9.64218601481035	10.1914787402595	-0.491414811107297	1.09288076503329e-06	1.62553166454286e-05
8603	chr18	39540003	39552427	9.47324458636295	9.18989584078324	9.70997409458447	-0.468274243945286	1.1006917830355e-06	1.63586760769231e-05
869	chr1	138702601	138741690	11.3533376815171	11.1329957002984	11.5444430146583	-0.377309488517003	1.11976746325706e-06	1.66170344983981e-05
9232	chr19	33015550	33042763	11.0641629707888	10.8244488172756	11.2696642164018	-0.405894521014632	1.11982649894363e-06	1.66170344983981e-05
7986	chr17	45253938	45279964	10.4439186336037	10.6717291813113	10.1732645025801	0.449434170657147	1.12476825389951e-06	1.66773255396553e-05
9574	chr19	58566464	58573864	8.45547952443724	8.78211031273618	8.03256997674168	0.634908629918148	1.14994324007331e-06	1.70372933281431e-05
18353	chr9	103088070	103103129	9.74394539652898	9.98881149822047	9.44884783229125	0.482735342819427	1.15411389197266e-06	1.70857469233613e-05
14298	chr5	138930078	138937223	8.5191886524314	8.79931407676609	8.17123829519211	0.548235628377613	1.17289429263405e-06	1.73502422290738e-05
1657	chr10	42095864	42108262	9.31407687719293	9.5879660220397	8.97571198856124	0.537927991066663	1.18229890008481e-06	1.74757405176866e-05
1562	chr10	26155180	26164375	9.05625102659267	9.33787351683078	8.70598389048855	0.552455656020215	1.18390879751581e-06	1.74859183408969e-05
1877	chr10	75575701	75582229	7.78477561678634	7.18794488431785	8.20571081915543	-0.801753876781155	1.18507343650534e-06	1.74895091379742e-05
251	chr1	52532042	52544275	9.5939190790486	9.31557886844127	9.82714564667585	-0.460790377211237	1.19729301160608e-06	1.76561181563883e-05
1921	chr10	77709913	77726872	9.83039106479501	10.0845771578512	9.52163451063981	0.499921774259841	1.19860260870743e-06	1.76617072287719e-05
9504	chr19	55188969	55206907	10.1170274542667	10.3821655276202	9.79193809539627	0.521935807208555	1.2011874483297e-06	1.76860640666016e-05
11730	chr3	90151915	90160006	8.44712158370026	8.10813892432347	8.7214147149249	-0.542844023654396	1.21703704303227e-06	1.79055395656663e-05
5062	chr13	91461553	91471380	9.45338591176761	9.00704206987796	9.79377683089803	-0.66189565115049	1.22916749885255e-06	1.80699999695759e-05
12443	chr4	44200411	44205827	8.47619942147151	8.07403850228662	8.79034603920934	-0.610850756771174	1.2310274708895e-06	1.80833361996996e-05
15940	chr7	68108322	68118263	9.34641102971612	9.57120094286827	9.08001342778386	0.44541830032832	1.23202570921445e-06	1.80840030434502e-05
14131	chr5	120631954	120639559	8.32853968845795	7.86144166557369	8.6808255725401	-0.684320406242134	1.23986079448107e-06	1.8184944372841e-05
17280	chr8	114920982	114930461	9.11791290408496	9.34741767426621	8.84486193330547	0.45244745078272	1.24889890260764e-06	1.83033608282551e-05
1431	chr10	13319923	13331281	9.51676827519302	9.14468481923867	9.81229635906674	-0.578471200337496	1.26500761985584e-06	1.85251385935524e-05
11696	chr3	88466939	88508787	12.3902497254041	12.0663563075285	12.6545928607613	-0.52018309373855	1.29293176879316e-06	1.89194695758869e-05
7099	chr16	25150838	25166501	9.62972162528918	9.36491332414008	9.85337978065042	-0.442871950608668	1.30391228488607e-06	1.90654478080529e-05
15211	chr6	108746889	108763263	10.0877999115887	9.84019750654619	10.2990675282844	-0.416603234673454	1.31114135003678e-06	1.91563908255181e-05
14837	chr6	55148943	55166660	10.2596968194666	10.4752519291958	10.0061805361222	0.425913449670571	1.31358374142847e-06	1.91773121758238e-05
13804	chr5	77149465	77161262	9.84736226936399	9.55603246387722	10.0896312278018	-0.476425765592952	1.32334960242741e-06	1.93050362063565e-05
17305	chr8	115676340	115695852	10.2139929584702	10.4081966258009	9.98951979525115	0.383582958344562	1.35688674761501e-06	1.97790734124311e-05
9410	chr19	44474099	44479220	8.26802169185774	8.56823486649703	7.88846482519409	0.585954664455976	1.36903222111463e-06	1.99408000955752e-05
10676	chr2	120834392	120853837	10.4641331341234	10.1520131816509	10.7205915366309	-0.50466235103639	1.38862202071974e-06	2.02106267877608e-05
15876	chr7	48986973	49003133	9.83862384181603	10.0737679526677	9.55754557214517	0.462563093130959	1.39651686469339e-06	2.03099567624642e-05
17260	chr8	110718001	110727617	9.85681326879368	9.61661360790209	10.0626710032253	-0.404405510640573	1.39826818291671e-06	2.03198559292315e-05
14104	chr5	118513575	118560017	12.0843739743978	11.8547596663339	12.282411841467	-0.39007018834624	1.40196111677619e-06	2.03579342274639e-05
16563	chr7	140457277	140465564	8.6482120383262	8.27812716164206	8.94248049883207	-0.574865071396996	1.40414542777558e-06	2.03740642765694e-05
14238	chr5	135677864	135684136	8.73982933364188	8.41068950796291	9.00765160981077	-0.52328716521402	1.41903263338295e-06	2.05743470962376e-05
10137	chr2	58762327	58774014	9.54204164120889	9.80293093214658	9.22332525012878	0.512485128483917	1.43584489490856e-06	2.08022139392898e-05
5106	chr13	94344803	94355778	8.92805951398119	8.6344401042582	9.17190807864212	-0.479173694121987	1.4378946447681e-06	2.08160201853958e-05
2015	chr10	84791106	84812243	10.3714846158821	10.127252894893	10.5802949129249	-0.409801966968753	1.47601686922844e-06	2.13516190252184e-05
8126	chr17	65633921	65641392	8.67032081651202	8.94761422349145	8.32673644244274	0.544545087234432	1.47813218272266e-06	2.13659335079157e-05
2003	chr10	83209705	83214585	7.99679623965455	8.35230517991687	7.52399301966798	0.684861689495709	1.49205531413465e-06	2.15507745867287e-05
11342	chr3	10205768	10220227	9.9440689739508	9.65311397011705	10.1860789515348	-0.47570871340364	1.50662477172039e-06	2.17446627699478e-05
13580	chr5	35657523	35671724	9.65216997425964	9.89447647835854	9.36078581836339	0.477455348594157	1.53912226031848e-06	2.21968095581948e-05
7446	chr16	92320317	92332034	9.51968483007034	9.75506033162361	9.23827555965413	0.463065985068095	1.54223999867272e-06	2.22248845366815e-05
3979	chr12	75390217	75397026	8.17590989723062	8.47235212453234	7.80237318650285	0.576499001844545	1.54690225460421e-06	2.22751577315123e-05
8360	chr18	3918380	3926532	8.56079947223988	8.82040492763472	8.24399957036051	0.511875909978157	1.56323096391076e-06	2.24932224898122e-05
688	chr1	126735375	126741462	8.70823199916687	8.2862490885009	9.03431134779706	-0.630468821760127	1.56761568013738e-06	2.25392257525206e-05
12042	chr3	123104038	123121123	10.3297354033037	10.587866843608	10.0151306551746	0.507084300888758	1.57010845163386e-06	2.25579775197268e-05
17781	chr9	44731626	44738577	8.42998645384594	8.07059875580131	8.71746425817981	-0.559734874869898	1.58671923644303e-06	2.27793830472407e-05
13922	chr5	105665223	105676301	9.98403243846611	9.70467707144903	10.2179706719134	-0.458445167577701	1.59399686227139e-06	2.28665657211253e-05
12031	chr3	122207334	122229971	10.4196095804666	10.6276123896444	10.1764825164286	0.40995169051738	1.60912378461966e-06	2.30661331633659e-05
4564	chr13	28920736	28926769	8.27222053456337	8.60188034770654	7.84420403930718	0.63786940808572	1.61352045309976e-06	2.31117016448154e-05
6850	chr15	101215020	101225331	9.39105591326089	9.0612407964626	9.65932448104413	-0.523743116979938	1.61730661245744e-06	2.31449070022401e-05
9967	chr2	32622466	32627443	8.26416534649608	7.91360336910808	8.54597807485657	-0.550734214946564	1.61827765382647e-06	2.31449070022401e-05
954	chr1	153537050	153550897	10.3921821842327	10.1328338706818	10.6119359044458	-0.432711540249995	1.62548488058868e-06	2.32304800818469e-05
707	chr1	130484847	130488482	7.68066203704141	8.01422327453059	7.24602505470568	0.648586091728487	1.63636553584564e-06	2.33683833745782e-05
3583	chr11	117857555	117868483	10.3037325061357	10.028552859229	10.5347379248539	-0.452592613527458	1.64507912416977e-06	2.34751554117429e-05
6708	chr15	86183782	86192255	9.11137343317617	8.79281203229378	9.3721590036438	-0.511193034701551	1.65670366504716e-06	2.36232748752291e-05
11440	chr3	38093340	38115591	10.0615726103456	9.8170908131337	10.2705655609025	-0.410594410823955	1.69093650656758e-06	2.40933062748845e-05
5479	chr14	25062026	25067790	8.13842143317476	8.46498839678762	7.7156191848202	0.629291780786684	1.7175954930431e-06	2.44547973461853e-05
16869	chr8	36338337	36346028	8.38343693283301	8.68424907393969	8.00292007259964	0.585027893418873	1.71893483430189e-06	2.44555204049592e-05
11181	chr2	168113255	168121423	9.1670983102612	8.86918524821018	9.41389769395616	-0.481798201195859	1.73511417748471e-06	2.46672149621591e-05
16653	chr8	3275623	3285971	9.31481781162913	9.01061767126579	9.56591138900001	-0.491947432620653	1.74211146398058e-06	2.47481537985685e-05
17038	chr8	80967148	80974760	8.3453243639002	8.64913719259933	7.95998248485522	0.589217360568586	1.74969982844841e-06	2.48373620374888e-05
8608	chr18	39706631	39715682	8.25104166218587	7.82807581135529	8.57770593815537	-0.633819389481258	1.75255268397655e-06	2.48480728986482e-05
14924	chr6	72492901	72504467	9.20617723479428	8.94109344999032	9.43003171794039	-0.439672727152294	1.75307284953316e-06	2.48480728986482e-05
2332	chr10	128996864	129008570	9.29433376788748	9.539845224472	8.99829738370966	0.484184610129355	1.77333510426392e-06	2.51165126446455e-05
7563	chr17	3369459	3373847	7.71605562146264	8.03311729596344	7.30909252151101	0.61612679012021	1.79137416032714e-06	2.53530873891489e-05
15108	chr6	91447339	91455180	8.71871854982298	8.40912717430128	8.97346947614633	-0.502752826404338	1.80008092596061e-06	2.54526168664089e-05
16315	chr7	112369630	112376874	8.51648784001292	8.83513622074571	8.10690001663457	0.617494621278044	1.80108880613242e-06	2.54526168664089e-05
14100	chr5	118432347	118448304	9.86685546135975	9.56605747477083	10.1156292140134	-0.487962994570428	1.81371707233568e-06	2.5612006187395e-05
3747	chr12	25511071	25533979	10.8196435749517	10.5504544284822	11.0464162192053	-0.445324861496777	1.81889651567462e-06	2.56517094167932e-05
18562	chr9	120889358	120901374	9.59659406649335	9.86228759471744	9.27066807563151	0.519325784779061	1.81923182860022e-06	2.56517094167932e-05
8794	chr18	67143284	67159306	9.9778292482582	10.1688418267198	9.75761062332535	0.375894743950842	1.83662184725507e-06	2.58776882249844e-05
9632	chr2	4830532	4834283	7.61081952016656	7.96867847507246	7.133834141947	0.683854965920164	1.8445211437579e-06	2.59697082992443e-05
15488	chr6	142698071	142703986	8.70895228487537	9.01246333464179	8.32409684273629	0.59260741215031	1.85802612505863e-06	2.61404579892422e-05
12614	chr4	63492198	63531921	11.5826254965178	11.3469994086425	11.7851167656727	-0.397758234876522	1.87573207113684e-06	2.63522387278778e-05
15408	chr6	128216498	128225836	8.66897146748244	8.97981216371227	8.27222568945634	0.603522161330615	1.8758561842754e-06	2.63522387278778e-05
913	chr1	152069191	152076948	8.4202791763308	8.09872975077247	8.68306108071692	-0.513825239828078	1.87783208484382e-06	2.63604845697121e-05
15400	chr6	127917786	127923972	8.06611168837217	8.3716652268929	7.67795876506923	0.593425917046607	1.88533483380343e-06	2.64462452407652e-05
1530	chr10	22474372	22484273	9.12397894201313	8.84414080503531	9.3582553180781	-0.46318548961909	1.89844466272487e-06	2.66021237062926e-05
13064	chr4	132591870	132598956	8.75826096214801	8.44297690274931	9.01684895112601	-0.507075370267561	1.89925062553488e-06	2.66021237062926e-05
1093	chr1	164824937	164835958	9.25989641867069	8.98877995550082	9.48803414313211	-0.450066122050579	1.91569565639588e-06	2.68126754149981e-05
12471	chr4	45807218	45814449	8.49441101460664	8.82315873007936	8.06793535183601	0.635732625370218	1.91862969879881e-06	2.68339521396482e-05
3646	chr12	3792394	3806421	10.2349972415704	9.94031389836222	10.479578377868	-0.478885646203529	1.9268445001007e-06	2.6928999828727e-05
11463	chr3	51385605	51401409	10.1480617314373	9.81317552134984	10.4196706690025	-0.53074194372688	1.93914224411635e-06	2.70809276314085e-05
7505	chr16	95153470	95167975	9.6597149723895	9.38651208724542	9.88932696249238	-0.452172335993877	1.94916981978273e-06	2.72009514776885e-05
7811	chr17	29155262	29161729	8.2073896133959	7.7184196637665	8.57192434069407	-0.700373453715127	1.95865895399672e-06	2.73104630269107e-05
8280	chr17	84819394	84834361	10.1679223674361	10.3951969004962	9.89802513008238	0.446887462996869	1.95989518112927e-06	2.73104630269107e-05
11144	chr2	166304874	166314256	8.95664400349925	9.26225259347205	8.56840203368265	0.592966480442797	1.9830034638665e-06	2.76007293772932e-05
7250	chr16	37689645	37694997	8.00242372213758	8.31732859861753	7.599016139456	0.606832669418128	1.98363427317709e-06	2.76007293772932e-05
9560	chr19	58226434	58240422	9.9136039686577	10.116532043827	9.6773858695775	0.398268131053191	2.02089628233901e-06	2.80986011300455e-05
8758	chr18	64537575	64539917	7.31764387841301	7.69335398507591	6.8082591329195	0.713853664947834	2.03073404923838e-06	2.8214715607976e-05
11490	chr3	52255018	52262050	8.50618464922814	8.18724722732191	8.76722182329245	-0.512186331279824	2.03688080307018e-06	2.82794153339202e-05
13945	chr5	107287606	107294816	8.77569633613695	8.44823139787885	9.04241020070162	-0.519434522958766	2.05192830836105e-06	2.84675053833219e-05
15189	chr6	100555946	100567856	9.87775228084244	9.62361404607389	10.0937565398354	-0.422822412374857	2.05398536269302e-06	2.84752287790729e-05
18614	chr9	123774552	123777833	7.65245985095141	8.01457784510603	7.16784642036807	0.695413345976561	2.06565418529925e-06	2.86160954618937e-05
2334	chr10	129026158	129030904	7.73437589497008	8.06036477149243	7.31254492265236	0.630315026236377	2.08717034166375e-06	2.88930750652344e-05
11707	chr3	89393420	89398759	8.81240652265505	8.51808646679204	9.05673761992505	-0.476471220377687	2.13356012535443e-06	2.95137300430771e-05
1836	chr10	67123400	67131387	8.95248732743551	8.51705999538871	9.28651241733687	-0.643336165472418	2.1353948299332e-06	2.95175953949761e-05
13639	chr5	43886014	43892782	8.38542413625468	8.03120342546432	8.6695922493904	-0.560457365651172	2.14962950907472e-06	2.96927354095554e-05
6301	chr15	38302094	38323612	10.6428309217022	10.4125204150058	10.8413861744136	-0.388619147054376	2.16536265461994e-06	2.98883038705687e-05
15671	chr7	25672339	25677319	8.53838989280008	8.19966485153599	8.81251459144009	-0.534374679211654	2.17001083546597e-06	2.99306945103987e-05
1124	chr1	166343877	166348979	7.86783203355681	8.19192455099525	7.44917993167583	0.625750125938302	2.17795152292414e-06	3.00184037426124e-05
14020	chr5	113217899	113228724	9.54017357790674	9.82202592619424	9.18955018294817	0.548746295057991	2.18160179447961e-06	3.00468943812979e-05
8054	chr17	49931666	49936108	7.76672024713654	8.0708005508968	7.38094700327581	0.592262747020015	2.18631269634255e-06	3.00796866302722e-05
5840	chr14	62285255	62307154	10.4859440855264	10.2468510919821	10.690988934477	-0.402253826165987	2.18715251329236e-06	3.00796866302722e-05
6333	chr15	50959736	50970965	9.12526210711605	8.82974334614567	9.37041783160588	-0.482207690871349	2.1996087207182e-06	3.02290904493198e-05
9467	chr19	47453356	47469795	10.5253470273146	10.3063584007032	10.7154339786978	-0.372573147632129	2.21154704686489e-06	3.03711659930888e-05
672	chr1	120025187	120032031	8.53573768580908	8.78588408223715	8.23292826998586	0.490615105341353	2.23128920471635e-06	3.06201285728934e-05
6203	chr15	25441560	25446387	8.02791257679248	8.37464600115382	7.57056088801333	0.663278092992502	2.25848286532019e-06	3.09487204497811e-05
9753	chr2	17860608	17870878	9.39444566430019	9.09798510121846	9.64024847370336	-0.479653099079496	2.25849506417339e-06	3.09487204497811e-05
12439	chr4	43861718	43883194	10.3283663392455	10.0591085995769	10.555187620192	-0.444015750016998	2.2666173364991e-06	3.10376121424361e-05
121	chr1	36746430	36757487	9.46188951980373	9.12746618831728	9.73319436234462	-0.52885225863528	2.27051479738755e-06	3.10685654935965e-05
17325	chr8	117010938	117020818	9.52647718255396	9.83528920362904	9.13303825173092	0.599025839081322	2.27228603941439e-06	3.1070401110984e-05
14532	chr6	28830020	28835343	8.75084427301775	8.40112896041129	9.03211054257128	-0.546999843468517	2.27468906352601e-06	3.10808666210657e-05
5250	chr13	107108976	107113357	8.19265612551704	8.48307018778221	7.82865890681773	0.56318865052183	2.33067090194569e-06	3.18228798906671e-05
3119	chr11	85524006	85530039	8.38973821414237	8.02244973500395	8.68223943451002	-0.573276942985788	2.33372938405152e-06	3.18417325520588e-05
14952	chr6	82874164	82880175	7.90958649024297	7.53289079161568	8.2080106574015	-0.580306773748065	2.345904873384e-06	3.19848624942204e-05
18134	chr9	70874514	70886577	9.26538563791346	9.51220554420069	8.9674426384268	0.482762233419462	2.35391770470679e-06	3.20532361697575e-05
13569	chr5	35177906	35194293	10.4606030596171	10.644193376912	10.2501959223787	0.360006283638129	2.35429744563159e-06	3.20532361697575e-05
11138	chr2	166164190	166203953	11.4357624423618	11.6502188515602	11.1837656209059	0.420840768788749	2.36683043436762e-06	3.22007704758875e-05
11087	chr2	163869458	163883216	9.35162768489258	9.69446631603544	8.90105134805311	0.658936439399281	2.37207971977946e-06	3.22490694854545e-05
1372	chr1	192899145	192905702	8.72968856224017	9.00198531017423	8.39375449232906	0.530325110592872	2.40661023657416e-06	3.2695100701461e-05
15297	chr6	119444106	119475955	11.3603764085896	11.1388002570943	11.5524089809247	-0.376140983304926	2.40972212189644e-06	3.27139600511249e-05
7632	chr17	12402886	12414769	9.25600505991301	9.51757136316743	8.93627632151926	0.509494090890425	2.42299035760511e-06	3.28705746940582e-05
16739	chr8	14961852	14982731	10.8004598290864	10.5401873533932	11.020876200906	-0.431059915772989	2.43463800620696e-06	3.29871076962985e-05
2701	chr11	54390251	54396590	8.17025134833375	7.79244215601385	8.46937243712105	-0.582471591777758	2.43635979845062e-06	3.29871076962985e-05
3260	chr11	97927398	97936553	8.79408633338328	8.35492152275053	9.13029948038649	-0.651617692589459	2.4367946145851e-06	3.29871076962985e-05
15027	chr6	87200908	87206541	8.5630167593303	8.82682665891704	8.23992464165509	0.515451067359701	2.44913457288829e-06	3.31305239193491e-05
12878	chr4	118450092	118472014	10.5664077383411	10.784644966009	10.3091705710885	0.427408765001179	2.46884277349409e-06	3.33733383177666e-05
2862	chr11	68628634	68647646	10.3634198014259	10.5833025957002	10.1038915553941	0.430063275895935	2.47703421830554e-06	3.34602366044276e-05
2704	chr11	54431873	54437448	8.72226980862377	8.36071359159986	9.01113086951258	-0.559842326579641	2.48280721411033e-06	3.35118946892199e-05
17297	chr8	115503601	115519222	9.9909187714509	9.71966261797615	10.2191553147816	-0.445280962529783	2.48527934151073e-06	3.35118946892199e-05
4911	chr13	56146413	56152066	9.15473945981362	8.82032289234816	9.42603985743107	-0.526875225144615	2.48615563108813e-06	3.35118946892199e-05
866	chr1	138654897	138675771	10.4094189781939	10.1374885844354	10.638132258871	-0.447399160970677	2.49242563871932e-06	3.35725664991156e-05
17889	chr9	56181593	56197616	9.75056572168797	9.43374115043502	10.010187720934	-0.507679455579174	2.50258450314494e-06	3.36854973653814e-05
481	chr1	80472157	80479698	8.77262293344407	8.43285211803839	9.04743105805646	-0.533673798160064	2.51541585572799e-06	3.38342151140053e-05
2517	chr11	31617710	31621107	7.49632080006075	7.87679582862477	6.97809419876112	0.722279907160664	2.51821031969746e-06	3.38478142050553e-05
71	chr1	21288073	21296786	8.67644749228797	8.35187732648096	8.94124059447976	-0.518095196264038	2.52309540937469e-06	3.38894747165762e-05
4707	chr13	43125102	43134202	8.95091300327165	9.19271396894701	8.66026036512601	0.472607010015218	2.53592305859203e-06	3.40070851846796e-05
14829	chr6	54641934	54650161	8.82494289355247	9.07704051636563	8.51926607176775	0.490661508424432	2.53632216813162e-06	3.40070851846796e-05
16734	chr8	14870496	14892205	10.2176870424537	10.4248491682942	9.97570849336874	0.405409181922748	2.53722707316014e-06	3.40070851846796e-05
4359	chr12	113181522	113187965	8.79479352489336	8.43483386560067	9.08263650304722	-0.557295198175669	2.54786955573276e-06	3.41256290037065e-05
16453	chr7	126532245	126540501	9.07584912506291	8.81349742793556	9.29775369944969	-0.435039137934629	2.5710061728267e-06	3.44112314203653e-05
11564	chr3	61398872	61405177	7.97397523801182	7.59901824244397	8.27130942182089	-0.578034243317389	2.57623606801269e-06	3.4456930468508e-05
4897	chr13	55466453	55471566	8.45591489722055	8.10734764177119	8.73643933814434	-0.544438442558842	2.58238745061146e-06	3.45148812853203e-05
4319	chr12	110843303	110851173	8.65511431800977	8.96631765152316	8.25777613193159	0.602518315801452	2.618813793028e-06	3.49771055438976e-05
4813	chr13	49311336	49325800	9.97488861973745	9.73485608533404	10.1806236632969	-0.40379605949678	2.6230839548978e-06	3.50095009704679e-05
2730	chr11	57988410	57996355	9.09440348016917	8.81041767046452	9.33157706844579	-0.462462416353741	2.69001790906598e-06	3.5877617636095e-05
14386	chr5	144965768	144971572	8.98985901832039	8.6380207979334	9.27249446979758	-0.547027177677214	2.70015500876954e-06	3.5987529432189e-05
1519	chr10	21750300	21772524	10.3030474081661	10.0612188180711	10.5100996823031	-0.406098215837804	2.71945101047192e-06	3.6219270686138e-05
4557	chr13	28415880	28423085	8.57956251573711	8.16906033848212	8.89876255802138	-0.616414440425394	2.73336472720585e-06	3.63790527052173e-05
4130	chr12	86362391	86371479	9.43436777570989	9.67279917244101	9.1485749566238	0.465304287289431	2.73554031486534e-06	3.63824944890185e-05
17625	chr9	22412235	22420581	9.185921065116	8.90157737553827	9.42334397577658	-0.463536822377569	2.74030544774706e-06	3.64203481041957e-05
14153	chr5	121889969	121900582	9.29446261223401	9.52212645985629	9.02401570037378	0.446983457253794	2.74830925543356e-06	3.65011626024307e-05
11932	chr3	106602914	106613103	8.84001767101326	8.56193021698638	9.07306691352142	-0.456563866937424	2.75027450271288e-06	3.65017201307606e-05
11494	chr3	52512420	52550170	11.539893536331	11.3309571952191	11.7223635456359	-0.357534108130317	2.76062321148107e-06	3.66134646615648e-05
1815	chr10	62834788	62842742	8.78222345434076	8.48117684897576	9.03116704440596	-0.488751180385735	2.78201577814724e-06	3.68714228026931e-05
997	chr1	156911270	156917054	8.10585753811803	7.70026085578072	8.42209134564018	-0.607623662635505	2.7912870231831e-06	3.69684831912017e-05
4174	chr12	98598565	98630345	10.717510599365	10.4689368347738	10.9294845236338	-0.414364941332791	2.8039324057537e-06	3.71100649433748e-05
14053	chr5	114581952	114587753	8.6367043848362	8.8933989677717	8.32423409107364	0.501807972533316	2.8066208023263e-06	3.7119760423241e-05
11913	chr3	105103723	105111007	8.5458765219042	8.79620464736638	8.24280045208753	0.488528386742992	2.80968820974916e-06	3.7134451624533e-05
16552	chr7	139938680	139947501	9.1711260815931	9.42043809434704	8.86953990773907	0.487824970053833	2.82832078752734e-06	3.73546974436196e-05
8661	chr18	53414059	53419917	8.10803866329688	8.44484377601696	7.66786005738592	0.642909777996898	2.84444488769225e-06	3.75415295712874e-05
10135	chr2	58710656	58716034	8.24833109867249	8.53400373559056	7.89176533504222	0.555121171879797	2.85036265709347e-06	3.75934905274336e-05
14688	chr6	48123307	48135810	9.44476471587561	9.16189580462565	9.68115952482922	-0.4640536868535	2.85689747303049e-06	3.76535119032262e-05
3016	chr11	78801839	78817582	9.73224498650198	9.45713448185953	9.96320172142299	-0.452413282904915	2.871391356973e-06	3.78182765884736e-05
4347	chr12	112676194	112691691	10.0126600924097	9.70790302226775	10.2641325478981	-0.490966183773309	2.90585923483224e-06	3.8245702092844e-05
16791	chr8	26849750	26856543	8.43119445130135	8.69801999904703	8.10356089827633	0.517059309607857	2.91291223984426e-06	3.8311962162165e-05
1730	chr10	53378702	53386149	8.15756072487316	7.74560669394124	8.4776355704475	-0.619438744958122	2.92795333156571e-06	3.84831206923723e-05
7488	chr16	94002559	94014030	9.84614512732811	10.0760863726517	9.57247556687028	0.450139939544844	2.95245234555632e-06	3.87774569964924e-05
17382	chr8	120855200	120862231	8.71519788513075	9.05739506438866	8.26573261977634	0.655614275924637	2.95443399636061e-06	3.87774569964924e-05
6134	chr14	123142201	123156984	9.39247617471463	9.13446598954939	9.61126912427986	-0.428698817197813	2.95976880003255e-06	3.87917065733309e-05
18297	chr9	96422304	96437624	9.5921789860897	9.32396770320263	9.81825783639017	-0.440782146874704	2.96148173399446e-06	3.87917065733309e-05
15062	chr6	88770787	88801212	11.3214869558836	11.5101406032903	11.1043993219761	0.369245082326564	2.96165144763983e-06	3.87917065733309e-05
8907	chr18	82779090	82786031	8.65163536764641	8.91832432072188	8.32420803528278	0.517413237210261	2.9658637533629e-06	3.88200883966031e-05
17485	chr8	125594515	125604030	8.90454208778497	9.21177932019036	8.51366173526898	0.591004387396194	2.98793510031803e-06	3.90820263741805e-05
14403	chr5	147204022	147207211	7.71387457552178	8.03382788155729	7.30212239589334	0.615029681997278	2.99726220416303e-06	3.91770243614395e-05
905	chr1	151530748	151542704	9.16929705320136	8.87348641770387	9.41465339242674	-0.478374521768139	3.01509238531977e-06	3.9382958280099e-05
15443	chr6	134592245	134602349	9.26091036300788	8.96117311707775	9.50895894462603	-0.48111020424361	3.03880000978683e-06	3.96653269503055e-05
3034	chr11	79806516	79814723	9.00601008631127	8.70606155281091	9.25420318542596	-0.4846047130386	3.0810686633911e-06	4.01894172938142e-05
9403	chr19	43973169	43993208	10.6776542083559	10.8726188577793	10.4521632123043	0.381765959338727	3.09081463095572e-06	4.02888536269976e-05
12198	chr3	148841590	148844867	7.43777263457139	7.79119487151378	6.96866715811603	0.675279197483006	3.10105770651e-06	4.03946288344909e-05
1121	chr1	166295296	166301760	8.6821539618098	8.96290018399715	8.33324363430668	0.541112692486128	3.11850482893104e-06	4.05804464483919e-05
14936	chr6	72906339	72919208	9.79819046510509	9.5119299851875	10.0369469524751	-0.466455181357761	3.11959910259781e-06	4.05804464483919e-05
13052	chr4	130942246	130958398	9.8666311234709	9.59142132309714	10.097657772318	-0.451538831950389	3.12717625953612e-06	4.06320800098762e-05
13979	chr5	110597673	110607299	9.14780433327245	9.38941574239081	8.85742582320789	0.472005534746758	3.12785019729328e-06	4.06320800098762e-05
14660	chr6	41596277	41603146	8.60531840904594	8.27554810503456	8.8735573713547	-0.522484105035491	3.13049932718782e-06	4.0638677654376e-05
15404	chr6	128061865	128068603	9.25775576220621	9.47291714962513	9.00478429920858	0.422134703999709	3.13880146055387e-06	4.0718600765449e-05
13444	chr5	25107583	25114441	8.57827284143606	8.87724630197838	8.20069963609279	0.576733420825387	3.20735557126009e-06	4.15795091440883e-05
1663	chr10	42291711	42296402	8.19202960221798	7.83235329624623	8.47969170053554	-0.559474166155654	3.22852829058968e-06	4.18254187215711e-05
9623	chr2	4480840	4486857	7.99578670456352	8.31621456353902	7.58324613684372	0.614250755410932	3.26642404676239e-06	4.22698557932157e-05
12215	chr3	152103144	152111840	9.73393643584509	9.41613711984538	9.9942117433567	-0.504704724450309	3.26728902727475e-06	4.22698557932157e-05
18032	chr9	63752608	63757355	8.23433352533975	7.88377654866831	8.51614302766043	-0.544851807093224	3.32860742945548e-06	4.30110141700931e-05
12016	chr3	121482318	121486028	7.90148234444212	8.23930567298069	7.45955730786601	0.644325502410462	3.32911005932171e-06	4.30110141700931e-05
3065	chr11	82430630	82440372	9.84785327688042	9.625250631811	10.0406560025221	-0.37803996214335	3.35646622959363e-06	4.33349473275221e-05
3031	chr11	79705365	79715873	9.39058764282137	9.0564686235382	9.66169247480152	-0.526253627593779	3.39460409034675e-06	4.37731854138394e-05
2227	chr10	118736615	118748263	9.28770956039869	9.53420593216519	8.99023839670739	0.482445766901536	3.39502233674965e-06	4.37731854138394e-05
18075	chr9	66198608	66211829	9.75539583792036	9.48428991485143	9.98352610550456	-0.445018002407099	3.41290908478755e-06	4.3973931785596e-05
7517	chr16	95616263	95624227	8.97965484564739	9.23179341301947	8.67391775149247	0.488438674361728	3.4280230556532e-06	4.41387039167179e-05
11770	chr3	95992020	95998199	8.46647937094803	8.10762977634223	8.75361340163187	-0.555883397969026	3.43890985841149e-06	4.4248861154435e-05
12489	chr4	46612207	46621627	9.52057826316212	9.25317728528095	9.74608159275341	-0.438977088084454	3.44419332768392e-06	4.42868192182338e-05
11168	chr2	167751805	167760938	9.19933515883455	8.90059837421721	9.44669895583927	-0.481506139933133	3.46637598033395e-06	4.45350475304779e-05
8278	chr17	84667685	84691659	11.2976590806076	11.5026076285096	11.0586970943991	0.400457995949305	3.46819117182393e-06	4.45350475304779e-05
8271	chr17	84151373	84158965	8.46677731085216	8.03176786939628	8.80055719303258	-0.640649880115924	3.48015302067097e-06	4.46584341983193e-05
9094	chr19	14598584	14620083	10.883938702937	10.530217740902	11.1677856711248	-0.549898023174638	3.50411640153713e-06	4.49355575572791e-05
2330	chr10	128948452	128971592	10.5490965167634	10.7671506686441	10.2921138549698	0.426117853095474	3.51804923105162e-06	4.50837652640977e-05
3550	chr11	116582589	116590151	8.81855642273733	8.50849481835731	9.07362526089286	-0.493029939826971	3.52162474531528e-06	4.50990386390719e-05
7033	chr16	21393186	21420160	11.0007764760189	11.1770022699981	10.7999897331513	0.344215874516825	3.52399358774138e-06	4.50990386390719e-05
14155	chr5	121931802	121938379	8.68360484289721	9.04272954527962	8.20435903516852	0.681091258354505	3.55073135280593e-06	4.54105999628731e-05
17359	chr8	120056243	120061275	8.07313198437196	8.41070576640137	7.63163527643613	0.644705807128089	3.55783948215742e-06	4.5470865678024e-05
6469	chr15	66912914	66920122	8.37250913090956	7.99837391213128	8.66932740298456	-0.574924886009596	3.61964340073279e-06	4.62296178347965e-05
16451	chr7	126451750	126464883	9.94325566792541	9.70940874407158	10.1444323323441	-0.391724578977255	3.64434107823814e-06	4.65137520671699e-05
10352	chr2	75735885	75745713	9.34969476989141	9.05076039185392	9.59719387684067	-0.47971592929046	3.66761337511446e-06	4.67793240902536e-05
1552	chr10	24933754	24943750	9.30888080831897	9.56629762276438	8.99533829871776	0.499987515741337	3.68946787166271e-06	4.70264679222878e-05
18150	chr9	72376155	72380312	7.89767973473729	7.50378425023408	8.20677228774623	-0.600159631647852	3.70730833545537e-06	4.72221509386628e-05
6005	chr14	76363444	76371235	8.70316012160383	9.00648243940209	8.31860876114377	0.581611443184571	3.73228142912105e-06	4.75067850416896e-05
11697	chr3	88512334	88525895	10.346240968728	9.98902301316079	10.632331321893	-0.553298113495353	3.7346605870805e-06	4.75067850416896e-05
6308	chr15	38554530	38563779	9.21178964238991	8.92082034054332	9.45380950171784	-0.474157118852724	3.76404169784849e-06	4.78484577250277e-05
925	chr1	152420653	152432373	9.6867066667224	9.88664371406146	9.45453393045694	0.389819490935424	3.76708950279243e-06	4.7855148375835e-05
9369	chr19	42241125	42265611	11.0476471149996	10.833102084797	11.2343785099202	-0.365908501057281	3.82452237829289e-06	4.85522476372045e-05
14992	chr6	85361276	85383397	10.6146817025705	10.3940450776704	10.8060085294549	-0.37403615964905	3.92540070992149e-06	4.97995856106951e-05
3937	chr12	70485948	70494063	8.97772721527637	9.22711811990454	8.67602545723498	0.487078126407871	3.92990107531587e-06	4.9800368519849e-05
6640	chr15	82220204	82228342	8.88341802843802	8.57759633328799	9.1356140625791	-0.488240405996827	3.93071036633826e-06	4.9800368519849e-05
1895	chr10	76241835	76255989	10.0147728942709	10.2092017643079	9.7899986474496	0.380134847869651	3.94616893434125e-06	4.99628687157189e-05
17647	chr9	31445547	31452575	8.32346275823892	8.60932744673534	7.96659719923025	0.551928601046333	3.99712944297264e-06	5.05743464654519e-05
5523	chr14	27174646	27187171	9.21238066729723	8.88972402363926	9.4759005679967	-0.510994069784728	4.02512826092606e-06	5.08901831995032e-05
1112	chr1	166104193	166112521	8.93384978502141	9.19361826732806	8.61680675471727	0.504856195321293	4.02745430031371e-06	5.08901831995032e-05
18546	chr9	120356840	120363734	8.92968399990605	9.1714446208828	8.63908971381147	0.469304727897802	4.0360457114218e-06	5.09517418743528e-05
670	chr1	119996690	120001301	8.05500457909447	8.3565241902831	7.67335248354522	0.580392958963556	4.03769533584629e-06	5.09517418743528e-05
8864	chr18	78119391	78127566	9.4394775560192	9.64765926608492	9.19610587879492	0.405919334364503	4.05237570351341e-06	5.1103015599323e-05
1342	chr1	189987313	189992900	8.46361805660776	8.76528121958025	8.08173543497413	0.580334062264518	4.10160862851773e-06	5.16895286591222e-05
17847	chr9	52262370	52275830	9.63105911257701	9.37698910610727	9.84701411601314	-0.422151265231352	4.11313631464626e-06	5.18004075087402e-05
6196	chr15	12746622	12755347	9.03797058457424	9.32501013943249	8.67926881387452	0.552368530748982	4.11650138791569e-06	5.18084083827931e-05
7094	chr16	23930003	23932851	7.2372051268889	7.60120421511171	6.7492025114433	0.691413336289196	4.11949347287905e-06	5.18117075028306e-05
13846	chr5	92922654	92926154	7.24093958187854	7.61255556920285	6.73908579915457	0.699223365472266	4.12500772689278e-06	5.1846703078608e-05
11909	chr3	105009198	105015383	8.35716436818658	8.63209188940485	8.01721072416729	0.532002544882143	4.14645506451179e-06	5.2050640903623e-05
4855	chr13	52930640	52945348	9.66343121181353	9.40651369134831	9.88143849604844	-0.42509283340901	4.1467184280667e-06	5.2050640903623e-05
12585	chr4	59413131	59442093	11.2260993410234	11.0231702563983	11.4039726381706	-0.347207732552339	4.16818986252108e-06	5.22855752814194e-05
2980	chr11	76557547	76573760	10.5280991925803	10.3054881242504	10.7209082340243	-0.376788153167776	4.18376182927436e-06	5.24462455467623e-05
9972	chr2	32883434	32912617	10.5746011391676	10.3057087049795	10.8011633510832	-0.441844181617247	4.19219207323253e-06	5.25172365398549e-05
2570	chr11	34919272	34938534	10.0246730075594	9.77201525086757	10.2396075743357	-0.419135661916089	4.21760248453962e-06	5.280071078765e-05
17578	chr9	14740287	14747057	8.57207435237065	8.26384793929317	8.82590147170293	-0.49344403419967	4.22192511134544e-06	5.28199846329763e-05
1055	chr1	162122646	162177442	11.7788800241703	11.5485575770346	11.9774441467204	-0.387419068212145	4.24819149112124e-06	5.31135878194928e-05
8336	chr17	87211877	87217236	8.46635888453124	8.72533628827963	8.1504949813473	0.502704015604955	4.29476119767041e-06	5.36604824032829e-05
7197	chr16	33515146	33541591	10.4896742767721	10.2605936345512	10.6873152509334	-0.386510392006097	4.29784105571908e-06	5.36636351292713e-05
11234	chr2	173524253	173533916	9.33130856195581	9.59194725797499	9.01296658901587	0.505274647594155	4.30964583210676e-06	5.37756530227181e-05
8889	chr18	80578080	80595223	9.69231167872012	9.38317080941358	9.94675786431377	-0.494759646962411	4.34883854317904e-06	5.42080218470293e-05
3896	chr12	54817069	54822603	8.06456825855905	7.72246677484133	8.34089656029588	-0.534815251001393	4.35000881358478e-06	5.42080218470293e-05
14257	chr5	136841214	136848039	8.36870938366951	8.73433360815954	7.87776874907039	0.690511823575755	4.46017930594871e-06	5.55444508186355e-05
11173	chr2	167883344	167897611	9.81367058490618	9.50763883558327	10.0660092777106	-0.489725091594159	4.55738462289103e-06	5.67177723002287e-05
6764	chr15	97181869	97187314	8.2771663635662	8.60402920845984	7.85386658492911	0.62390742204008	4.56845844304481e-06	5.68183307932814e-05
11799	chr3	97685062	97704383	10.2112262762981	10.436117956821	9.94468561787106	0.438030855600699	4.58019629271142e-06	5.69270107657957e-05
15330	chr6	121275127	121316635	11.7437722400296	11.9210974998402	11.5415564242237	0.345987365151363	4.5961788606485e-06	5.70882713326229e-05
7654	chr17	15178081	15186696	9.02298165579104	9.24860746431722	8.75540829874872	0.438923179455939	4.65460277031933e-06	5.77761320980317e-05
8893	chr18	81017525	81022902	8.55296865368925	8.80275895275134	8.2506815051707	0.486048112810681	4.66671570930161e-06	5.78886257822452e-05
3007	chr11	78186083	78195621	10.0504171284456	9.79159250899505	10.2697950207816	-0.424855668091863	4.68561938393468e-06	5.80606655408364e-05
14827	chr6	54508013	54542800	11.4260591249508	11.6181726233024	11.2043751718566	0.374587167795627	4.68670317764695e-06	5.80606655408364e-05
7655	chr17	15189591	15193808	7.52345088542791	7.86957989844965	7.06715391526461	0.652919581143006	4.69553301509943e-06	5.81321076931325e-05
10963	chr2	153578936	153588949	9.32018832280974	9.03573282250496	9.55768910658113	-0.460458703545657	4.70171852023897e-06	5.81707404143516e-05
17466	chr8	124627430	124634802	8.81260055220602	9.06284996622239	8.50963998715941	0.484424703850509	4.71592404401839e-06	5.83084836686807e-05
16789	chr8	26668675	26678342	8.62867526750714	8.91479670137438	8.27140876544209	0.548499909424247	4.75705728571927e-06	5.8778769678168e-05
15736	chr7	30901644	30910435	9.02010103477778	8.66382850003298	9.30558576331708	-0.548178850102701	4.80269392748579e-06	5.93040520818171e-05
779	chr1	133838855	133847349	9.10663855169745	8.81956436951697	9.34596025204382	-0.462697696532951	4.80914471273344e-06	5.93450959057009e-05
18416	chr9	108258664	108263520	8.03324892560363	7.62343036249978	8.35203657254075	-0.611631919151039	4.81636410302706e-06	5.93955648546787e-05
7757	chr17	26533358	26546402	9.45833948475737	9.20562232156801	9.67331701103445	-0.416953217476599	4.84661164509672e-06	5.97297678001888e-05
6118	chr14	121483590	121537387	12.3617279422359	12.1315518171934	12.5601833620268	-0.386787667559464	4.89752551848703e-06	6.03180641241826e-05
1899	chr10	76582414	76588513	8.32468322265094	8.62173370231103	7.9501782232615	0.568899980188298	4.91519758254162e-06	6.04964558489348e-05
12205	chr3	149257820	149262614	7.91089632790359	8.22753992710553	7.50462353268826	0.607901739436016	4.92363970297414e-06	6.05610874418316e-05
1242	chr1	180814856	180825457	9.06826952214667	8.76321084010997	9.31994706099702	-0.484465886091071	4.9417956685544e-06	6.07450388558899e-05
16944	chr8	68273431	68282873	9.01733854288015	8.74755616751708	9.24453169133508	-0.444116515495084	4.94643756672702e-06	6.07627434167715e-05
16176	chr7	99301924	99346051	12.0763033272838	12.2382067987968	11.893906540182	0.316160148709478	4.976768971298e-06	6.10957945059927e-05
2353	chr11	4600347	4624562	10.9609534715778	10.7373922320579	11.154474542152	-0.377210398784858	4.98856037090099e-06	6.12009613958176e-05
6140	chr15	5559966	5568171	8.69744291978173	9.0420542890306	8.2437889538221	0.651768186937569	5.01910774167959e-06	6.15359469181763e-05
7834	chr17	30974975	30996948	10.5110117520292	10.7757234547459	10.1865640497996	0.512469266993738	5.0357794680421e-06	6.17004896862305e-05
15140	chr6	97475160	97481036	8.53846425501671	8.79082539014143	8.23239945638658	0.4893809586509	5.11398638875554e-06	6.26182888207687e-05
12912	chr4	119892556	119897896	8.693721947967	8.36380052876932	8.9620607381018	-0.517410375634018	5.1732330037157e-06	6.3302894376222e-05
3938	chr12	70519473	70528254	8.94049269457309	9.17207811427845	8.66448887735385	0.453156397281049	5.1812184831853e-06	6.33597587579728e-05
7659	chr17	15324930	15330905	8.16177548083734	8.46481906665473	7.77767301860551	0.578658546891439	5.18582846193007e-06	6.33752983766715e-05
11800	chr3	97723959	97735202	9.4558232118685	9.67512223487555	9.1971084507596	0.426891210242119	5.2099438296575e-06	6.36290372864027e-05
8867	chr18	78208201	78212319	8.0942974295568	8.39692160014875	7.71087000968928	0.575738706749082	5.21622501080858e-06	6.36647810161646e-05
4654	chr13	37570805	37598630	11.0177564649493	10.8186014301002	11.1927245351329	-0.340571408707362	5.25241214651429e-06	6.40652507253822e-05
17465	chr8	124602744	124626956	10.9632039359141	11.1347531927967	10.7684678389239	0.334375179870223	5.25697226802604e-06	6.40796895792333e-05
929	chr1	152609020	152618387	9.00258906746224	9.30057715755327	8.62658939277567	0.57182817484016	5.26975190268491e-06	6.41942370738491e-05
13153	chr4	137420432	137424824	7.65602617272157	7.98684403388731	7.22604957320742	0.6260297122248	5.31670113461165e-06	6.47246124655513e-05
1111	chr1	166087593	166101933	9.46641374000918	9.70446004387871	9.18117456592821	0.461573103934696	5.3316765860861e-06	6.48653140559795e-05
15983	chr7	78598160	78616582	10.0799766599615	9.87309889763163	10.2608752617617	-0.352782337188116	5.38003823893877e-06	6.5411752554016e-05
1676	chr10	43109755	43127090	9.88322814994901	10.116014338666	9.60551551012001	0.450525924579358	5.40156919835988e-06	6.56314864376902e-05
8789	chr18	66376482	66383989	8.72726255523432	9.00253784421801	8.38677616603604	0.526742686489035	5.42873662747328e-06	6.59193809678921e-05
6163	chr15	8625544	8634312	9.73216400608878	9.46962947208729	9.95419927004713	-0.430877079109436	5.45320085099337e-06	6.6174104188621e-05
14577	chr6	31538802	31548347	8.91341451773261	9.23719174559954	8.4952898535544	0.615014615960451	5.4747144580855e-06	6.63927192971276e-05
3988	chr12	75843428	75853470	9.03605350017779	9.29554785006705	8.71941925508212	0.500558007128912	5.48739306969174e-06	6.65039802488375e-05
10077	chr2	45201503	45206597	8.06436884810351	7.69281725386975	8.3595619988516	-0.568617461570597	5.49785894870229e-06	6.6588299289994e-05
7184	chr16	32526530	32549677	10.8255935250175	10.5885010577619	11.0291661693897	-0.395364796873304	5.55439969565321e-06	6.72301988672208e-05
2394	chr11	6711111	6718038	8.25734927486758	7.88779197712261	8.55128474881907	-0.563084410159961	5.60393259442015e-06	6.77865116057999e-05
15353	chr6	124459010	124475330	10.4080865063826	10.6192069686313	10.1606863354664	0.409286614844419	5.62522761994484e-06	6.79592826940788e-05
1338	chr1	189721618	189734266	10.3363559729697	10.6076058178866	10.0020163299099	0.523268919571506	5.62537715961841e-06	6.79592826940788e-05
9558	chr19	58205490	58214931	9.08347344036175	9.33850475351863	8.77346735322536	0.492005770408607	5.65528967211438e-06	6.82293250151441e-05
6309	chr15	38565623	38573522	8.46128146422054	8.02955618183841	8.79313035403052	-0.630522898045027	5.65602833287793e-06	6.82293250151441e-05
6205	chr15	25494762	25498760	7.7970170667297	8.11382640063247	7.3904706822245	0.603900834465017	5.65851507317756e-06	6.82293250151441e-05
13515	chr5	32359763	32374032	9.801460436453	9.53215644000641	10.028314513999	-0.440595067206058	5.66489440464805e-06	6.8262876765597e-05
17407	chr8	121712602	121717853	8.65948994388385	8.95470386499465	8.28790537635588	0.562601917932511	5.71094465447494e-06	6.87741234754314e-05
4719	chr13	43779488	43788297	9.14761534582898	9.49123368873597	8.69568663536713	0.650003526983253	5.71871987731317e-06	6.88112725982838e-05
14234	chr5	135552483	135575679	10.7685449246323	10.5802711182306	10.9350608677036	-0.324369220104626	5.72128079245966e-06	6.88112725982838e-05
17421	chr8	122198073	122208079	8.93674331687283	9.24580587021351	8.5428966666815	0.588098091233195	5.74446422633198e-06	6.90463499376534e-05
11079	chr2	163568483	163587527	10.0846181607322	10.3002830910995	9.83094984786425	0.418320493677408	5.75321253302065e-06	6.91077345975942e-05
2871	chr11	69110150	69118672	9.33661839307526	8.98480501449591	9.61923784183505	-0.541878880220209	5.78815689177841e-06	6.94835102144608e-05
14243	chr5	135878983	135900996	11.0886934413229	10.8293757421349	11.3084251976564	-0.426643307658458	5.79523706011886e-06	6.95245285486699e-05
11551	chr3	60272109	60295665	10.4752560416679	10.1313863907591	10.7527349268264	-0.534469423501985	5.87827117934928e-06	7.04761267927164e-05
1245	chr1	180874183	180883335	9.02524584724168	8.70750043777071	9.28548504395293	-0.501078554309529	5.8912031543464e-06	7.05865812287502e-05
15485	chr6	142544783	142553459	8.8778297629157	9.11240840224768	8.59755984869875	0.45668515797077	5.90091231881481e-06	7.06583059298336e-05
10025	chr2	35555966	35599385	12.1842193524019	12.3504875920644	11.9962622469661	0.323837664980633	5.91820094792973e-06	7.08206404733659e-05
12470	chr4	45779758	45799936	11.0561641952885	11.2557573488855	10.8244553123761	0.388454528270649	5.96366428244142e-06	7.13197129278234e-05
3028	chr11	79582794	79600947	11.0126248731278	10.8088004241865	11.1911854422502	-0.347057297449119	6.06365080753812e-06	7.24697913578501e-05
11552	chr3	60296075	60319295	10.3491867298385	10.0432256735267	10.601477415253	-0.488207704943212	6.11996773322368e-06	7.30968329822858e-05
3499	chr11	113627704	113639993	9.79916530078805	10.0305855443584	9.52339627740081	0.449128721623151	6.13909350016282e-06	7.32791544274152e-05
3274	chr11	98956336	98965884	9.64325049310121	8.87830391473582	10.1405050117845	-0.878532238482455	6.18190685986608e-06	7.37438153949706e-05
1795	chr10	61934775	61940514	8.56710035823464	8.82237334749878	8.25673665494688	0.493194495107143	6.19927188712647e-06	7.38941434379716e-05
13880	chr5	100171448	100191618	10.1538316595634	10.3739897040527	9.89391957906338	0.426647310261421	6.20229572141255e-06	7.38941434379716e-05
435	chr1	74398226	74416658	10.7407793252692	10.5287589642524	10.9255961273168	-0.358580596516351	6.22860150151226e-06	7.41609961713935e-05
6421	chr15	59954307	59959641	8.12940701136134	7.75663449634265	8.4253687222916	-0.570978923788833	6.286621939439e-06	7.4804888895682e-05
14230	chr5	135263264	135267865	7.77338872505322	7.3973506105551	8.07140090761299	-0.573641014573487	6.30387451619815e-06	7.49631794755167e-05
18143	chr9	71729533	71733251	7.59327693830943	7.92941717569356	7.15423691403083	0.631108331375641	6.34813568342046e-06	7.54422461713444e-05
13514	chr5	32326001	32339365	9.62512288458451	9.37068123666299	9.84134613584538	-0.420454967672518	6.38440727740628e-06	7.58258233528747e-05
3093	chr11	83739031	83750686	9.67416701695864	9.40145784668073	9.9034304767004	-0.444225781453688	6.42246801849485e-06	7.62301566748054e-05
13797	chr5	76836642	76842506	8.42485086770814	8.70946555990981	8.06993474131468	0.547248240198024	6.42809451631954e-06	7.62492536407679e-05
8699	chr18	57333178	57351546	9.80448580586396	9.98924112445472	9.59254639109617	0.35959024270554	6.47191685066402e-06	7.67195397142728e-05
11773	chr3	96178946	96188006	9.09584176388504	8.80725919475784	9.33620979091947	-0.461708685354109	6.47582605101771e-06	7.67195397142728e-05
7832	chr17	30940624	30948929	9.25547367655073	9.50019259456466	8.96059008116227	0.474949232440884	6.53652999381725e-06	7.73903947302917e-05
9561	chr19	58243168	58256460	9.72447644986329	9.97724674410737	9.41780888696483	0.488087426754624	6.54320672738314e-06	7.74211474308009e-05
5616	chr14	46831792	46838655	9.07813044614762	8.68786297910456	9.38498978096178	-0.583534077509865	6.55374520090254e-06	7.74975265843797e-05
4223	chr12	103048445	103055485	8.75630476019859	9.01789656481721	8.43653786603337	0.502212553445819	6.57314648673171e-06	7.76785474294403e-05
1056	chr1	162191337	162202180	9.51207945375212	9.22978563786567	9.74807286684572	-0.455838465675364	6.59287410139195e-06	7.78631969945972e-05
9947	chr2	31406863	31432418	10.7990080176553	11.0439658116622	10.5037771282716	0.473723564447736	6.61324255790439e-06	7.8055180663226e-05
15414	chr6	128393153	128401152	9.0357401120141	9.26567709402906	8.76207659587249	0.445138445694696	6.66471019103423e-06	7.86137568151887e-05
16306	chr7	111970399	111975676	7.93801413548848	8.2160672697708	7.59326066351962	0.532662771314158	6.67471798746398e-06	7.86829022882478e-05
15278	chr6	118179205	118186840	8.4200383775213	8.77423712019249	7.94955862528843	0.665366170486113	6.6853096597384e-06	7.87588404917289e-05
2824	chr11	63157888	63175099	9.88448145636529	9.67541169978259	10.0670531714777	-0.35520386275995	6.69384751555924e-06	7.88105037207189e-05
7470	chr16	93234155	93241360	8.57664481527518	8.83798939766295	8.25724775018512	0.503435993159192	6.71303821873294e-06	7.89874472122334e-05
7126	chr16	30104379	30117842	9.48644450471896	9.72615772140896	9.19880622438349	0.462883636898909	6.76884776168704e-06	7.95521541019696e-05
13874	chr5	99913839	99935198	10.2067560938999	10.4182653651432	9.9588214771079	0.409532271827368	6.76941508375999e-06	7.95521541019696e-05
10290	chr2	72242688	72246974	7.82726164143556	8.14226204196897	7.42369688342633	0.599724342753396	6.77935738530163e-06	7.95983811884662e-05
8838	chr18	75570617	75580467	9.32070415506669	9.00397579285054	9.58026163163978	-0.499395138566506	6.7817367817983e-06	7.95983811884662e-05
16816	chr8	34052392	34056641	8.41166408879687	8.10598079188117	8.66376611046944	-0.489470258057754	6.81013841177762e-06	7.98823343121925e-05
7356	chr16	59405504	59409025	7.54276150648816	7.90998429485354	7.04892180243044	0.680430236656844	6.87680247243469e-06	8.06068582096748e-05
14213	chr5	134457527	134472600	9.7237711858095	9.45731763094272	9.94860090475462	-0.433428114110568	6.88039993148602e-06	8.06068582096748e-05
12040	chr3	122997752	123003314	8.48923578503532	8.76923692555998	8.14147748764969	0.537337056527707	6.89834826913149e-06	8.07672743984247e-05
34	chr1	13500664	13514229	9.69460907665415	9.43307335686047	9.91593005398617	-0.426470569414935	6.91403879832235e-06	8.09010742005918e-05
9523	chr19	56287934	56291693	7.43017379141122	7.78302474608512	6.96207807523285	0.656694401812142	6.96412633576401e-06	8.14369400655978e-05
18523	chr9	119007812	119016305	8.84366694290691	9.18988570721765	8.38721343031918	0.649667300837207	6.97256571894224e-06	8.14854216624414e-05
1761	chr10	60176879	60181146	7.4357537710579	7.75821435452706	7.01982835382576	0.614191401822377	7.04299297855727e-06	8.22578238400236e-05
6331	chr15	50890083	50897811	8.57080996978736	8.18093167861303	8.87742920881367	-0.584132224992803	7.05898377701979e-06	8.23938825978221e-05
14279	chr5	137643028	137648212	7.85961374746125	7.35884126291195	8.23063918500279	-0.69144335491822	7.09409711981729e-06	8.27528391130991e-05
252	chr1	52728605	52737328	9.26576301672365	8.99700415259201	9.49223047481096	-0.43733848623229	7.17976823047622e-06	8.37007501512336e-05
18495	chr9	117904442	117908593	8.04304911439894	8.33675932024907	7.67384854968534	0.561136765914659	7.21644374607443e-06	8.40766641232331e-05
5951	chr14	70601323	70609539	9.36120735212754	9.09182613581685	9.58811617546104	-0.437190553447694	7.27849610634169e-06	8.47475936210178e-05
15071	chr6	89127745	89135110	8.92557201448606	9.20080479796171	8.5851507568876	0.527147068690957	7.3407440406626e-06	8.5419976178869e-05
2447	chr11	20988791	20997558	8.59622673179679	8.29513600700475	8.84520045574801	-0.480155623702835	7.37970379172832e-06	8.58207097201053e-05
13288	chr4	150788022	150799427	9.36145350589723	9.08759706737163	9.59152654909668	-0.444748970497293	7.39819620281534e-06	8.59830776076132e-05
2703	chr11	54408333	54431550	10.5754199684972	10.309799684269	10.7996566122386	-0.433774620881894	7.41631341278975e-06	8.61408887768279e-05
12167	chr3	144275463	144284663	8.98034554190764	9.24953022565577	8.6491425884647	0.514876962426024	7.48020837691598e-06	8.6801350379828e-05
8002	chr17	45851148	45856220	8.40007159233796	8.67289592906932	8.06333290061714	0.52115858666037	7.48232305292157e-06	8.6801350379828e-05
5593	chr14	34607058	34611135	8.13543000041793	8.42063039415654	7.77960098101824	0.543952741227036	7.56623144140372e-06	8.77211402116074e-05
14253	chr5	136613068	136626378	10.3176800971901	10.0381782906116	10.5517209204335	-0.451676811787578	7.5804045904598e-06	8.78318063017927e-05
6315	chr15	38955500	38967371	9.21348996374154	9.45772671278425	8.9193069484217	0.47261647511959	7.76178945775797e-06	8.9878585795478e-05
1768	chr10	60521651	60528565	8.60353523379502	8.90258093993962	8.22584655011739	0.568281302107898	7.79419564272082e-06	9.01988043312185e-05
8558	chr18	37655499	37665449	9.23636285524054	9.44141598341617	8.99725859772728	0.398904011921334	7.84724984349503e-06	9.07574374038343e-05
16224	chr7	102498623	102505509	8.82428070552391	9.08912563614473	8.49963255605838	0.507892489094465	7.92254846897095e-06	9.15725014571252e-05
5926	chr14	67956195	67966684	9.3566961484857	9.56589781117412	9.11192850559407	0.40715364065969	8.05251015453309e-06	9.30180098739401e-05
11175	chr2	167984337	168004160	10.6218582826246	10.3814318535875	10.8278824526501	-0.399180307829694	8.06533191925876e-06	9.31094492065767e-05
11205	chr2	170405888	170418789	10.102001011801	10.3357301785616	9.82294399422785	0.450997673467504	8.09371336280276e-06	9.33802953876192e-05
1500	chr10	20537879	20552431	9.69177911879652	9.89739168803182	9.45191338242567	0.396206075301766	8.16356188930988e-06	9.41289435584521e-05
16216	chr7	101602002	101611197	9.36288686344103	9.04109643379962	9.62582948514568	-0.506011342746268	8.18938197450516e-06	9.43693263473791e-05
3587	chr11	117971876	117985825	9.78105500536996	9.53674024292726	9.98992596124941	-0.405512532091682	8.22099345339358e-06	9.46761133203622e-05
12204	chr3	149249089	149254477	7.94601774495554	8.28830288282889	7.49640020457405	0.6380175753103	8.22883712871826e-06	9.47014281556784e-05
11465	chr3	51563106	51572148	8.45759033795522	8.06981577270174	8.76290990188823	-0.579527681129231	8.23317121328149e-06	9.47014281556784e-05
15139	chr6	97453339	97466651	9.78106514710449	9.51996418411259	10.0020749497143	-0.426487474543019	8.27266049498218e-06	9.50980154659399e-05
1513	chr10	21460080	21466703	8.5712694724797	8.27663175432267	8.8158192123542	-0.469158122621843	8.27824067092714e-06	9.51045579258633e-05
5750	chr14	56251630	56273517	10.3686067109994	10.112278250172	10.5861900154659	-0.421776244355644	8.32009438708723e-06	9.5527568888402e-05
7132	chr16	30222141	30229323	8.65025476477372	8.3233445179571	8.91660107239073	-0.513106450122376	8.34051430324343e-06	9.5694678235748e-05
18260	chr9	89733514	89740410	8.86772327587907	8.56215270879191	9.1197487101687	-0.483923621894607	8.34473325676605e-06	9.5694678235748e-05
17491	chr8	125893217	125901165	9.33310239351135	9.56725308387248	9.05344373148302	0.453980053359817	8.35029986313915e-06	9.57006890715688e-05
7988	chr17	45296854	45310178	9.93673596006821	10.1473076072575	9.69008959311778	0.408015140290497	8.39271497491082e-06	9.6128749250955e-05
13138	chr4	136748762	136758820	9.13634893281706	9.37941500215372	8.84386450024603	0.466469453672993	8.42397629190963e-06	9.64286164319378e-05
5794	chr14	60067080	60071791	8.28105507862479	8.55985066289866	7.93515758403359	0.531891018256391	8.44792199394344e-06	9.66444312978014e-05
11993	chr3	115653323	115661005	8.64907218371036	8.26324309740686	8.95318710405245	-0.580363090536477	8.45898924811946e-06	9.6712745144614e-05
4648	chr13	37352488	37375288	10.4197885428263	10.2180903319869	10.5967158027033	-0.343737239290379	8.56909980388791e-06	9.79052807840161e-05
6885	chr15	103164679	103187887	11.623955592647	11.3447452811425	11.857792188448	-0.45100027551199	8.57579607554491e-06	9.79052807840161e-05
12816	chr4	109399644	109414418	10.3849798809823	10.1492026304083	10.587582712737	-0.391373640652349	8.57877032213598e-06	9.79052807840161e-05
8320	chr17	86462996	86477756	9.57409288189246	9.80424014815049	9.30013118327339	0.444678279304154	8.69256912119877e-06	9.91443926389612e-05
6209	chr15	25608489	25616098	8.86266805746526	9.10703027061692	8.56830280104884	0.473648900354131	8.70073964813824e-06	9.91779806498593e-05
12738	chr4	102960829	102980027	10.1072918228955	9.79793830283246	10.3618818739902	-0.488288871966705	8.72495007160571e-06	9.93942541470617e-05
9789	chr2	20959925	20970237	9.55130913184769	9.23913158863285	9.80780636539529	-0.491575694285791	8.78111947250883e-06	9.99741250562358e-05
12947	chr4	123588812	123640914	11.8302270995134	11.6217904358693	12.0123160453818	-0.352594274370462	8.87378391611009e-06	0.000100968552124612
4859	chr13	53111355	53116889	8.45271718401147	8.73180585021926	8.10636767472875	0.532663209955008	8.98670942317013e-06	0.000102192185825252
14132	chr5	120696747	120706884	8.87570826265428	8.54990777197588	9.14131850323669	-0.509656902265524	9.00958906443125e-06	0.00010239101248733
11640	chr3	84466656	84486768	11.1066017143358	10.8436208962322	11.3289558575034	-0.428854603202354	9.13934676734226e-06	0.000103803508256965
4918	chr13	56456034	56493471	11.4584463144044	11.2687949465297	11.6260385722274	-0.325675131582334	9.25941682646111e-06	0.000105104349252037
14226	chr5	135017325	135031903	10.0159264299404	10.2389299529736	9.75203604662553	0.430493824752044	9.33883420409662e-06	0.000105942459270502
15506	chr6	145575728	145582949	8.78923783361607	9.06970340357265	8.44076162274258	0.535027463158613	9.35573753229748e-06	0.000106070813993712
11142	chr2	166266954	166282925	9.76422791282351	9.96330266455829	9.53321777408934	0.385076629696389	9.45562560897239e-06	0.000107139294586679
7782	chr17	27641510	27649950	8.86466091328963	8.54974461659409	9.12300178247412	-0.490927807629099	9.50452137836997e-06	0.00010762906398573
7673	chr17	17650801	17666809	9.91779754424202	9.65180961060223	10.1422959324526	-0.43207318878429	9.52236553723279e-06	0.000107766830966691
2444	chr11	20915761	20939705	10.6465429944741	10.4299001968084	10.8348607671151	-0.363982135234957	9.53236777346969e-06	0.000107815737766795
11631	chr3	84180297	84196303	10.7489395199981	10.5040859834594	10.9582038845285	-0.404346609678088	9.65467980791135e-06	0.000109134108442138
8840	chr18	75707075	75715403	8.79521324064519	9.09695927013073	8.41319751861319	0.571978348610572	9.75130268374158e-06	0.000110160698592102
12881	chr4	118533608	118540626	8.8983209479572	9.15670400249005	8.58334188228631	0.495752635710228	9.90108634538413e-06	0.000111786268738278
3121	chr11	85616922	85628301	8.79503191377342	8.50737043471912	9.03476122614856	-0.4614725696346	9.96491099549844e-06	0.000112439979657292
9674	chr2	9381591	9388839	8.33257794994307	8.01663420429552	8.59160895425648	-0.497715164259373	1.00263814417674e-05	0.000113066365646645
18487	chr9	116265407	116280907	9.76921270708883	9.4850514041299	10.0065085684865	-0.455723066046096	1.0079052703741e-05	0.000113592839230582
16377	chr7	118545324	118554778	8.36553748801883	8.63298198944184	8.03696886942204	0.507997620290583	1.00916841624693e-05	0.000113667699536798
15295	chr6	119412965	119419461	8.87599409301891	8.55829751255606	9.13620057830452	-0.497904877712829	1.01199061980693e-05	0.000113917971371979
15444	chr6	134625803	134634250	9.39041604175016	9.10736411709406	9.62693853050111	-0.452143977791078	1.01371651124764e-05	0.000114044609762709
18163	chr9	72824667	72827780	7.50650545713841	7.84442237482962	7.06441972960613	0.630322607981218	1.01651494556557e-05	0.000114291689288442
17812	chr9	48647460	48651617	8.37454116899942	8.67271410291079	7.99824653121386	0.565881876157271	1.01732338022948e-05	0.000114314863430286
1230	chr1	180283421	180288742	8.51232240061938	8.09836224496586	8.83360370295291	-0.60147370534972	1.0189142443065e-05	0.00011442587835913
13011	chr4	128958184	128965345	9.29865202788741	8.96004306019848	9.57270082052804	-0.520907394824294	1.02511294925303e-05	0.000115053924682869
15474	chr6	136982217	136999531	10.1592667867439	10.3435613721725	9.94793369753633	0.356332835620868	1.02949961148856e-05	0.000115477973560529
12696	chr4	98337472	98341663	7.85156984239959	8.1382167849411	7.49348211628982	0.545021462640919	1.03516055448223e-05	0.00011597594607224
16683	chr8	11185180	11192508	8.95700791823876	9.20427807982804	8.65840784294263	0.472322986837309	1.03516124477777e-05	0.00011597594607224
7034	chr16	21676188	21697394	10.6900850451094	10.4817600433861	10.8720888036883	-0.351217415544678	1.03975944891814e-05	0.000116422386908657
917	chr1	152191592	152202752	9.27635977365311	9.5804958247096	8.89049659818701	0.574546824419058	1.05771281632873e-05	0.000118327727178801
10217	chr2	68856739	68862476	8.38125370916999	8.04002437008925	8.6570136300748	-0.526801682208315	1.05844098652141e-05	0.000118327727178801
678	chr1	120198750	120206607	8.91547905521526	9.17578341807596	8.5976363626861	0.499927377374013	1.05864629722116e-05	0.000118327727178801
6420	chr15	59918558	59930007	8.99438211779132	8.71534883482733	9.22809464950088	-0.449616562799139	1.05949846987751e-05	0.000118353275219572
12143	chr3	138689661	138708210	10.1118557405343	10.3213106762761	9.86674109105897	0.403997960163559	1.0607041415236e-05	0.00011841825824692
7662	chr17	15355683	15366929	9.53770333925622	9.74205085417379	9.29955852834272	0.395210283485766	1.06592088088856e-05	0.000118864577290739
12565	chr4	57658985	57701045	11.2430540387242	11.4168714749123	11.0453889207105	0.336320602999974	1.06595453158142e-05	0.000118864577290739
2303	chr10	127502084	127517250	10.4153741360368	10.1242340863805	10.6575119910037	-0.464761046062201	1.07464681004885e-05	0.000119763486834511
15935	chr7	67788851	67817419	11.0475387162393	11.2339425392202	10.8334261884445	0.360019418597542	1.08096460940465e-05	0.000120396873954758
10181	chr2	61528726	61552885	10.7882004973974	10.5290843828256	11.0077876094577	-0.423197114591174	1.08542016173643e-05	0.000120822224337805
7413	chr16	90851744	90864464	9.44824830783982	9.68033548426399	9.17153085632212	0.44757507198849	1.08613417093396e-05	0.000120830834877817
3895	chr12	54553936	54559031	7.98069596304118	8.27465148050022	7.61110691756129	0.56210493177487	1.08836666048452e-05	0.000121008265081053
18094	chr9	67828431	67836822	9.5999123351183	9.35056167441581	9.81245057544533	-0.407624363322298	1.09651023925146e-05	0.000121779096614704
18076	chr9	66253080	66263886	9.22824197824021	8.95130557804705	9.46048301290236	-0.448296239513641	1.09658293964134e-05	0.000121779096614704
8265	chr17	83926930	83944261	9.69426108051446	9.40248355065796	9.93683925894787	-0.465991369174456	1.09883286842216e-05	0.000121957596548446
11547	chr3	60085549	60093896	8.72804471585595	8.3907203696139	9.0012527588105	-0.52025390260837	1.09968426259375e-05	0.00012198075756731
11554	chr3	60353069	60364749	9.24641305186164	9.52666126443204	8.89827290456517	0.533460418867878	1.10204072955627e-05	0.000122163674331496
11421	chr3	37063370	37075561	9.23938693556049	8.94523132852518	9.48360481302067	-0.468605342275443	1.10262065509169e-05	0.000122163674331496
2751	chr11	59069210	59077761	8.29145675164941	8.63505387091582	7.839564879071	0.640009753073285	1.10448898130828e-05	0.000122299278741247
5416	chr14	14500433	14511622	9.2637812465346	8.97846761705596	9.50187935312352	-0.4601946648011	1.10727028868011e-05	0.000122535759818425
17308	chr8	115762915	115784625	9.98376551663889	9.72495288756064	10.2031348013671	-0.42483299290634	1.10837721881464e-05	0.000122586778763887
14117	chr5	120228081	120231940	7.49336786377692	7.8380786613988	7.03954097466807	0.64237892386331	1.11044330673949e-05	0.000122743759572561
18561	chr9	120868360	120872211	7.98986086730169	8.28168583864619	7.62364011618478	0.55676950497574	1.11157142406033e-05	0.000122796938633534
2277	chr10	122554400	122571420	9.98938125111894	9.76284047985767	10.1851297823093	-0.37769012474509	1.11296878780277e-05	0.000122879782569568
14054	chr5	114589356	114603639	9.85268013027509	9.60598910030743	10.0632843086659	-0.407066970101113	1.11438522947769e-05	0.000122964635292192
1414	chr10	7576818	7584893	9.871071809876	9.61014929779184	10.0919538406746	-0.425456201991895	1.1196776866987e-05	0.0001234768321665
9946	chr2	31363337	31368427	8.1051124672018	8.40031604544509	7.73354431930055	0.556396488176762	1.12135410606782e-05	0.000123589893025907
9414	chr19	44605256	44614156	9.13072467709772	9.38939911208556	8.81531193207505	0.492113341329407	1.12458269000897e-05	0.000123873794972027
18307	chr9	96961960	96984189	10.3896004306924	10.593418363326	10.1521749841496	0.392859198244379	1.12789730843068e-05	0.000124166838844002
12534	chr4	53438026	53447698	9.24983644526586	8.9069167257583	9.52669747953481	-0.523846805482474	1.13600588630798e-05	0.000124986989659358
13638	chr5	43810026	43817380	7.95812399816843	7.57978427477793	8.25757683221078	-0.569846022623358	1.13981117859503e-05	0.000125333003236124
2371	chr11	5601452	5605821	7.98665870666203	8.29274053820579	7.59765089478227	0.572936579874765	1.14660563034422e-05	0.000126007112092084
11557	chr3	60686645	60718098	11.165536499164	11.4172282044169	10.8604569789778	0.481857890579826	1.15113541586893e-05	0.00012643170751028
10774	chr2	128203873	128291066	13.0183956497423	12.7580923904609	13.2388340817659	-0.424496659002158	1.16534800949139e-05	0.000127918680579162
10178	chr2	61379462	61390426	9.2968797598074	9.00869689685928	9.53697070202146	-0.458811494381936	1.16798432258459e-05	0.000128133956406548
14185	chr5	124085472	124090629	8.10753414095102	7.64566676079664	8.45684746393709	-0.646341814102577	1.17370424849572e-05	0.000128687076442521
12842	chr4	116170117	116186520	9.91956380645848	9.70449284579659	10.1066933021364	-0.36081170827179	1.17534005530771e-05	0.000128792026037442
1483	chr10	19432549	19491293	12.1188293146009	11.9119088426815	12.2997605587752	-0.349639085231992	1.17923758546169e-05	0.000129144547804255
11090	chr2	163934889	163945832	9.74810822621854	9.95577437467423	9.50544128751415	0.400466587886891	1.18411800036706e-05	0.000129604241804882
12975	chr4	125168537	125172950	8.09428847012831	8.42147739730017	7.67044006054146	0.612543603417183	1.18713709795709e-05	0.000129859798167883
16655	chr8	3488913	3496982	8.72317965942659	8.42635714094688	8.96923096839607	-0.468804408189836	1.19832189224241e-05	0.000131007783369059
10155	chr2	60273214	60286814	10.2753422486915	10.0270423178235	10.4871171425511	-0.407171234888407	1.20748648132093e-05	0.000131933712889982
12493	chr4	46864992	46872777	9.07857518896495	9.30212132906124	8.81392402528501	0.428024292664676	1.21156091968286e-05	0.000132302731269626
4666	chr13	38086388	38093580	8.70339310650204	8.94569637788833	8.41201363035739	0.465652072820073	1.21484853241494e-05	0.000132585453115026
17285	chr8	115120753	115128450	8.57703474457196	8.25320412692488	8.8413361065011	-0.502314190977451	1.22679452053322e-05	0.0001338122598
2188	chr10	116843181	116866635	10.6173157625045	10.8140225557996	10.3894898711406	0.379740895910095	1.22811152199572e-05	0.000133878969419625
532	chr1	88319442	88327070	8.34892635381543	8.60612679541585	8.03570520856638	0.488922100452676	1.23224503767794e-05	0.000134252460218655
17420	chr8	122188289	122197720	9.05949611701897	9.38062328999974	8.64579250029339	0.602634007121713	1.23776202926961e-05	0.000134776164965622
7845	chr17	31440936	31474871	11.4178450748794	11.5879757069804	11.2249355715878	0.329280423002334	1.23957359290061e-05	0.00013489602763567
10067	chr2	43677203	43680337	7.40635618481322	7.72008313482325	7.00488450284315	0.594050409456127	1.24631764983032e-05	0.000135552221639712
14398	chr5	146927805	146938776	9.44027200437282	9.64658402573192	9.19945323257225	0.396755457297074	1.25555452794298e-05	0.000136478633366723
15289	chr6	119253049	119260170	8.2973111423571	8.55644424938943	7.98121528585138	0.492599437369098	1.26598281404854e-05	0.0001374887776739
10078	chr2	45207854	45227012	9.86717076771706	9.60876109959539	10.0862507047197	-0.422150606523024	1.26629634529731e-05	0.0001374887776739
15978	chr7	75895253	75909383	9.81195446004615	9.58035475746075	10.0114666410288	-0.383758939618352	1.27236206252345e-05	0.000138007617764113
10484	chr2	93850859	93869967	10.4991266734909	10.6753286885541	10.2983708105248	0.340730954214367	1.27252927492069e-05	0.000138007617764113
1563	chr10	26185135	26192271	8.74294167133119	8.99341030807571	8.43965937018123	0.477119963082146	1.28208828639099e-05	0.000138964897700826
1024	chr1	161132510	161139339	8.80726029622865	8.50469347844985	9.05724130906574	-0.477437874065889	1.2837083721635e-05	0.000139061079881799
17105	chr8	86780510	86808599	10.5166055393145	10.3222337348164	10.6878721229415	-0.330014267319515	1.28815494881875e-05	0.000139463164709818
5335	chr13	112186137	112224167	11.368616604503	11.5427828443921	11.1705001204157	0.336304258199709	1.29560375025806e-05	0.000140189644105745
6537	chr15	76715434	76722803	8.87376052186852	8.6062935825068	9.09931072140339	-0.432718672229144	1.29719836611713e-05	0.00014028220963269
4158	chr12	91528366	91532651	7.805314554041	8.10826326309973	7.42136483931928	0.568741359563996	1.31811256866524e-05	0.000142462747384383
6302	chr15	38327641	38339107	9.20891389333543	8.93654817744391	9.437934776728	-0.444029663699087	1.31966093983966e-05	0.000142548918481599
9620	chr2	4422428	4433456	9.07869480782245	9.3063433006926	8.80826958216503	0.433927937754898	1.33452708513418e-05	0.000144072750561784
17225	chr8	105593300	105615354	10.4609500511971	10.1927540360394	10.687018062672	-0.4332739870497	1.33907461430092e-05	0.000144481507133697
1243	chr1	180830529	180845999	10.2367759105634	9.9890082534957	10.4481637454483	-0.405806043979325	1.34002754515907e-05	0.000144502174883944
762	chr1	132944684	132965060	10.512282069056	10.7112023582389	10.2814800135561	0.383029616248749	1.34648127107103e-05	0.000145115661803845
4623	chr13	34086909	34094012	8.52365543118671	8.13032231705115	8.83240241215021	-0.582575426927469	1.34835516096881e-05	0.000145235145289597
7748	chr17	26348888	26356458	8.71781472367138	9.01689315724271	8.34007372309281	0.563689737994919	1.35062513304795e-05	0.000145397132161753
3271	chr11	98772078	98786804	10.2483237157892	9.96026390360486	10.4883293304256	-0.457887202383257	1.36130105089577e-05	0.000146463336989517
18420	chr9	108447867	108458227	9.07197352163048	8.77127167211333	9.32068158755019	-0.474838736422319	1.37775274711543e-05	0.000148149401628917
14128	chr5	120471006	120479722	9.21802418954044	9.45381426735744	8.93602155148129	0.450563422098928	1.3904816701396e-05	0.000149433474618231
14439	chr5	149018863	149025821	9.02382960266841	8.71107717237181	9.28071431643368	-0.488291861833863	1.39429715959655e-05	0.000149758719818806
1978	chr10	80804954	80814533	10.137084623484	9.91847620519275	10.3268851716233	-0.364546436965388	1.40338967183615e-05	0.000150650071163904
5624	chr14	47074736	47099616	10.6171477184868	10.7970413660816	10.4115837571188	0.34755418514499	1.40499394204473e-05	0.000150737026716036
14110	chr5	119701334	119708934	8.70001657881092	9.00280775108597	8.31632043365448	0.566840337844716	1.41085506459413e-05	0.000151280329214305
2136	chr10	99451689	99460625	9.31906784212276	8.99153888773658	9.58582411077695	-0.506305828035499	1.41363379884499e-05	0.000151492692649797
2574	chr11	35077885	35090646	9.25932583163445	9.01090137871498	9.47119123987344	-0.409444911682349	1.42639677252683e-05	0.000152774178023627
16861	chr8	35997491	36007291	9.02486674365876	8.75125588094993	9.25476658572071	-0.439633835088564	1.42850687062654e-05	0.000152913885491377
2852	chr11	68316922	68327357	9.11318168743188	9.62378922195178	8.31569343146867	0.863588303522115	1.43239128039626e-05	0.000153243258797298
17979	chr9	60963282	60989181	11.106479949821	10.9165358305842	11.2743007040755	-0.323844620092382	1.44673739287401e-05	0.000154603969257347
17327	chr8	117037443	117049139	9.76049814711655	9.96339815847246	9.52431809613014	0.389417081929665	1.44673928763922e-05	0.000154603969257347
10451	chr2	92438494	92450792	9.29054211043986	9.01977543409538	9.51843231913637	-0.435707475704935	1.45049685587305e-05	0.000154918288281456
4177	chr12	98989264	99011774	10.4452188879729	10.6514686416305	10.2044850030319	0.396353628661659	1.45582290162747e-05	0.000155399678571359
17378	chr8	120685388	120689727	8.10453422197816	7.73915880447143	8.39582321830517	-0.547630214030963	1.45887482415579e-05	0.000155637916175676
3540	chr11	116012094	116017047	8.0784499616728	7.70311263471954	8.37602275578658	-0.55590043842637	1.47448591972723e-05	0.000157214990283725
4248	chr12	105933567	105939916	9.03945477633469	9.27031681446032	8.76447874689486	0.440801053376048	1.47884243016868e-05	0.000157590962842062
3930	chr12	70256636	70263209	8.25672651694465	8.53075195181586	7.91815326427084	0.516826518153633	1.48642444598848e-05	0.000158310042426573
12101	chr3	135393708	135402420	8.95322790364653	8.67861312431693	9.18383547666933	-0.440465736168983	1.50161225185999e-05	0.000159773788782516
2177	chr10	116298214	116306104	9.35324786061557	9.58128533658146	9.08227308507523	0.436411323863981	1.50185172658206e-05	0.000159773788782516
10817	chr2	130692647	130705913	10.2787900113397	10.0339139674374	10.4880708050414	-0.400677951969473	1.51778052603798e-05	0.000161325371892119
14010	chr5	112407053	112416371	9.51653961064731	9.74795828791218	9.24077281341339	0.441408881846707	1.51813643605735e-05	0.000161325371892119
6493	chr15	73701881	73720508	10.3484099611876	10.5285557714122	10.1425165399137	0.34702397696286	1.52184190188175e-05	0.00016162863713382
6762	chr15	96951445	96958005	8.802406295719	9.03190435180286	8.52936483688925	0.439479683632942	1.52434114669767e-05	0.000161803526975252
9522	chr19	55918535	55925339	8.65569420391381	8.90053612550279	8.36063179527224	0.468816472759205	1.53160318309616e-05	0.000162483492520861
872	chr1	138812865	138821878	9.23961023691504	8.99082162894274	9.45174027001643	-0.409946690527875	1.53586701657364e-05	0.000162844805070118
631	chr1	93993241	94005157	9.33950212565983	9.08073271916943	9.55884038088337	-0.418131378797526	1.54817374453112e-05	0.0001640580094777
3734	chr12	21475931	21494229	9.75449000319934	9.4987564300686	9.97164483081493	-0.414023227313734	1.55425467895496e-05	0.000164610488570793
4656	chr13	37645921	37652910	8.63108050928095	8.31907833023339	8.88745949398964	-0.487949639358034	1.56029515995251e-05	0.000165158069385045
15463	chr6	135398290	135407598	8.60993657492359	8.87026719277986	8.29205468462025	0.496401089541522	1.56391493194915e-05	0.000165448949238924
7638	chr17	12626516	12635702	9.31598488746532	9.53612978075804	9.05609115020475	0.423562251094976	1.5763802091663e-05	0.00016667476317419
1032	chr1	161506341	161517869	9.01237809518202	8.72668532544573	9.2507399202176	-0.457800827086035	1.58808312548337e-05	0.000167818650548713
13143	chr4	136937994	136947193	9.03500257248435	9.28364989779668	8.73438961144587	0.471648814531443	1.59506364187106e-05	0.000168462508954206
1214	chr1	179695304	179707443	9.35842535425047	9.61412264358388	9.04743344055014	0.486466374843048	1.59746070143311e-05	0.000168621839001663
2865	chr11	68730856	68751261	10.471801078289	10.6899812789769	10.214643196197	0.418631609358144	1.60565779845288e-05	0.000169263783689516
15416	chr6	128479922	128483213	7.65154873116036	7.9432997995446	7.28544458705391	0.552626644360797	1.60707277317463e-05	0.000169263783689516
3612	chr11	119086310	119106686	11.2933673211182	11.011953188497	11.5287462209917	-0.449789477771889	1.60729420477348e-05	0.000169263783689516
2671	chr11	52639945	52646989	8.49843201880134	8.77033227316372	8.16310214962584	0.511551458298039	1.60736889696159e-05	0.000169263783689516
4074	chr12	82071434	82076938	8.40095312873082	8.65627893932148	8.09051124418897	0.482524470478655	1.60800148581167e-05	0.000169263783689516
7854	chr17	31737225	31742440	8.33534617660395	7.9979341716023	8.60861162921172	-0.51764357654209	1.61629567818904e-05	0.000170042548095066
3238	chr11	96846141	96858676	10.5017628569028	10.2887593578741	10.6873259260588	-0.356892401095198	1.61748872594141e-05	0.000170073786867823
5368	chr13	114217839	114227869	8.91229286022318	9.16695971777227	8.60282578933361	0.485295265842577	1.61892378211819e-05	0.000170130423371102
15942	chr7	68130210	68142280	9.38358317905196	9.13506714444179	9.59551514889803	-0.40585215672732	1.62530629767412e-05	0.000170641858585983
13433	chr5	24720672	24737084	10.7646425759741	10.5275770518266	10.9681953684809	-0.390107819198127	1.62558870500794e-05	0.000170641858585983
4954	chr13	63641560	63652329	9.26117995859919	9.02928005758709	9.46091475339698	-0.383147797896691	1.63053953863209e-05	0.000171066942530118
5126	chr13	95435114	95448358	10.8370884986388	10.5049806530639	11.1068697176769	-0.511281741667497	1.63417687567686e-05	0.00017135382830647
5554	chr14	31572283	31580802	9.21258899297479	8.95810222593878	9.42884480275327	-0.415985080195571	1.63638940452624e-05	0.000171491079561036
11849	chr3	101604267	101623487	10.6604283446026	10.4231965947814	10.8641036030492	-0.391065898560366	1.65046308834659e-05	0.000172870524027207
9088	chr19	14059242	14080715	10.1536946805027	9.92176269008139	10.3534532666085	-0.382550727647501	1.66354013530438e-05	0.000174144115984235
10722	chr2	125462683	125467262	7.91218560068684	8.18747401035045	7.5716791055627	0.520953712945852	1.66597801879798e-05	0.000174303179816797
17188	chr8	95948194	95952184	7.75750296811835	8.05107721520236	7.38851763715894	0.54976620257845	1.67869050101739e-05	0.000175536457403906
12365	chr4	33605598	33610679	8.22990665678835	7.89618740991274	8.50074863027229	-0.510997764135906	1.70243237334282e-05	0.000177921057344016
14096	chr5	118337798	118348330	9.32899892272503	9.09131371625716	9.53300813853262	-0.392309464319325	1.70572478257439e-05	0.00017811779835683
15141	chr6	97481705	97514017	11.599400214748	11.7946277510356	11.3735573090409	0.375370029734036	1.7061918826741e-05	0.00017811779835683
18398	chr9	107313508	107334838	10.8248954212738	11.0150484037461	10.6058191116188	0.364992054257212	1.71788402215184e-05	0.00017923980679725
3750	chr12	25596400	25610057	9.96148215429247	9.73790313193532	10.1550165429611	-0.371410837243175	1.73614892584759e-05	0.000181045991558579
13678	chr5	63825004	63829208	7.98100409044889	8.27774923146218	7.60698529780379	0.557298266726076	1.73762950905957e-05	0.000181100881122689
2298	chr10	127234664	127265322	11.1931512291251	10.9941016516846	11.3680379258193	-0.336127292061532	1.75348219266207e-05	0.000182652791078669
5748	chr14	56207944	56235037	10.5612424829723	10.3180234699683	10.7693125463273	-0.399426975632831	1.76247941314642e-05	0.000183489285694492
4751	chr13	45230051	45236758	8.48749487412897	8.79589782746998	8.09472126565452	0.573622568486075	1.7761214297274e-05	0.000184808161265331
6501	chr15	74616365	74624121	8.41970174382048	8.69603583630189	8.07759137008692	0.520271766964552	1.7964131468319e-05	0.000186817123910809
14424	chr5	148587873	148592562	7.95359206154099	8.22798301303845	7.61445975085298	0.515694654781005	1.806029569779e-05	0.000187714322041816
17428	chr8	123114620	123141309	11.4790541925349	11.3032541067054	11.6357401879888	-0.302021145107882	1.80762949343907e-05	0.000187777778631528
2305	chr10	127592193	127596803	7.84039333186411	7.40273194524848	8.17572739952217	-0.621158860664902	1.81126886524806e-05	0.000188052909155049
12619	chr4	63998394	64009378	9.11935303702184	9.32904044488328	8.87391975296709	0.403774640635625	1.82632225880468e-05	0.00018951213859953
15398	chr6	127852147	127858246	8.32275237761761	8.57623435874372	8.01503536506472	0.478226879913867	1.83440210624068e-05	0.000190246544122087
13119	chr4	135620893	135636975	10.3520794489809	10.5444149267426	10.1300997245617	0.36855380547824	1.84084759691016e-05	0.000190754194585896
1248	chr1	180927419	180938866	10.4121471733313	10.1461921723468	10.6366221201099	-0.427491611899604	1.84130715254419e-05	0.000190754194585896
12854	chr4	117091081	117101023	9.89563847593361	9.56535630704026	10.1642155098359	-0.506935452242252	1.84680461278427e-05	0.00019121933849445
14416	chr5	148313894	148324897	9.44168848685203	9.68196245061655	9.15324162885995	0.457507213020952	1.86727071211201e-05	0.000193232992612726
7485	chr16	93930468	93938702	9.10271954709892	8.84664782335632	9.3201179700811	-0.414433374841969	1.88065876603348e-05	0.00019451238539809
17557	chr9	13947655	13964184	9.90425238523959	9.69045272923613	10.0904191354099	-0.358123680216625	1.8875371171494e-05	0.000195117467028205
4326	chr12	111308696	111311436	7.58222474276672	7.9000132767838	7.1740602255131	0.589535860682775	1.89491301060857e-05	0.000195773293567447
10030	chr2	35947514	35971105	10.7071846706454	10.8670215708739	10.5274072108791	0.308991224770914	1.90152754847633e-05	0.000196349789676455
4291	chr12	108508416	108520701	9.5379433472602	9.74822099259684	9.29170051550025	0.402133081621189	1.90398757812052e-05	0.000196474072616145
9725	chr2	13026760	13031314	7.89792669843648	8.19708103728808	7.52006434650305	0.562750989893953	1.90480158919704e-05	0.000196474072616145
3781	chr12	31395242	31410646	9.52549743186526	9.74897267994863	9.260945701909	0.425774306480282	1.91491390382578e-05	0.000197409836940301
11237	chr2	173582477	173588000	8.41243251629583	7.99594325496588	8.73523096770562	-0.596293019008876	1.91881078976179e-05	0.000197704180124262
2643	chr11	49924219	49946257	10.2237662181201	10.4288903917942	9.98456529621923	0.392263290345534	1.9431412739846e-05	0.000200102432115864
1700	chr10	44380504	44394781	9.68997452858444	9.46106339851436	9.88748938118811	-0.379904248354655	1.94445783408657e-05	0.000200129421003954
11855	chr3	101785150	101798721	9.37794896758498	9.08837007912688	9.61900709891942	-0.45787043829877	1.94567557346831e-05	0.000200146215224147
8869	chr18	78229807	78248477	10.4103171448411	10.6212907109851	10.1631188041733	0.403205094179384	1.95071732381574e-05	0.00020055614349241
14171	chr5	122663428	122676441	9.82468719211819	10.0747300689274	9.52202963528666	0.475074992691981	1.95354630649008e-05	0.000200738253117895
17697	chr9	40470060	40476796	8.72063754739794	8.40318455244724	8.98068082277339	-0.489608186502241	1.95645339284233e-05	0.000200824132403414
9969	chr2	32821738	32857116	11.5281519512771	11.3191966156576	11.710636441562	-0.349842973922371	1.95657450150152e-05	0.000200824132403414
10031	chr2	36020025	36033494	9.89015588428408	10.0872256971555	9.66184262704999	0.376112006205888	1.95755648319888e-05	0.000200824132403414
6354	chr15	53423218	53441368	9.89429006220744	9.66135004875918	10.0947955346325	-0.383420152583751	1.98606989753564e-05	0.00020363922520437
5695	chr14	54329877	54338628	9.34605769842158	9.11001229819907	9.54885838267435	-0.388411719867098	1.99117582717865e-05	0.000204052516328422
8598	chr18	38941139	38948801	9.07124157101483	8.75191253607948	9.33254066529296	-0.49161537425859	1.99814530359089e-05	0.000204656231607402
4343	chr12	112532096	112539711	9.00330157693067	9.27636494278644	8.66619809896063	0.513250341966702	2.01193864357287e-05	0.000205957839894118
12186	chr3	146308989	146327395	10.4912430513991	10.7003435299361	10.2466139994289	0.400108577541453	2.01861489575112e-05	0.000206529876584692
8000	chr17	45753552	45767059	9.03659284259049	9.34084023172689	8.65055002921686	0.568566334954676	2.02150630702864e-05	0.000206714268324874
9929	chr2	30597559	30611568	10.1234275353771	9.87210939020986	10.3373925590314	-0.407596573709958	2.02810714298252e-05	0.000207277573864649
11922	chr3	105859730	105888791	11.1897147062689	10.9684522662574	11.381511717024	-0.367222422084471	2.03484577487067e-05	0.000207854348553662
6078	chr14	105216621	105225957	9.0236662231322	9.24590281689224	8.76084994763289	0.423176984376424	2.04725150360367e-05	0.000209009070935418
1274	chr1	182084157	182089877	8.22621126964299	8.48885816389952	7.90486424702901	0.495848849017713	2.06172077101435e-05	0.000210373110285384
14437	chr5	148965977	148973983	8.873173287091	8.61514296093103	9.09198070915964	-0.417211316145835	2.0727617727494e-05	0.000211386059564809
17447	chr8	123739013	123746859	8.99011732501793	9.25384659514576	8.66714630576747	0.497720633117791	2.08799188988867e-05	0.000212824909120286
2198	chr10	117197395	117209154	9.51284960513664	9.73808808408469	9.24582126261403	0.429779486000544	2.08986054601832e-05	0.000212901037589273
8105	chr17	57035121	57048502	9.74800459584242	9.47224964035342	9.9794149412716	-0.4417281041964	2.10439263272435e-05	0.000214266458028302
15413	chr6	128381266	128388214	9.18915842569454	9.40198226056498	8.93941431048384	0.408023930318196	2.11093554886644e-05	0.000214817403656495
3086	chr11	83537196	83555520	10.4284150374865	10.1502372156057	10.6615276849713	-0.443616566636655	2.11545425041598e-05	0.000215161876841613
18448	chr9	110949910	110961404	9.83927199142867	9.62102132746531	10.0288029295812	-0.363754080258554	2.11699778113454e-05	0.00021520353984013
12602	chr4	62946528	62956868	9.20123290113533	9.46512878081651	8.87801163018898	0.497296262293755	2.1326420730917e-05	0.000216677804631732
6715	chr15	88940456	88944941	7.81745527246087	8.09040146674539	7.48053063101576	0.513876080549441	2.15592570331117e-05	0.000218926238219062
9673	chr2	9330065	9336662	9.01068608789294	8.73158024177361	9.24444947601402	-0.44578005373917	2.15880201630001e-05	0.000219101088060738
5549	chr14	31276832	31299255	10.5054204511461	10.7397461256049	10.2255119073567	0.446152544006372	2.17232284552715e-05	0.000220355506602136
7760	chr17	26722207	26731044	8.64219024869475	8.34349486703417	8.88952568942306	-0.468192839327576	2.21074806846041e-05	0.00022413348072281
18218	chr9	80035806	80046725	9.18745404617543	8.94483046242878	9.39508846344537	-0.398324382503762	2.22419222426019e-05	0.000225376103706535
9992	chr2	33713279	33721554	9.12009335166778	9.33742901924049	8.86410875584073	0.412792499422917	2.2274121419428e-05	0.000225581937256843
10759	chr2	127497621	127506131	8.71427986623776	8.42177699105421	8.95735865891011	-0.462354843502195	2.23774548500989e-05	0.000226507581653348
15886	chr7	49353442	49361129	8.61583102156106	8.85591647351234	8.32765607664716	0.454661458493508	2.24089732721922e-05	0.000226705705614572
14459	chr5	149563529	149568272	7.79884515966074	8.09138998494771	7.43148778850373	0.54826211286848	2.24923705214989e-05	0.00022742818333912
14931	chr6	72739626	72756604	10.2554963535894	10.4488515032325	10.0321566260132	0.370242321401556	2.25920122776339e-05	0.000228314058049635
534	chr1	88402656	88409909	8.48621614473355	8.80487215146952	8.0766156879341	0.586324153553747	2.26404132894827e-05	0.000228681428324157
943	chr1	153067726	153080107	10.0382927898693	9.79298107488755	10.2478915128123	-0.398889041304132	2.27354586876848e-05	0.000229519292783814
3932	chr12	70289962	70298043	8.63100160662316	8.91853518797032	8.27152657068454	0.537147136109294	2.27951687081561e-05	0.000229994868574458
3651	chr12	3993568	4020138	10.8452627389596	11.0226086508166	10.6430200558866	0.339868363754237	2.28068045027203e-05	0.000229994868574458
13736	chr5	72205896	72215313	9.46817766645381	9.74380285002536	9.12715494570088	0.518092480607295	2.30603125151399e-05	0.000232427865759342
12740	chr4	103013041	103033399	9.7962770520453	9.58548401492592	9.98016097695645	-0.350598592643273	2.30755270677021e-05	0.000232457764446878
1451	chr10	17956545	17973924	10.0644217272738	9.79230041663355	10.2932699311177	-0.435325759526952	2.31208897837243e-05	0.000232791176236236
15613	chr7	19011549	19024466	10.0063754289767	9.80622388619313	10.1821119088652	-0.33628252574615	2.3162239266605e-05	0.000233083848908217
17849	chr9	52676868	52681767	8.18513856570702	7.74413273163572	8.52242621781501	-0.623164616985781	2.31886161205591e-05	0.000233225620218384
17985	chr9	61430161	61525349	12.9172527752047	12.7171952423608	13.0929168039473	-0.337259726558016	2.33550538346483e-05	0.000234775194241414
3431	chr11	106931148	106941359	9.62227596296905	9.36414550016771	9.8411553340198	-0.415074382042804	2.34730562913332e-05	0.000235832598451972
3077	chr11	82842206	82849147	9.16489318113048	8.93624896127612	9.36220939302487	-0.378389688839652	2.34850946348189e-05	0.000235832598451972
17072	chr8	84009633	84015932	9.12917218509823	8.78602210791962	9.40618310943247	-0.516443127700216	2.35347035647239e-05	0.000236205784746111
1540	chr10	24245840	24255115	8.57712558289764	8.26413735085449	8.83416915490359	-0.485183115378092	2.36980386183063e-05	0.000237719384216086
13108	chr4	135039106	135052011	9.95724226529734	9.73080678282176	10.1529122208265	-0.373614582104452	2.38752920430766e-05	0.000239359327212417
12882	chr4	118570401	118574662	8.26759737892925	8.54232371001755	7.92795178950853	0.519543694260877	2.38867467063764e-05	0.000239359327212417
2603	chr11	44423484	44429887	8.6068043876652	8.84610006617719	8.31976768459741	0.45500696527483	2.40319685751498e-05	0.000240687457302253
7221	chr16	35272397	35278035	8.30537897638051	8.57309032172537	7.97640692050249	0.504231639487095	2.41379889590665e-05	0.00024162177872053
7152	chr16	30880523	30888410	9.43980093396403	9.65602603138621	9.18535672772432	0.41131165108742	2.45434396989244e-05	0.000245550839244009
18565	chr9	121001158	121008550	8.49576980024335	8.80832516467216	8.09621946040889	0.580300275405348	2.46384715555478e-05	0.000246371734274363
5680	chr14	52124644	52130562	8.43178243353932	8.15679131103496	8.66265510087835	-0.43934984069597	2.48273526068891e-05	0.000248129713073274
18520	chr9	118897732	118909203	9.34071206046985	9.55168911999077	9.09350892058741	0.402560037811301	2.49855259692127e-05	0.000249579103878783
2987	chr11	76783609	76796354	9.30135679280614	9.05593017847812	9.51103933542168	-0.399657116315111	2.5060740835803e-05	0.000250198737676331
8785	chr18	66023700	66035916	9.5685158651427	9.75571822377343	9.35334860883951	0.358105648193571	2.51122563251872e-05	0.000250581237011424
13239	chr4	148839936	148849638	8.80644787875401	9.09693624925904	8.44233369309833	0.541444251950362	2.5133635101116e-05	0.0002506627748734
18331	chr9	100354522	100359801	8.3926534680548	8.66257371341259	8.06033459628089	0.505189741677733	2.52220566439802e-05	0.000251412506851943
731	chr1	131854219	131865929	9.56602480355425	9.33986832575735	9.76148649305761	-0.373435384740382	2.52432416969468e-05	0.000251491592738244
17445	chr8	123702145	123717115	9.59824046166819	9.87729202855767	9.25194818286474	0.521752469061126	2.53618405273473e-05	0.000252540593582646
14941	chr6	73115128	73122918	8.83462923438296	9.08302166640557	8.53438918652113	0.472359112325647	2.53785928949011e-05	0.00025257488964464
12861	chr4	117291753	117303954	9.45253634990433	9.69431642532153	9.16191392662108	0.457190698145691	2.54717288143482e-05	0.000253368941911695
10464	chr2	93012764	93019606	8.9376900764937	8.66398555171741	9.16765598301321	-0.434059505783496	2.56107538432393e-05	0.000254618385118302
2668	chr11	52554763	52561006	8.37434868008222	8.61918634556701	8.07929245926641	0.462645676983632	2.57678396173944e-05	0.000255984923743382
4514	chr13	21601247	21615802	9.5108571786544	9.29012634336166	9.70225480999969	-0.366877709940553	2.57751825319354e-05	0.000255984923743382
4528	chr13	23765756	23774808	9.42999889823069	9.17514390111332	9.64652036192355	-0.410718383657647	2.58207124263698e-05	0.00025630298176782
15879	chr7	49096428	49103578	8.62967018280969	8.88799070313751	8.3147841622186	0.485307945334345	2.61343316386355e-05	0.000259280439189578
3444	chr11	107866688	107872765	8.7488391800536	8.98416226690954	8.46750489933867	0.445071125140245	2.62498857932909e-05	0.000260290795439325
17982	chr9	61300388	61331243	11.5829766799678	11.3966235730055	11.747988883931	-0.31642336303869	2.6267751036673e-05	0.000260331930509147
12124	chr3	138063081	138074664	9.50202184523326	9.71872572534118	9.24691390206769	0.412395326044452	2.65083344565451e-05	0.000262579164744661
17577	chr9	14716719	14737352	10.2819561694261	10.0503437411747	10.4814777888348	-0.379602205685393	2.67107845658655e-05	0.000264446520748859
15494	chr6	143117929	143129841	9.26696600629532	9.04257092052093	9.46111126031142	-0.369359593440088	2.68591639049448e-05	0.000265776888296115
694	chr1	127196608	127203020	8.27950897820571	7.95983304144103	8.54103998969848	-0.491682106798546	2.68993332844977e-05	0.000266035667746994
14075	chr5	116080731	116084158	7.86359042962159	8.13103355172023	7.53502389591755	0.501930390514402	2.70559639551433e-05	0.000267445385367013
15424	chr6	128978093	128991512	9.73669036299803	9.47573626136248	9.95759501406118	-0.419166722571065	2.71065127367578e-05	0.000267805572738639
13095	chr4	134626232	134685268	12.2338332823332	12.4020858889201	12.04333558162	0.322647078727326	2.71721046957679e-05	0.000268313930812164
5497	chr14	26307021	26310567	7.68639909871989	7.99555851572781	7.29239476149784	0.576044494905464	2.7285475216382e-05	0.00026929330948087
7471	chr16	93252135	93282760	10.9337656132334	11.1073960608472	10.7363423629407	0.332053818893053	2.73373456063489e-05	0.000269665011571151
14618	chr6	38092460	38098626	8.40404350571859	8.68708500339158	8.05157472437615	0.528225744345466	2.7396156442605e-05	0.000270104754869714
17406	chr8	121696770	121711125	9.41490549131097	9.67415732698076	9.09863272123187	0.4860885421875	2.75047761070555e-05	0.000271034862791177
3063	chr11	82380873	82399596	11.0433232361827	10.8329465746191	11.2268903605082	-0.351079537579167	2.75752879415948e-05	0.000271588681807746
4128	chr12	86346089	86355526	8.98741014860538	9.2432003139143	8.67628066338929	0.480332249957392	2.778094736606e-05	0.000273472302935919
1146	chr1	171249660	171264529	10.4935806915431	10.2801465787974	10.6794703435673	-0.353912510409341	2.79350661611313e-05	0.000274846874376418
6439	chr15	63286498	63296245	8.89000347556285	8.6145492941487	9.12120215769282	-0.435260910779015	2.79967140646908e-05	0.000275310692349102
17223	chr8	105498451	105520297	10.8754692684471	10.6423888463742	11.0760787034192	-0.381626196334874	2.83351886371175e-05	0.00027849484471458
3492	chr11	113197274	113203413	8.99962434534334	8.71248583082745	9.23899070910834	-0.451579934481624	2.84250259633788e-05	0.000279233213125758
18033	chr9	63770331	63781788	9.46720164928916	9.22207167425062	9.67666776841839	-0.396874527013538	2.87185256611081e-05	0.000281970459659685
9498	chr19	53844834	53859910	9.84873709967172	9.60059227067726	10.0603992319808	-0.402273323762656	2.89317057294794e-05	0.000283916671685517
14657	chr6	41034196	41045609	9.17307740156177	8.93178988257575	9.3797331522602	-0.390630703681919	2.90008675316364e-05	0.000284448302265079
15928	chr7	67164852	67176616	9.17103125553435	9.39110155143169	8.91124155886301	0.416227647063635	2.91642200598945e-05	0.000285902754399141
14301	chr5	139037566	139052728	9.85213022417175	10.08076297881	9.58031375457258	0.4332914518292	2.92507773815185e-05	0.000286603254477976
15817	chr7	45017807	45022417	8.20730069324926	7.86889042084373	8.48121952620106	-0.512167670079064	2.92829922593803e-05	0.00028677085144003
7499	chr16	94735034	94760975	10.5523962491215	10.7460882670665	10.3286067249034	0.369046546993957	2.9365486323e-05	0.000287430409966074
11646	chr3	85157961	85161245	7.62084966237421	7.94490294391278	7.20226321374476	0.592673764730685	2.93949385443492e-05	0.000287570380738765
15334	chr6	121406093	121415836	9.36036362137691	9.57898205964935	9.10259626085854	0.414192495010022	2.94537284627337e-05	0.0002879970698064
9526	chr19	56342121	56351007	8.87837449118409	9.13281500809147	8.56924199981119	0.477062272285264	2.94889578142527e-05	0.000288156006976656
4836	chr13	52016151	52026365	8.87077611110502	8.44699644241729	9.19792419252108	-0.601859018875283	2.95003488885422e-05	0.000288156006976656
12442	chr4	44109834	44117780	9.31466526802977	9.05647345513672	9.53358871537539	-0.414302435597266	2.95256830384616e-05	0.000288255112338972
15682	chr7	27650957	27667090	10.2737939896128	10.0415645263353	10.473773080275	-0.381384483417232	2.96105588391271e-05	0.000288935113731513
10412	chr2	85188930	85195317	8.47093600806356	8.73751990144647	8.14366725382065	0.497445063493581	2.9795703723394e-05	0.000290592323209812
10975	chr2	154548123	154553336	8.981618134333	8.72013530795222	9.20290126209944	-0.421132951369442	2.98285753490216e-05	0.000290763498484376
4659	chr13	37697038	37715803	10.1276010569122	9.91724942414355	10.3111491328737	-0.351422931591306	2.98843332951265e-05	0.000291157475158216
7816	chr17	29314149	29323037	8.99466404261416	8.71297530465612	9.23023483965047	-0.448588646847316	2.99937011334093e-05	0.000292073090718818
8614	chr18	39891754	39913780	10.6380328909209	10.3747500592825	10.8606027330739	-0.42192022455578	3.00359294971335e-05	0.000292334310731332
16790	chr8	26825904	26834616	8.86733870468431	9.11189071080258	8.57269769332006	0.458367038102015	3.00871061055857e-05	0.000292682309983553
17074	chr8	84047003	84053628	8.39325407422741	8.0092189556032	8.69625583260931	-0.55959750290292	3.02373856743764e-05	0.000293993515734626
12559	chr4	57086726	57096491	8.92225951089737	9.147749363946	8.65487749800494	0.428313734709793	3.02591064334879e-05	0.000294054060932497
13461	chr5	28454412	28470244	11.1134649790951	10.9177089633348	11.285804969552	-0.329367631978271	3.05092261654176e-05	0.000296332959771474
8640	chr18	46383080	46391128	8.5862448173362	8.30586800807685	8.82089826420538	-0.442053099957703	3.05628371803662e-05	0.000296701834703924
6298	chr15	38165701	38189327	10.8069383140592	10.6235673570162	10.9696086665554	-0.311606008492058	3.07280005675095e-05	0.000298152721252947
12170	chr3	144662790	144682691	10.3541760235907	10.5648229322306	10.1074263244101	0.399750931886979	3.14593848324167e-05	0.000305093339159139
12667	chr4	89346785	89418941	12.6489730617236	12.3864216830038	12.8710203646528	-0.421042730307196	3.15197225932126e-05	0.000305522377475271
6035	chr14	78768263	78785374	9.87833766783964	9.67807010910731	10.0541635468408	-0.337625326181044	3.16060619667357e-05	0.000306202884158589
11220	chr2	173103955	173111244	8.6901072090253	8.94917873733552	8.37410309463868	0.485604043792654	3.1839726011265e-05	0.000308309265289693
6085	chr14	118079982	118087716	8.81216118020697	9.09025980552162	8.46733765525185	0.519699859326325	3.21124888283766e-05	0.00031079190488208
11072	chr2	163320991	163330149	9.21428056616713	8.96525157321427	9.42658521948744	-0.400883046686107	3.2161346300242e-05	0.000311106111841128
11657	chr3	86160903	86166070	8.0586062094927	7.71736978108694	8.33437075283293	-0.519965815989425	3.24425233718025e-05	0.000313666149298746
6989	chr16	18367409	18375000	8.50526187081595	8.19524177476422	8.7603026530525	-0.476353258101001	3.24716126185267e-05	0.000313787543730661
2101	chr10	95453147	95456736	7.33783357412219	7.69507253859412	6.86195338985875	0.637561811412534	3.2511954774819e-05	0.000314017501104982
2092	chr10	95053945	95069063	9.83011721981527	10.0695086102081	9.54294265529765	0.451061888245197	3.25391604272437e-05	0.000314120409841637
1152	chr1	171567634	171587191	10.0836934457509	9.89700500722957	10.2489684421762	-0.317010613247334	3.26027738444762e-05	0.000314574501674791
12847	chr4	116720823	116741593	10.7366943141144	10.5386384725094	10.9108137023542	-0.332964010772756	3.31396074928569e-05	0.000319591773682384
18119	chr9	69950606	69959318	8.83420888051689	8.56516377712741	9.06087937672087	-0.429615823178805	3.3276983506229e-05	0.000320753616030838
17404	chr8	121608187	121635505	11.1015919088709	11.281047510458	10.8965999553668	0.342163878155386	3.33025838612711e-05	0.000320837431016784
14174	chr5	123174325	123185183	9.47905962842619	9.26551173890057	9.66503554157155	-0.355721956282924	3.33454738171966e-05	0.000321087644635502
18568	chr9	121480510	121483875	7.41647158293882	7.73407856005625	7.00860730937115	0.581135555188238	3.34156960836674e-05	0.000321600657186573
5828	chr14	61518446	61527761	8.78511504180136	8.50157932051671	9.02197492020122	-0.44400680164637	3.3662721772941e-05	0.000323813885721564
3629	chr11	120499854	120509171	9.49409213283595	9.28610467126582	9.67583831010147	-0.347839935635266	3.37410781994239e-05	0.000324403203215231
13999	chr5	111579962	111584351	8.57985477115506	8.82791428078309	8.28010155006945	0.467435409532836	3.37846845092552e-05	0.000324657988506914
8325	chr17	86783878	86796086	9.12902463066342	8.86896597730209	9.34928775034211	-0.419103470086439	3.38542741903569e-05	0.000325162079888049
14418	chr5	148421295	148440864	10.1073286689729	10.3163077792629	9.86286582349843	0.39723040058216	3.38818254715422e-05	0.000325194264742168
11469	chr3	51699158	51705812	8.53287767701956	8.19141080266919	8.8087924570377	-0.513456630775213	3.39000746087167e-05	0.000325194264742168
8334	chr17	87167365	87177646	9.16698725917358	9.41068339756777	8.87358905578411	0.458600185771677	3.39181815373634e-05	0.000325194264742168
18012	chr9	62762420	62766847	7.77487624596577	7.38960741980903	8.07864376415309	-0.564861218316237	3.39261628215129e-05	0.000325194264742168
5241	chr13	104941931	104946095	7.79847540284497	8.08383138712508	7.44240371560931	0.52772487078228	3.39988993211495e-05	0.000325726961239827
11199	chr2	170067530	170072365	8.24471806553684	8.49410494726886	7.94302220180246	0.47118570558386	3.40560166241716e-05	0.000326109555756888
5515	chr14	27023507	27031902	8.94399907477853	8.70172729510736	9.15137594805909	-0.395505507445578	3.41003019052698e-05	0.000326368951013674
8822	chr18	73620569	73631089	9.68041762169449	9.43413907634123	9.89072129246022	-0.396771084720985	3.41652722621315e-05	0.000326825958801912
15373	chr6	125583180	125612993	11.0917787865642	11.2549436354269	10.9077790462369	0.311842831572693	3.41959498705065e-05	0.000326954625991105
8876	chr18	79992670	80001596	8.78843916948846	9.06317340906386	8.44878147294907	0.511928636919893	3.4298440942093e-05	0.000327769441409861
8313	chr17	86289330	86293428	8.45083842407241	8.68856886080337	8.16605310090741	0.447159013622977	3.4383316801572e-05	0.000328415183481145
12007	chr3	121100101	121103752	7.34435484092445	7.69935041719414	6.87246270364691	0.634830936243542	3.45312506314436e-05	0.000329662276526242
5751	chr14	56274079	56281494	8.92691241869361	8.57791936531517	9.20771210659409	-0.522899055934513	3.45587739850258e-05	0.000329759161117046
8604	chr18	39553843	39566244	9.32491024889765	9.10298786346709	9.51720269938547	-0.367195268254603	3.47110239303894e-05	0.000331045489032593
16679	chr8	10891122	10896089	7.98375045888812	8.29868160692641	7.58029965171521	0.576145515555249	3.47769340979301e-05	0.000331507499871731
18228	chr9	83906991	83919715	9.77398336441351	10.0341395866993	9.45636180717147	0.486935613274915	3.48024072574002e-05	0.000331583778784236
10027	chr2	35647299	35674466	11.1752831433823	10.9951089210744	11.3354335090426	-0.305570560862337	3.48491000171766e-05	0.000331862051794278
3840	chr12	39663355	39673274	8.90827536921346	8.64379035352752	9.13170304816968	-0.421390602579866	3.50737278284703e-05	0.000333833641151724
7075	chr16	23369027	23377611	8.81213489751677	8.56478359424495	9.02321979617097	-0.398690607063926	3.51978783793614e-05	0.000334847385344311
2084	chr10	94626092	94638682	9.77976429957247	9.95700323128038	9.57766078267849	0.337784751347119	3.5271523816791e-05	0.000335379885029497
17251	chr8	108740173	108751310	9.53631101384938	10.0279971453393	8.78463389327346	0.804295130094797	3.54273457573548e-05	0.000336692836819648
17879	chr9	55131277	55140876	9.33933663933257	9.09915886519436	9.54517830766656	-0.387992999517536	3.55197914082951e-05	0.000337402463032049
6875	chr15	102137109	102148798	10.1445582055187	9.89427445711435	10.3577735222845	-0.402929330766259	3.5562935288731e-05	0.000337643296070448
8119	chr17	64788134	64791222	7.49353578874596	7.82012641624833	7.07069375915388	0.595917034092363	3.55921551120962e-05	0.000337751755936236
18013	chr9	62983075	62990749	8.53289133113618	8.25267302717951	8.76743384908298	-0.441211510531596	3.57467287086672e-05	0.000339049057552121
17111	chr8	87658227	87664683	9.4750594183534	9.72362196433884	9.17457050891018	0.464605321247171	3.59067507009815e-05	0.000340396714062901
17770	chr9	44130631	44140647	10.3889907555037	10.0803902334704	10.6430712177095	-0.475549495156036	3.59737740058753e-05	0.000340795796587064
3814	chr12	34670202	34675020	7.48905122425785	7.7892379203656	7.10953677212815	0.555371799292847	3.59847608599229e-05	0.000340795796587064
8676	chr18	56505244	56517069	9.51403256643418	9.1925088372645	9.77679733214377	-0.489529381402425	3.60459397311634e-05	0.000341129867820966
644	chr1	105909912	105921626	8.8436749008359	8.56307664031472	9.07848329426913	-0.441472735970861	3.60559837108835e-05	0.000341129867820966
12935	chr4	122968254	122979879	9.55684093501888	9.35066072171487	9.73720616791451	-0.345176872827548	3.61297556360818e-05	0.000341657514806775
3436	chr11	107725509	107735096	9.00616619940498	9.27154771859868	8.68071025920913	0.494830439135304	3.63373543182664e-05	0.000343449525700388
12466	chr4	45552343	45558129	8.38515366797731	8.70343302828995	7.97617696082218	0.578025426793491	3.65541319246908e-05	0.000345326465803239
12069	chr3	129746741	129759443	9.89391005370191	10.0756806956926	9.68589053900782	0.345809526742212	3.68076948325499e-05	0.000347548875734808
18146	chr9	72117409	72132730	9.75492350579297	9.50317732986962	9.96919848520538	-0.405691640961624	3.69627215175901e-05	0.000348839130622747
6489	chr15	73486051	73495576	8.89533653015434	9.14509534975076	8.59309553544377	0.46880724006369	3.70305166429183e-05	0.000349305256146097
12640	chr4	86688612	86696091	8.61109494162008	8.30294923743526	8.86486739123949	-0.472622436934562	3.70493622623308e-05	0.000349309412010321
5652	chr14	48540849	48546300	8.04620012624798	8.32878760365867	7.69443637626496	0.523097914723886	3.71831585746262e-05	0.000350396805654335
13125	chr4	135772793	135776242	7.6489045494314	7.93486530556322	7.29188898905407	0.530231745165097	3.75636077625769e-05	0.000353806308548857
15109	chr6	91587214	91595604	8.87176297991452	9.08086613762523	8.62713025860369	0.39728636617842	3.75984974542839e-05	0.000353959267452804
18043	chr9	64037597	64047867	9.67968694469338	9.86125058042464	9.47193860523928	0.344937999168983	3.76811804926556e-05	0.00035456178709475
10450	chr2	92384527	92403917	11.1025264512099	10.8907170462066	11.2871830070013	-0.350539919715297	3.77601920997324e-05	0.000355129180307642
11252	chr2	174835425	174841964	8.0249751210462	8.27817603633683	7.71767271974026	0.47232730383422	3.78406792298366e-05	0.000355709881675616
15837	chr7	45697137	45704125	9.16748955526093	8.90096736439757	9.39236809931965	-0.423195126429085	3.79411898678713e-05	0.000356478139852639
2022	chr10	85177980	85198100	10.3628356845497	10.5741486613298	10.1151709313378	0.400726031365952	3.80023151922625e-05	0.000356875774385922
3316	chr11	101060918	101082376	10.7955895414952	10.5586877453458	10.9990216842523	-0.385055809408811	3.80741012597083e-05	0.000357373080023741
7001	chr16	19012798	19023074	8.50943080085207	8.20191672933886	8.76277522475489	-0.477950998496417	3.81214252380431e-05	0.000357640400194177
18571	chr9	121593532	121605764	9.47666603478593	9.66826919022904	9.25566167395272	0.363096464718733	3.81524182820043e-05	0.000357725364602098
8172	chr17	73516346	73536435	10.3077929606531	10.4692994649924	10.1258999799973	0.308586595341212	3.8168178687984e-05	0.000357725364602098
13224	chr4	145314523	145319520	7.94713685331568	8.32182255601097	7.43964215506965	0.660934425280487	3.8198208388008e-05	0.000357830107105629
3671	chr12	8768377	8785269	10.6703055072317	10.4330132851016	10.8740253122728	-0.385069683664403	3.82958793064757e-05	0.000358435969254904
8061	chr17	50302315	50307712	7.91617695312321	7.59466826983506	8.17893168347064	-0.491460723971851	3.83006557589412e-05	0.000358435969254904
17344	chr8	119611913	119642117	10.9204224681032	11.1257520772485	10.6809419678019	0.388916225013059	3.86041096199141e-05	0.000361097780422055
18035	chr9	63801951	63812916	9.3920066859526	9.15223768467338	9.59754821453113	-0.387190606749611	3.88352109197823e-05	0.000363080526131305
13240	chr4	148855348	148866806	10.3644512298771	10.5609614802099	10.1368890841533	0.371907441445506	3.89495286384519e-05	0.000363970016754888
12741	chr4	103044043	103050363	7.97035341403496	7.64148511903459	8.23799614107568	-0.501430112766541	3.900250454634e-05	0.000364285695760328
900	chr1	151252822	151264994	9.34799635271662	9.12297714271785	9.54260838824478	-0.369655074389925	3.93396717546293e-05	0.000367254122100891
1195	chr1	177450637	177473438	10.5961633539387	10.3929054917596	10.7742891047842	-0.339438013830472	3.97294746088704e-05	0.000370710766274214
17124	chr8	88755894	88762928	8.76339467571753	9.04354410631958	8.41540721595153	0.519662665066338	3.98071121748774e-05	0.000371252669271252
5303	chr13	109612877	109619187	8.44359984852048	8.69833577310893	8.1340306559769	0.477435510426976	3.98645907558498e-05	0.000371606123750134
12262	chr4	6562782	6587178	10.7932391605108	10.5372635006077	11.0105683914589	-0.410589152361355	4.0140656662393e-05	0.000373995838387608
12908	chr4	119774225	119782510	8.80546784903853	8.55058423098116	9.0220099559791	-0.408171903632277	4.02203614518673e-05	0.000374425405395783
5099	chr13	94035695	94082402	11.9892011046495	11.7643078130193	12.1837189944494	-0.369108398906168	4.02262185363824e-05	0.000374425405395783
12494	chr4	46876142	46882800	8.30222870176939	8.60922983913132	7.91173130450197	0.558191374257583	4.02952471630015e-05	0.000374884066620885
1291	chr1	182946788	182964267	10.4719210245739	10.6326196133702	10.2910524301117	0.307415032199803	4.03424410520798e-05	0.000375139239944842
14038	chr5	113910060	113920814	9.80349031987632	9.58319801966071	9.99455829829855	-0.362942541552016	4.05281386194982e-05	0.000376681460753896
3026	chr11	79307862	79326198	10.273519361546	10.0703588449088	10.4515703756669	-0.337937315639792	4.07093421987427e-05	0.000378180423685725
6625	chr15	80653787	80666110	10.0942009193468	9.88038553965429	10.2803795860084	-0.352810941440138	4.07623189869634e-05	0.00037848730530997
3213	chr11	95071069	95082451	9.39102038816936	9.15297375852702	9.595295650926	-0.386599479770396	4.0908644382022e-05	0.000379660225783079
13888	chr5	100749065	100753757	8.04071338327768	7.72106225061026	8.30222781536589	-0.485308685538073	4.11509633495515e-05	0.000381722450347574
2291	chr10	126939462	126952627	9.94638903844872	10.1161714408793	9.75392728138452	0.322899665236831	4.11819307272921e-05	0.000381823089044102
9660	chr2	6449756	6460283	8.7664235777599	8.45477193769959	9.02256612031937	-0.479552555893017	4.12253181484245e-05	0.000382038727118627
10512	chr2	102114079	102128159	9.80139601195054	9.9958871112965	9.57653854860315	0.368067881568838	4.1724684933128e-05	0.000386477694165854
1673	chr10	43055567	43060574	7.93290722207785	8.19908926658876	7.60624475513641	0.492140597780773	4.19970975093514e-05	0.000388811177380478
6480	chr15	72800089	72809390	8.70215259089247	8.93210698104317	8.42846439405189	0.432836566091942	4.20832462085592e-05	0.000389418785856774
17685	chr9	37123839	37134834	9.01982034660909	9.23083064361035	8.77257154356767	0.400664157858576	4.2183847608539e-05	0.000390159475517769
1802	chr10	62240011	62243115	7.63503600831341	7.93624013530173	7.25389033070182	0.549814058487413	4.2317590744134e-05	0.000391205823055489
1948	chr10	78589252	78605016	10.0572621896973	9.83519477125703	10.2496634674111	-0.363343028456651	4.26213888915765e-05	0.000393709227517096
2801	chr11	61990056	62001735	9.4402631277397	9.19002977317496	9.65344189652258	-0.403675284205046	4.26298784207614e-05	0.000393709227517096
13140	chr4	136860593	136865005	7.95274534228367	8.2458257997939	7.58454127980581	0.535054962620575	4.26543462247283e-05	0.000393743597762217
9139	chr19	21158728	21165023	8.33867212784235	8.58023347513866	8.04836600020555	0.452418319580746	4.27644501093447e-05	0.000394568059613638
12025	chr3	121915610	121922468	8.44773922659159	8.7356960138286	8.08760123544631	0.530511076370968	4.28565863162035e-05	0.000395226021231888
1469	chr10	18763690	18769657	8.03004405149882	7.72006312366493	8.28505835828125	-0.47866187414993	4.30315140377841e-05	0.000396604924973824
7894	chr17	33782848	33817943	11.7395050535743	11.5042512795034	11.9417214573233	-0.382780951667139	4.30479027054153e-05	0.000396604924973824
15407	chr6	128202094	128212248	9.26096397492418	9.49058909236428	8.98774248845955	0.431236023848016	4.30763561058579e-05	0.000396674508749674
6043	chr14	79637608	79647647	8.84251958481516	8.60462024624432	9.0466864392177	-0.38549533526991	4.33443382523714e-05	0.000398948688502307
1037	chr1	161743524	161750779	8.26232312602256	7.93155154078753	8.53122321873911	-0.506122350626411	4.35377388101636e-05	0.000400534534599174
12556	chr4	57002162	57020464	10.3365925348934	10.5322032184078	10.1102364660783	0.370419909441905	4.37736918796385e-05	0.000402510125088982
1785	chr10	61366223	61372114	8.33816126166404	8.62907067674788	7.97338402604592	0.533200543664525	4.40644071981478e-05	0.000404987110999345
13870	chr5	99609899	99617914	9.05915343316083	9.31531986404624	8.74746638376952	0.475399113613104	4.41435623569463e-05	0.000405518233287746
6511	chr15	74881393	74893850	9.56609474307832	9.34526723906963	9.75756501803649	-0.361899354735376	4.43297119727292e-05	0.000407031254731701
16564	chr7	140481888	140493762	9.08245852436601	8.81869627590714	9.30537060856841	-0.421325741230943	4.46050305958655e-05	0.000409361158452095
13025	chr4	129919887	129924024	8.33197331632861	8.0325004179961	8.57984103799387	-0.464769424032479	4.46691356517477e-05	0.000409751341485993
17964	chr9	59572366	59593421	11.0481532487896	10.8643104712557	11.2111946928774	-0.310309517633716	4.48303760952925e-05	0.000411031742952926
1415	chr10	7585547	7600759	10.5466411788841	10.2724790792043	10.7769297303411	-0.432710367377451	4.50337017282596e-05	0.000412696583824548
15063	chr6	88813043	88826453	9.28894548696301	9.55468988410181	8.96294283644128	0.493645904678346	4.50622534958593e-05	0.000412758932962314
5023	chr13	75836962	75849651	9.44060511595392	9.17183755914338	9.66707874103378	-0.424867185726905	4.51707587167681e-05	0.000413553222231327
1292	chr1	182985024	182991575	8.78060508270138	9.01978268739269	8.49373842002089	0.44998715805014	4.52490230296087e-05	0.000414070013538545
4762	chr13	45974143	46045375	12.5088935783352	12.3103132568516	12.6834180579626	-0.331843079774927	4.58326122004886e-05	0.000419208263591843
15888	chr7	49505281	49512560	8.53067624030377	8.7915869578609	8.21192782781768	0.484762980889701	4.59621213514668e-05	0.000420190318463145
2399	chr11	8621757	8627360	8.4922746539625	8.72970966319104	8.20791359414549	0.445600261732085	4.60866328303592e-05	0.000421125760465762
2474	chr11	22649579	22660946	9.16705733143396	8.91335386577723	9.38274765206946	-0.404821531314467	4.63019719437825e-05	0.000422889858287319
4824	chr13	51506215	51522139	9.83155091473296	10.0394459039797	9.58857123941956	0.391415442557241	4.63462843368319e-05	0.000423090971827192
2616	chr11	46154876	46188287	11.5300272327703	11.3341331736184	11.7024741707691	-0.327615130559692	4.63699321101341e-05	0.000423103337268382
6373	chr15	55512488	55518846	8.28069946266173	8.54282463160314	7.96013414957828	0.483825539649274	4.64368825801964e-05	0.000423510617246299
5384	chr13	114968690	114976552	8.51337022352949	8.83094051315119	8.10556660851167	0.576922594310824	4.67339932659976e-05	0.000425939028118332
16503	chr7	132366631	132382766	10.3392887298006	10.504973364099	10.1520773029144	0.31540449523974	4.67480370709988e-05	0.000425939028118332
8076	chr17	52214426	52226184	9.13993265035835	8.90335532567913	9.34312562260541	-0.385163236945723	4.68392314708212e-05	0.000426565150712436
10741	chr2	126533255	126560668	11.44557540489	11.2191560371087	11.6412333333473	-0.369909642495094	4.71604077304623e-05	0.000429284114300453
7405	chr16	90416417	90427923	9.43175384352158	9.67704061919982	9.13604442736516	0.457140109169554	4.74341898682874e-05	0.000431501047927381
3733	chr12	21453345	21459001	8.7510826668047	8.48427666252513	8.97616306305104	-0.420578733401918	4.7449427631827e-05	0.000431501047927381
9161	chr19	24794916	24801479	8.58422523773681	8.80895110444964	8.31791765476149	0.42084826129375	4.75122559836443e-05	0.000431865472372407
16417	chr7	122915802	122934471	10.0741635452271	9.86071792786957	10.2600619201433	-0.35075364404719	4.79847206560495e-05	0.000435951179191558
7414	chr16	90865115	90875597	9.48194317814592	9.68509243465233	9.24542514687116	0.382828958067549	4.80848971236685e-05	0.000436652278712968
10483	chr2	93678814	93687736	9.07021631308414	9.26818635154708	8.84069323237565	0.37536938466848	4.81798090026902e-05	0.000437304923511266
3243	chr11	97080212	97086955	8.79417871790144	8.54670830181937	9.0053502976625	-0.397946900066355	4.83007640337924e-05	0.000438193212522632
6014	chr14	76885049	76902574	10.245986486508	10.4617697142634	9.99215437850492	0.405695767542931	4.83714956181784e-05	0.000438445795085029
11498	chr3	52818737	52827319	9.22473895031617	8.97849927438681	9.43501429586298	-0.397133939133115	4.83748087311265e-05	0.000438445795085029
489	chr1	82585476	82588279	7.44112109296591	7.75134576043372	7.04538076772177	0.565531090284072	4.84250269213528e-05	0.000438691449136208
5694	chr14	54322113	54327684	7.9923932596245	7.61381379805474	8.29199593881112	-0.543909871876995	4.85520567817675e-05	0.000439632388197121
903	chr1	151323973	151333720	8.89524527918479	8.64970417486346	9.10501133136516	-0.394772379188171	4.87411889403155e-05	0.000441134489698736
13747	chr5	73332096	73339319	8.0457456001898	7.7429381429239	8.29589066162025	-0.465111760029602	4.90352464556799e-05	0.000443584338647449
9060	chr19	11313737	11346046	11.0385765775189	10.8358901632552	11.2162634736053	-0.33734997914466	4.91778154417792e-05	0.00044466210541664
17354	chr8	119896246	119909327	10.0349304285376	9.80127300822713	10.2359669046433	-0.378006069825021	4.92077314421364e-05	0.000444720730971575
658	chr1	118314278	118320961	8.30773297592657	8.01290312863893	8.5524149162114	-0.456538984506514	4.95945148486265e-05	0.000448002997292757
6225	chr15	28174145	28187434	9.24107044817016	9.46797414169946	8.97169646783542	0.423706928166715	4.97439613469052e-05	0.000448940204724322
4660	chr13	37718165	37743865	10.551714388471	10.3674464412024	10.715090047213	-0.312032392243103	4.97455740837373e-05	0.000448940204724322
1928	chr10	77859742	77865213	8.40768757588904	8.66945263925694	8.08766140311689	0.486252863335868	5.00037574913584e-05	0.000451055757332933
5181	chr13	98010822	98021959	9.41797605296248	9.64762501323393	9.14472078037072	0.43028231088732	5.0127973845053e-05	0.000451961432591573
11601	chr3	69362376	69366093	7.65116668468282	7.97787508593083	7.22812664025602	0.593299111389948	5.02406953379028e-05	0.000452762657558432
14271	chr5	137284880	137293935	10.2659861538678	9.97574492625443	10.5075026107807	-0.450953305466208	5.03545180057781e-05	0.000453416602469269
16028	chr7	80977194	80985678	9.0370230087083	8.7898586863259	9.24797181216466	-0.398366552357441	5.03610410456409e-05	0.000453416602469269
2864	chr11	68709021	68723590	9.84435395026209	10.0162729042071	9.6491411630196	0.325377118930272	5.04467110115805e-05	0.000453870261298903
2189	chr10	116962953	116972682	9.52212036207968	9.72049714898246	9.29205006670052	0.374734461022864	5.04592576711463e-05	0.000453870261298903
18581	chr9	122047346	122054696	8.7354177597264	9.0072766165288	8.40015095048362	0.501827839371426	5.04892585167196e-05	0.000453924982183241
14994	chr6	85392703	85397052	7.9652788653743	8.22210028784904	7.65262036374363	0.48058634945725	5.06383405648817e-05	0.000455049746960648
12496	chr4	47006071	47015571	8.72940001442537	9.00022223584537	8.39571080036544	0.500361072645329	5.06784295132391e-05	0.000455194469347735
7489	chr16	94018365	94063691	11.6229811226917	11.7826351792676	11.4434350034182	0.303968892609105	5.12940783133222e-05	0.000460506297213123
6661	chr15	83475742	83483678	9.3438461214814	9.09706465955944	9.55451616246401	-0.394723713532453	5.13306029851942e-05	0.0004606163187026
17652	chr9	32237292	32248719	9.3486241859038	9.61312710258309	9.02449051821002	0.490319095049275	5.14156807627913e-05	0.0004611617226829
9830	chr2	25575409	25582794	9.92866337513538	9.664426249672	10.1519142684612	-0.417807052286945	5.1808561466172e-05	0.00046446607844425
1006	chr1	157084945	157090532	8.48168440933051	8.74916045971932	8.15306810209995	0.497342514764452	5.19883505242875e-05	0.000465857839754699
2187	chr10	116826829	116832843	8.08236758957687	8.34842525944059	7.75589268637843	0.49235076233296	5.22437310165424e-05	0.000467925328439338
9527	chr19	56356380	56373823	10.0639130221388	10.2577255574506	9.83996251994199	0.366013764401028	5.23947693770271e-05	0.000469056758493678
2237	chr10	119034987	119042447	8.18311055127895	7.89641513440928	8.42216922128454	-0.447171688334854	5.25025469267582e-05	0.000469800017974043
16410	chr7	122663742	122674509	9.0262846027319	8.74902868823453	9.25875009315132	-0.437349532623581	5.25457156720603e-05	0.000469964720895397
6416	chr15	59249198	59263067	9.5058314345024	9.24471973628158	9.72684892272916	-0.417590616660394	5.26453493851363e-05	0.000470634048978098
11139	chr2	166208315	166225543	10.3350474988073	10.5179505013709	10.1255430157273	0.346437040999036	5.30750579692667e-05	0.000474252130507868
3749	chr12	25547314	25587187	11.3995061529716	11.2063623244041	11.5698189523966	-0.32327584933978	5.31703212283005e-05	0.000474879777219724
11695	chr3	88456850	88462460	8.70372758956487	8.43814718782288	8.92793583248662	-0.422434728992944	5.33052781559607e-05	0.000475669311977864
9033	chr19	10275819	10334256	12.1475033755135	12.3119880911056	11.9618229411607	0.312978425837701	5.33088480202812e-05	0.000475669311977864
16917	chr8	57832691	57839954	8.58897259908481	8.8146288383603	8.32135640776789	0.423356552443745	5.34207358835326e-05	0.000476381298276692
8843	chr18	76042484	76067451	11.269923129646	11.4634226558954	11.0463906561344	0.365766666846279	5.34388420902617e-05	0.000476381298276692
3198	chr11	94720172	94727051	8.49706025808562	8.23859100315484	8.71618299038334	-0.414245405506023	5.36335020409518e-05	0.000477892129218415
13147	chr4	137075753	137093100	10.6659138781016	10.8321157595072	10.4780415939162	0.315543470252779	5.37026951912671e-05	0.00047804990468022
15081	chr6	90414226	90421017	9.03013403248029	9.2581985451051	8.75912104663544	0.426405401152226	5.3704844406742e-05	0.00047804990468022
5765	chr14	57070892	57082204	9.38651629195276	9.5994454244504	9.13662706481714	0.402130217087903	5.37267741547452e-05	0.00047804990468022
16588	chr7	141459750	141467800	10.0980456321394	9.81691229425046	10.3332282454546	-0.438451104716471	5.38537989646616e-05	0.000478742209032466
503	chr1	86050512	86059195	9.16159513123455	8.88926194121999	9.39059303701133	-0.428301361477961	5.38681380840995e-05	0.000478742209032466
12891	chr4	119066705	119074561	9.00116903709696	9.20879008320517	8.75856372196195	0.388956248017624	5.38802549393196e-05	0.000478742209032466
16048	chr7	81837249	81852397	9.69589940742968	9.4842668361767	9.88042160512207	-0.347929961114715	5.39265497216733e-05	0.000478929334191688
5612	chr14	45575384	45578847	7.31488873088455	7.65596476439138	6.8673621879822	0.605105893858416	5.40148453761793e-05	0.000479489125535316
14754	chr6	51078124	51086828	9.50797476150967	9.71595053897272	9.26488465199371	0.390607798669863	5.4142450316568e-05	0.000480397178381554
14988	chr6	85139310	85161651	10.4103733746033	10.1950860040324	10.597666606789	-0.354630873380184	5.42333284284196e-05	0.000480978663664942
12792	chr4	108352836	108365605	10.4006157958048	10.1705252626519	10.5990076204279	-0.373059521407091	5.43149814216146e-05	0.000481477829239058
16865	chr8	36061169	36070613	9.07458572068534	8.84804117138187	9.27033707119373	-0.37181648085543	5.45317836841937e-05	0.000483174006789128
114	chr1	36456112	36469723	9.2820323595973	9.00969856214981	9.51103069449776	-0.429210677747427	5.47156343373982e-05	0.000484576772790238
7365	chr16	76377164	76392271	9.58234546588622	9.36228941202444	9.77323578186482	-0.359652365865977	5.47910308166059e-05	0.000484804247831789
1591	chr10	34231594	34264477	10.9525621222489	10.7276277858705	11.1471107016647	-0.367238161193374	5.47924080088091e-05	0.000484804247831789
11218	chr2	172927324	172944154	10.7059830649381	10.423490842231	10.9421149895483	-0.440997573067918	5.48405560478713e-05	0.000484844725814229
8107	chr17	57146719	57150706	7.89701414330589	8.17723033257088	7.54892349742654	0.512354504125685	5.48480755742215e-05	0.000484844725814229
7377	chr16	78313553	78321878	8.79972364781662	9.04765757599352	8.50015399052694	0.463020744077829	5.49899514490356e-05	0.000485872573813429
11216	chr2	172819007	172831716	9.54935341609362	9.78948694006188	9.26110913941724	0.449919683432768	5.50208916362762e-05	0.000485919731207485
14123	chr5	120351344	120363237	9.65218744968778	9.90604073572952	9.34392240401912	0.471245492355277	5.50713536960628e-05	0.000486139172929105
15462	chr6	135392244	135395884	7.64513588519066	7.95006776370974	7.25798788896275	0.554470760669412	5.58163790759755e-05	0.000492486777537396
12642	chr4	86726978	86736622	8.82773748305903	8.5641065904924	9.05055581540662	-0.416243767155511	5.58644070886867e-05	0.000492681497275179
2662	chr11	51558993	51565316	8.73679980719809	8.94049010532401	8.49954764140085	0.384989306630257	5.61288419838188e-05	0.00049478369345606
15580	chr7	15953162	15967612	10.2789194635878	10.446095874573	10.0898006105429	0.317526239756239	5.62519461694111e-05	0.000495638665900303
17437	chr8	123403824	123414939	10.3407824554545	10.1197617728062	10.5323978727733	-0.361064048925232	5.6489679022387e-05	0.00049737026275019
11232	chr2	173493856	173506339	9.64490533922187	9.83549007145397	9.42525547636491	0.359884928207109	5.65130975985197e-05	0.00049737026275019
16839	chr8	35388074	35392017	7.74698102903479	8.01615167217583	7.41579936263089	0.498545057141368	5.65275229402532e-05	0.00049737026275019
17891	chr9	56511047	56517815	8.36402088269661	8.08426368039981	8.59824058376766	-0.439666932385721	5.65532971713426e-05	0.00049737026275019
912	chr1	152011581	152021467	9.66815859449596	9.38837369027192	9.90239769461557	-0.436962678193854	5.66678396019532e-05	0.000498146793795957
17397	chr8	121286944	121297348	9.02067442734442	9.51873167728092	8.2538005839483	0.787879148245894	5.67402724974618e-05	0.000498552607282096
1642	chr10	41360387	41375690	10.003428097036	10.1786707214046	9.80391714804949	0.330934687458535	5.6902064713151e-05	0.000499742844142014
15890	chr7	49608409	49611935	7.79591416568773	7.45577351871833	8.0709637836997	-0.504190910181781	5.71229642771671e-05	0.000501450850608859
5175	chr13	97812829	97815797	7.27709492107858	7.62673411890576	6.81465556770657	0.617812192340124	5.72601623446354e-05	0.000502422848422947
6790	chr15	98399113	98403365	7.70112825341793	7.96518986318403	7.37765798000489	0.488813606556418	5.75616851291085e-05	0.000504835130344432
13581	chr5	35674761	35696225	10.9514741505372	11.1178415418363	10.7633902897384	0.316975118930254	5.80855491944345e-05	0.000509194290143729
5860	chr14	63111810	63122151	9.08052926287393	8.84203143138478	9.28513649715496	-0.385501155822078	5.82763950222608e-05	0.000510631440963752
1865	chr10	74942486	74962124	10.1782836522655	10.3523638536892	9.98027852868789	0.329558925363027	5.87897406996361e-05	0.000514891780682231
1715	chr10	45358730	45365493	8.74472711725093	8.99928270881057	8.43542453736961	0.470426223194384	5.8844641892588e-05	0.000515134897822615
1132	chr1	167595701	167602626	9.16776205326851	9.38917743041	8.90609439862292	0.414351517432859	5.88917330929656e-05	0.000515309452453386
2354	chr11	4625055	4637647	9.87394294396233	9.67854656591451	10.0460042238946	-0.325363667784839	5.90557193608106e-05	0.000516506220160749
16462	chr7	127065698	127074753	9.12886274370335	8.87960902614712	9.34133059582663	-0.395867088841547	5.97050181290943e-05	0.00052194451362141
4580	chr13	30410316	30420809	8.76985289624593	8.51204649765535	8.98849939349642	-0.408683423074838	6.03023510601967e-05	0.000526923720428855
7976	chr17	44242426	44256488	9.96761962035093	10.1448705351491	9.7655005163169	0.335709656370877	6.03363637187548e-05	0.00052697830051461
3032	chr11	79769371	79779876	9.01465190045164	8.77273200780762	9.22177106016719	-0.386272625054046	6.0401917300957e-05	0.000527182893006851
14103	chr5	118503575	118510321	8.81452148040313	8.54298235004714	9.04295815546711	-0.426914922159277	6.04153428679015e-05	0.000527182893006851
4572	chr13	30036157	30044198	8.46031190759322	8.1917422730575	8.6866451016207	-0.424036971891824	6.07693087128475e-05	0.000530027899844271
2866	chr11	68752102	68784765	10.8437027693378	11.0203446885184	10.6423754463155	0.334500228183414	6.08955576323772e-05	0.000530681620535658
13004	chr4	128632736	128639454	8.8115180571604	9.02012602890813	8.56756325805997	0.392603157897231	6.09001828087182e-05	0.000530681620535658
9675	chr2	9398482	9420248	10.2650016892133	10.0638988603191	10.441470831882	-0.335067001784827	6.13789806052242e-05	0.000534608385913974
1545	chr10	24737869	24743219	8.32134299177357	8.02252949953829	8.56875932107496	-0.458343981836693	6.14846794115849e-05	0.000535283362638747
4003	chr12	76518651	76537067	10.9040601184317	10.6412237718026	11.1263110522586	-0.415720440518138	6.15150020145669e-05	0.000535301798823689
11191	chr2	168629345	168640280	9.04500404278574	9.32467265508999	8.69775940518276	0.512106781467625	6.16936813313052e-05	0.000536610622358773
7636	chr17	12514869	12521001	8.28317069281109	8.52321866807391	7.99504979465642	0.446850922102916	6.18774915114363e-05	0.0005379628545101
8422	chr18	14474876	14483163	9.19865442561205	8.93307597569252	9.42286127858199	-0.416800696115547	6.20378613130057e-05	0.000539110151034586
14119	chr5	120259484	120273516	9.96324480498362	10.1670955297177	9.72577483298592	0.382690974736453	6.23902269616118e-05	0.000541888268425026
2823	chr11	63148424	63157802	9.14788798745222	8.90281890306527	9.35730967217183	-0.396412845206938	6.24146559237635e-05	0.000541888268425026
9404	chr19	43998091	44003713	8.32950265779152	8.0405132842794	8.57015255685026	-0.448839673030744	6.26831242597971e-05	0.000543970285928985
14154	chr5	121919742	121928184	9.3903316796625	9.58490482934596	9.165364481172	0.367589884481188	6.30467595738589e-05	0.000546875891203048
12012	chr3	121281465	121285091	7.74320836642486	8.03870775957776	7.37117048281596	0.53452671690139	6.3361413757643e-05	0.000549354167065466
10336	chr2	75101143	75109272	9.13385366093613	9.34692579888969	8.88376731592526	0.399132218973786	6.3427196471816e-05	0.000549673407232236
9153	chr19	23524339	23532552	8.74001547999067	8.96984863941679	8.46649914524911	0.426564072321401	6.37985731761429e-05	0.000552639488959387
2974	chr11	75998805	76009892	9.66821066863711	9.42560520978065	9.87583181993906	-0.38787122580397	6.42775069240925e-05	0.000556534125872423
13282	chr4	150698478	150710760	9.67220192782533	9.88524595894324	9.42215432878001	0.398813770683304	6.44161288367419e-05	0.000557480031551539
1822	chr10	63056162	63062773	8.62142939853201	8.85483987830342	8.34282696267788	0.433646775433026	6.50475945415684e-05	0.000562688375936384
13598	chr5	36714411	36725511	9.98898760026224	10.1864550081729	9.76014022866629	0.372416476499732	6.50945837645801e-05	0.000562811929494772
1884	chr10	75925896	75936141	10.1012544885566	9.84878308669797	10.3160542740203	-0.402108349542105	6.51211864255503e-05	0.000562811929494772
13976	chr5	110538094	110554989	10.3201260520802	10.1103476094331	10.503237737803	-0.346534302279331	6.56282730694034e-05	0.00056692306890493
1782	chr10	61307794	61318592	9.57508001519553	9.37229008498258	9.7528464312037	-0.336087172645219	6.56566154936001e-05	0.00056692306890493
5350	chr13	113339057	113361465	10.2953641215396	10.4910824165679	10.0688638673232	0.368866137986238	6.56968763553994e-05	0.000567012740495282
17128	chr8	91200833	91205215	7.57232394449903	7.85861666091057	7.21478985961266	0.52059333133646	6.6422168319874e-05	0.000573011969337677
6591	chr15	79438556	79456206	10.3582743350322	10.1598357387262	10.5326893764254	-0.329422753385158	6.64684930396672e-05	0.000573151081053996
11838	chr3	101189264	101200184	9.09843209530645	8.85489304928468	9.30673618236318	-0.392751563703629	6.69316523478005e-05	0.000576620934639781
12259	chr4	6489903	6504353	9.50706331615045	9.2462400244295	9.72787429290157	-0.413729843174327	6.69316570425964e-05	0.000576620934639781
3728	chr12	17575115	17582423	9.17439524002902	8.93719292833114	9.37804881187006	-0.381656861404682	6.72675503242739e-05	0.000579251741199816
6011	chr14	76585365	76663511	12.7214121620604	12.8887815349392	12.5320462541887	0.317193631569397	6.75517489965335e-05	0.000581435212791478
6579	chr15	79015347	79035221	11.0920138669234	10.9050364188723	11.2575152667958	-0.312460980930879	6.78155423418355e-05	0.000583441150546553
6425	chr15	60213415	60232605	10.1183894979584	9.88153299110935	10.3217882632215	-0.381460799901712	6.79549463757011e-05	0.000584375590060911
9625	chr2	4505460	4508832	7.44019735933559	7.72760464311991	7.0809200728073	0.523638442358867	6.81677600993444e-05	0.000585940180672761
12509	chr4	47571790	47578519	8.2943311442069	8.53740736074038	8.00183200319664	0.454698063001029	6.84291550005812e-05	0.000587920748191956
5971	chr14	75046315	75052359	8.41520717234161	8.10017032561782	8.67362905726097	-0.475008237800759	6.88445557186747e-05	0.00059108635816823
6820	chr15	99776250	99810947	11.3598950305922	11.1805199943319	11.519413835207	-0.301899441790593	6.88598945102459e-05	0.00059108635816823
14793	chr6	52470786	52480044	8.78529704360765	8.46638607967523	9.04631651766332	-0.481550976091112	6.92172061619866e-05	0.000593884880537226
16359	chr7	115570009	115580260	8.82611172866446	9.0389507443228	8.57634669418143	0.399082424261749	6.92999791847515e-05	0.0005943263917521
9485	chr19	53119245	53142639	10.9587371512212	10.7457548654557	11.1442841275404	-0.349601579460081	7.00916834882112e-05	0.000600844652629973
5382	chr13	114945926	114956395	9.28916809517344	9.48101796154831	9.06783527455563	0.361196500739542	7.03340933648492e-05	0.000602650455066128
13225	chr4	145324138	145329709	7.82931334914971	8.17475512303209	7.37421416280837	0.606720249847183	7.03865749951677e-05	0.000602827981422964
16322	chr7	112738745	112746626	8.77121910780151	9.07710729937691	8.38252474104043	0.549844751965683	7.04547957705758e-05	0.000603140085218655
17952	chr9	58814989	58830418	10.4373662846253	10.2101282429365	10.6336349270891	-0.369157282977792	7.05112353402156e-05	0.000603351098071214
18624	chrX	7460054	7500536	10.6590605814025	10.4629861628456	10.8316472234302	-0.325833751936877	7.05500558359503e-05	0.000603411225646914
861	chr1	137985998	138004370	9.84536562309055	9.64200449273503	10.0235706480005	-0.336048385413931	7.07403373309509e-05	0.000604766154145999
18535	chr9	119798918	119808472	9.41104084065242	9.61346139894552	9.17551054881229	0.379941178483412	7.08936366243793e-05	0.000605803840384554
18522	chr9	118994162	119000553	8.40173398111388	8.6817709280353	8.0539203552459	0.511276256889119	7.14226935487788e-05	0.000610050090397062
16225	chr7	102509294	102524323	9.52788439869231	9.31106630146332	9.71633455342691	-0.353415128945133	7.18192266256203e-05	0.00061316108957609
1480	chr10	19308890	19316907	9.07200018883229	8.77509438617886	9.31810866146289	-0.453518626347581	7.19374233992494e-05	0.000613894046175519
4010	chr12	76660441	76669681	9.32432440877403	9.51396588241318	9.10592709046649	0.357081946474239	7.22246237342439e-05	0.000616067925326838
5980	chr14	75450015	75462881	10.1089361949984	9.89193752849227	10.2975226818759	-0.353934451887387	7.22844882393141e-05	0.000616301573357566
11143	chr2	166286060	166301875	9.93494228712431	10.1132076167851	9.73150259065213	0.336965684895292	7.23507961379065e-05	0.000616496565605409
6492	chr15	73679127	73687854	8.71075306035761	8.97286467131063	8.39020805201608	0.479552621728768	7.23723245781575e-05	0.000616496565605409
6674	chr15	84310635	84321880	9.12039972430962	8.81467448874783	9.37253023606381	-0.463762254315942	7.24514016963889e-05	0.000616893294210752
5305	chr13	109728919	109735889	8.32697568155847	8.56819023573563	8.03717079988924	0.44995207055369	7.25741906098349e-05	0.000617661687705855
18480	chr9	115551543	115568332	9.75517902619633	9.95403916767528	9.52445798414545	0.373341155127303	7.30609464099271e-05	0.000621284800305197
7581	chr17	5593178	5598066	7.94042575958367	8.22685984690752	7.58267075941046	0.517811777375582	7.30653708984245e-05	0.000621284800305197
12265	chr4	6655359	6672580	9.95720446131712	9.7082776130352	10.1694349209442	-0.39669761818842	7.32194885674067e-05	0.00062231646821353
18201	chr9	78419742	78425833	8.40804269342328	8.04891842774428	8.69535222717757	-0.518072634813906	7.33619501744065e-05	0.000623248188164754
4742	chr13	45044108	45110375	12.0760593721716	12.2464151588015	11.8828602384828	0.321877768452836	7.34616295295098e-05	0.000623720913274678
9732	chr2	13445927	13460428	9.50822409762445	9.2575220554574	9.72174269570916	-0.399239629817885	7.3483321675651e-05	0.000623720913274678
2965	chr11	75213926	75239978	11.0497897326756	10.8758328376097	11.2050102477193	-0.293763056104226	7.36484982879952e-05	0.000624843472958364
4320	chr12	110980752	110988923	8.52551407154035	8.2589096441497	8.75045111039353	-0.418133373568621	7.38398008476575e-05	0.000626186586366261
4896	chr13	55417037	55424406	8.96459354286578	8.59243952715565	9.26016604572794	-0.535020418693375	7.42865295345425e-05	0.000629480181221218
9698	chr2	10596293	10604424	8.49146752259542	8.18829747054213	8.74185968502098	-0.461646942747659	7.42945153029943e-05	0.000629480181221218
8909	chr18	82827671	82881517	11.8672712117936	12.0284339205664	11.6858143013641	0.305583009186136	7.48259080561096e-05	0.000633699647031193
8339	chr17	87448551	87465045	10.8831143631578	10.5917188200041	11.1254287333545	-0.448274209674268	7.49556000382074e-05	0.000634494953242638
18549	chr9	120476910	120490509	10.0594513149685	10.2421716976834	9.85018650032425	0.344569794463909	7.49866789674502e-05	0.000634494953242638
14392	chr5	146582572	146587379	8.44097328466001	8.76281922438744	8.02607270025218	0.572735390942807	7.53943316225613e-05	0.000637496120239678
18531	chr9	119473771	119480506	8.54844335337404	8.86973391165192	8.1344677894399	0.572619497779761	7.54085457578417e-05	0.000637496120239678
11084	chr2	163783370	163787722	7.77530869796315	8.07432053618309	7.397674151099	0.539070059085243	7.54831769876444e-05	0.000637842927893368
8111	chr17	57335841	57341886	9.13399264600772	8.84973196851731	9.37135773439866	-0.436943821780166	7.6071685407608e-05	0.000642529825256338
6805	chr15	98994801	99000723	8.90751749670026	8.58553426987139	9.1705886559913	-0.480832598928014	7.61956849482538e-05	0.000643290882843821
17290	chr8	115366292	115383450	9.9470394442773	9.72907833910192	10.1363520799359	-0.355522380772103	7.62368163875489e-05	0.000643351951186879
596	chr1	92184003	92188517	8.22007527781598	8.45103690954912	7.94495781882192	0.429585772741291	7.64822072304818e-05	0.00064513591601214
13412	chr5	23828852	23835483	8.67526809141683	8.37263235620915	8.92529609130077	-0.457336200692373	7.65206822255286e-05	0.000645173712997915
8146	chr17	71300366	71332987	11.4571421004193	11.2246400617552	11.657323170664	-0.374902954559503	7.68992532646985e-05	0.000648077676603336
14081	chr5	117836880	117847789	9.71796825207708	9.96207951535172	9.42396747044172	0.450526493810176	7.70904803268073e-05	0.000649338026963659
14011	chr5	112419547	112440522	10.4100757504279	10.6079959266679	10.1806197264369	0.371188814842915	7.71172302426939e-05	0.000649338026963659
124	chr1	37135202	37139444	8.15839469827229	8.40894891990397	7.85498675810899	0.460291149664531	7.80504976372114e-05	0.000656904831333319
2240	chr10	119099639	119102582	7.14872273119864	7.47401705523584	6.72805733674318	0.58288306128868	7.83750667191654e-05	0.000659344145063405
4970	chr13	64444629	64450825	8.44701646994711	8.69697655438359	8.14448034675154	0.45961335232512	7.87856943226788e-05	0.0006625049590386
15020	chr6	86827868	86831642	8.223565994942	7.94519891555036	8.45681140965432	-0.432187001176701	7.93403027986739e-05	0.00066687316510896
16325	chr7	112884124	112891214	8.44315373374177	8.69038978020768	8.14460346168943	0.457091851893626	8.00152780244004e-05	0.000672248765659626
12978	chr4	125726833	125730707	8.50028109880795	8.75188365763175	8.19533270064362	0.460781135674039	8.03978938270381e-05	0.000675035961722897
15646	chr7	24664137	24674106	9.2271496945459	9.46119668840135	8.94763907905618	0.433587167054433	8.04330134475302e-05	0.000675035961722897
8617	chr18	39950455	39986917	11.1855600958235	10.9852097986425	11.3614497233171	-0.331788648966803	8.0453730197439e-05	0.000675035961722897
15178	chr6	100417867	100424342	9.02493383499079	8.77762315639523	9.23598916731431	-0.392472615275847	8.07456449735356e-05	0.000677185857690116
14086	chr5	117952440	117968254	10.4605634162984	10.6120785727624	10.2912481041058	0.286743255495168	8.07903206159461e-05	0.00067726126102917
10073	chr2	45103596	45109061	8.43347435199706	8.11395786526031	8.69489877656873	-0.475203529810899	8.10111009407845e-05	0.000678812222849955
8143	chr17	71167441	71181559	9.91079744888356	9.65342763792194	10.12913007038	-0.40487826477895	8.12419908324384e-05	0.000680446488971248
17521	chr8	127501345	127513371	9.69153705841539	9.87453986113919	9.48190156896869	0.34556467109245	8.14749906599794e-05	0.000682096977386744
14317	chr5	139860048	139865386	7.88349754189107	8.18761842532599	7.4976588357496	0.542626385247951	8.16925797438334e-05	0.000683617050687043
11921	chr3	105846234	105855390	9.00305420881027	8.778192187902	9.19754871611855	-0.366757751694757	8.17993368309219e-05	0.000684208732355252
4239	chr12	104858866	104868308	9.39900297287363	9.58786555705848	9.18163849930675	0.353503634258863	8.19659524933798e-05	0.000685300357873064
13872	chr5	99854216	99860680	8.52531407139494	8.83353269520021	8.13284010117723	0.551449961776108	8.25704303950536e-05	0.00069005028554281
12425	chr4	43498246	43528643	11.9195095111796	11.7169053650174	12.097133202534	-0.33423288583551	8.31664925506118e-05	0.000694725731566048
15216	chr6	112945008	112949567	8.33465090488582	8.0241334567921	8.59002776365613	-0.464982968069636	8.34634551713589e-05	0.000696899654948183
1436	chr10	13900876	13913019	9.13766769426032	8.88236547086103	9.35451164554633	-0.401249246264767	8.38357495127164e-05	0.000699682515937103
6192	chr15	12701007	12711533	8.80244533974235	9.02998128119657	8.5321790584837	0.424195804246533	8.38704738793883e-05	0.000699682515937103
7491	chr16	94291546	94298415	8.5916386245938	8.8642634036923	8.25520436413018	0.494324966850459	8.42476076488505e-05	0.000702519923360076
4414	chr12	118025857	118031762	8.32395600313775	8.56936649660327	8.02806656151566	0.454411644247318	8.44538322993773e-05	0.000703930295656514
15939	chr7	68061126	68074703	9.72293426861607	9.91478034783594	9.50160649103501	0.360397113856514	8.44981453855338e-05	0.000703990474658492
10699	chr2	122202318	122216261	9.76773142610741	9.53824120780945	9.96567702915143	-0.371624799349079	8.55160185204253e-05	0.000712158190214635
14200	chr5	129206825	129219147	9.43820124531621	9.70762638940517	9.10663364774656	0.490954843386011	8.57394253729739e-05	0.00071370550620775
4710	chr13	43514344	43526190	9.62774564167144	9.43190059561489	9.80015460941353	-0.324767140872522	8.58829242520226e-05	0.00071458659332711
9559	chr19	58216733	58221211	7.52999799421356	7.83026470662576	7.15035536208603	0.536518604671616	8.6258172647949e-05	0.000717138798366985
4521	chr13	22051623	22072985	10.3688806785477	10.1763961407077	10.5386808031139	-0.3192528030406	8.62652340308671e-05	0.000717138798366985
2847	chr11	67927900	67942369	9.42467532485905	9.67982393309344	9.11449569085933	0.467335510162088	8.63715443122163e-05	0.000717708204685444
12885	chr4	118612054	118618395	8.63187428704719	8.89092326809166	8.31590376192183	0.473265733494016	8.64955896896512e-05	0.000718424418695795
1241	chr1	180777504	180799204	10.791169467378	10.6164980898247	10.9469584506702	-0.2936867548803	8.75136561896901e-05	0.000726562415058674
3259	chr11	97894937	97926043	11.4579124806931	11.2943562186122	11.6048002623498	-0.27853551461464	8.76848863786712e-05	0.000727665701172191
17309	chr8	115785086	115793497	8.4855152537475	8.17178525033545	8.74305826949557	-0.476479727783751	8.79092560452726e-05	0.000729208815770642
11104	chr2	164481479	164490740	9.96372470576394	9.77957762821768	10.1270053699182	-0.307822431629315	8.80289616850148e-05	0.000729882771437263
10071	chr2	44527877	44545491	9.93585310176026	9.72220707064236	10.1219034124295	-0.350385759143552	8.81131026973987e-05	0.000730261386940581
12588	chr4	59911792	59917314	8.6291862135886	8.84458955390408	8.37587998588851	0.402916143045891	8.8279548637318e-05	0.000731037866874264
3331	chr11	101698477	101718896	10.488789314937	10.3189190524885	10.6407486156915	-0.288164183563019	8.82838290150067e-05	0.000731037866874264
6778	chr15	97871381	97896247	10.6430039099261	10.8417907237985	10.4123816227244	0.371481674476608	8.83632619858871e-05	0.000731376515146162
16077	chr7	84429235	84446754	9.97336491914771	9.77122851151189	10.1506291363504	-0.335843884372902	8.89533698045065e-05	0.00073575651125249
14302	chr5	139066915	139071283	8.33142118359915	8.56309684688344	8.05528905984061	0.426375339248409	8.89699769916468e-05	0.00073575651125249
7871	chr17	32585399	32596579	9.02692661535792	8.79336129126849	9.22789495022442	-0.37405012405589	8.92946939958308e-05	0.00073812020790369
3306	chr11	100378037	100407665	11.5402478819102	11.3232456624653	11.728837051002	-0.35320502469747	8.93352750236467e-05	0.000738134168338612
695	chr1	127674230	127682176	8.53034489812302	8.19551320840301	8.80191802611551	-0.490345286300274	8.95764641162018e-05	0.000739804922742121
2696	chr11	54269683	54278944	8.75237637937232	8.47888919699491	8.98218897241314	-0.425184381750645	8.98916652291933e-05	0.000742085217218295
1239	chr1	180693769	180707874	10.5766620473469	10.3508057400059	10.7718995928351	-0.364380797518433	9.00419600739275e-05	0.000743002765323074
12189	chr3	146375990	146404412	10.7785970605291	10.9592862447532	10.571993249074	0.339248964244955	9.01592791754075e-05	0.000743647526931794
12264	chr4	6611254	6638188	10.9800744826613	10.7775906987884	11.1576056908917	-0.333545849605911	9.08153632325417e-05	0.000748733613723027
15813	chr7	44865050	44875535	9.62733724723577	9.33572231897003	9.86980314394636	-0.443872973995764	9.0862687903284e-05	0.000748798503567706
6087	chr14	118185193	118200043	9.81592297928765	10.0551043803733	9.52905084987473	0.442499127058825	9.10895546276557e-05	0.000750342299165919
6018	chr14	77019117	77025612	8.38971017095843	8.66151759754655	8.05452169779624	0.49482150310815	9.14535664673864e-05	0.000753013986110424
2137	chr10	99462151	99468614	8.65658089668118	8.41030919672379	8.86687957911425	-0.391213553743484	9.15241299381567e-05	0.000753130652325923
8333	chr17	87153006	87162089	8.97894240299376	9.17486309584379	8.75217089388881	0.36813167765748	9.15471002115973e-05	0.000753130652325923
8032	chr17	47797271	47811992	9.73068100789572	9.95707930721275	9.46201962031616	0.419162786905718	9.16150423761634e-05	0.000753363036939863
5560	chr14	31931211	31939627	8.80545569758312	8.5410753076539	9.02880876788048	-0.411965374686744	9.18937049127327e-05	0.000755327252290496
6770	chr15	97512717	97518930	8.43472631384867	8.15151096419097	8.67136279325731	-0.433670159254701	9.2365293768064e-05	0.00075887485299744
13877	chr5	100096816	100102038	7.97663157745929	8.26045496003727	7.62294730689398	0.510772506752018	9.25616149868446e-05	0.000760158758474827
3549	chr11	116511182	116536979	11.5464087452537	11.3650507310111	11.707493458914	-0.304005470308781	9.29657614950597e-05	0.000763107670057099
3508	chr11	114565842	114575472	9.54249012851189	9.71912278050054	9.34117484822186	0.332726458899042	9.30011086380773e-05	0.000763107670057099
10684	chr2	121598812	121620276	9.92696362007907	9.692634490276	10.1284968597245	-0.378338012065739	9.36628725672001e-05	0.000768205556807645
9921	chr2	29881464	29889564	9.08080330931172	8.85032626388297	9.27948226214065	-0.369247183222713	9.38254846560447e-05	0.000769206856711479
6208	chr15	25547390	25555187	8.83141697024018	9.06815841355597	8.54805110916875	0.436662114517283	9.3902337630238e-05	0.00076950451894831
15519	chr6	146179362	146210296	10.9359420871548	10.763614413508	11.0898644414904	-0.290757649403897	9.39433422382253e-05	0.000769508283271161
9730	chr2	13351908	13365780	9.48224754658222	9.25529615825001	9.67830242033545	-0.366707850780117	9.41520560060038e-05	0.000770885190223445
13924	chr5	105845700	105850829	8.14109056558319	7.81088495012251	8.40961705087562	-0.488648228109332	9.46901289093096e-05	0.000774956428016294
10157	chr2	60418738	60426461	8.5119904823779	8.72767880644771	8.25828978101688	0.401621981878791	9.50754358141294e-05	0.000777774438067398
17558	chr9	13965880	13974271	9.25836921367751	9.02243252890337	9.4610896906367	-0.378462533231329	9.64173987744031e-05	0.000788263459961882
12657	chr4	88677675	88708703	10.9844975303811	10.7691555792433	11.1718320516058	-0.350809828638112	9.6440684653116e-05	0.000788263459961882
10672	chr2	120490522	120497682	8.54521078548687	8.27441642513642	8.77312058764354	-0.425300468071681	9.66247419113228e-05	0.000789427884948341
3159	chr11	88235594	88242354	8.62824499875222	8.34074307378234	8.86786360079426	-0.442547836575424	9.69169439362209e-05	0.000791474474597907
2122	chr10	96963849	96967966	7.7320937497365	8.0018738022433	7.39998767460742	0.489747968769745	9.72644308920864e-05	0.000793970595226197
13236	chr4	148733111	148751988	10.5739987600019	10.7740250775982	10.3417055710863	0.373047116094064	9.7362901858525e-05	0.000794432723290174
16987	chr8	71564283	71582461	10.1957057417423	9.98549123347233	10.3791494476822	-0.342985463644826	9.75342688943811e-05	0.000795460480325566
11772	chr3	96161548	96165952	8.44100128641238	8.0991864994582	8.71714280910861	-0.496528466433218	9.75726855049221e-05	0.000795460480325566
8863	chr18	78084732	78092813	8.81469519997336	9.05320184215266	8.52879415901047	0.436835292942019	9.78905662943256e-05	0.000797709342078147
7361	chr16	63862709	63865679	7.24124446711318	7.59681955089237	6.76832379477338	0.61348883356059	9.80982276677536e-05	0.000799058481934033
4027	chr12	77687193	77692515	7.94043707916811	8.18313570345663	7.64848509032588	0.446159649993217	9.82905637354063e-05	0.00080028168560029
5921	chr14	67132865	67137139	8.04455194510635	8.29448045607647	7.74206212697314	0.458166398667253	9.94593688653099e-05	0.000809450841206997
7076	chr16	23382530	23396334	9.71024263804291	9.51901468900802	9.8790644649254	-0.319276946095457	0.000100653371760614	0.000818817120722111
15934	chr7	67751461	67767450	10.2451410812791	10.4229844277559	10.0422509934665	0.332904479112619	0.000100879980600398	0.00082014156084003
8158	chr17	73039194	73052143	10.1138291281755	9.90059773276102	10.2995650581741	-0.346817290436968	0.0001009026052248	0.00082014156084003
13199	chr4	140646324	140650425	8.7433508027467	8.99548019463993	8.43762721570786	0.461583875860733	0.000101225138065998	0.000822410914107263
3334	chr11	101779077	101796150	10.3179713541289	10.1316153157503	10.482985855855	-0.310408171964028	0.000101621043214182	0.000825090288731851
17489	chr8	125710547	125718388	8.8585922232742	9.09778000047527	8.57171091230287	0.440028587612371	0.00010164187233548	0.000825090288731851
3942	chr12	70772834	70786828	9.69850416223371	9.91968702827421	9.43716143194854	0.41021008276482	0.000103084942578129	0.000836417556234778
18089	chr9	67274787	67283569	8.62801849584374	8.87108101101397	8.33553921500414	0.444354377935189	0.000103125406058769	0.000836417556234778
7783	chr17	27682072	27691713	9.54789216845862	9.33205496003426	9.73560121593368	-0.349927192152331	0.000103515111342154	0.000839219691654306
16881	chr8	41049569	41057788	8.90256025613587	9.14687678824611	8.60826135756244	0.448335890750614	0.000103981621175007	0.000842641839573211
7631	chr17	12388788	12400304	9.49471422109729	9.67345899309896	9.2906496293147	0.334598462111684	0.00010505304496669	0.000850765348164052
2213	chr10	117608224	117623885	9.80180866621422	9.61630193865373	9.96615709517844	-0.309598762679383	0.000105073711791798	0.000850765348164052
7315	chr16	49151207	49154940	7.86319762462919	8.14106773306738	7.51872594288697	0.50184988628605	0.000105469685091735	0.000853607314863986
16533	chr7	139068986	139079954	8.91879151213953	9.19625762317528	8.57494151160153	0.502059330977192	0.000105550550071915	0.000853897651242488
12192	chr3	146572505	146584799	9.13263902920041	9.33181551267019	8.90149181464764	0.369022577213767	0.000106620140501916	0.00086218306203062
8578	chr18	38479920	38488246	8.91010565944961	8.67581219678854	9.11161253153154	-0.374756666726935	0.000106968440576917	0.000864631189825091
14356	chr5	142955403	142967510	10.1445601649402	9.95954276628312	10.3085245194396	-0.307358255308092	0.000107575679793523	0.000869169360068653
7215	chr16	34942028	34945413	7.7822611775486	8.06740231578188	7.42652455878504	0.514610340426545	0.000107643915928134	0.000869350587404279
11603	chr3	69594723	69604225	9.43519614650016	9.64244567704379	9.19309826161918	0.385554207543403	0.000108042926008465	0.00087220191098029
12824	chr4	109651597	109662450	9.59083532241761	9.27705019629806	9.84841543581111	-0.468601848765235	0.000108387443900562	0.000874611095998628
2327	chr10	128793243	128799184	8.29725052231297	7.97079260953103	8.56329692440081	-0.487390241058881	0.000108604013219112	0.000875986216270943
14570	chr6	31257024	31283839	10.8727444223381	10.7128807269069	11.0166476432487	-0.273168375418075	0.000108925095506621	0.000878202798479253
2296	chr10	127047178	127055743	10.2772623341555	9.98288349234512	10.5216338991168	-0.446995185568693	0.000109260059889251	0.000880529374368619
3983	chr12	75738182	75744088	8.13450500645687	7.82986046250723	8.3859009304307	-0.454665451015165	0.000110257761586766	0.000888033188343128
14217	chr5	134724321	134728863	7.64377628309144	7.95918665040854	7.23953665275671	0.554345960023982	0.000110284747611821	0.000888033188343128
13211	chr4	141379640	141381470	7.70226023823695	7.96944631321426	7.37408215206918	0.487755902080768	0.000110865938866377	0.000892334458755285
7779	chr17	27458661	27466979	8.68917957029111	8.94750770555606	8.37428221991849	0.471418837967496	0.000111344837601706	0.000895809102519191
10960	chr2	153525686	153538617	10.2963645040744	10.0895623418457	10.4772053215374	-0.337279997935306	0.000112213406377159	0.000902414508318688
17326	chr8	117021599	117026047	8.26428569976006	8.53139918916404	7.93621727286262	0.481370698740882	0.000112350692325748	0.000903135870245818
13000	chr4	127310214	127319068	9.23168944746704	9.4423149181475	8.98496918341167	0.391319264884161	0.000113031380946643	0.000908222937758824
17811	chr9	48631348	48637757	8.29770913229048	8.52149214110545	8.03272564942571	0.414419423554823	0.000113896689570452	0.000914788519406524
7835	chr17	31000059	31008441	9.17926403904506	9.40063038886563	8.91766490843819	0.408061273842905	0.000113962619239716	0.000914930858946942
17665	chr9	35008265	35011448	7.64166528324137	7.91019732903663	7.3114512469974	0.485524677465915	0.000114110811049142	0.000915733227442564
8887	chr18	80526967	80540538	9.87406987658757	10.0949962264861	9.61308547107528	0.407865007691283	0.000114503528242989	0.000918496391599195
12530	chr4	53188935	53194641	8.22735430255303	8.45000644784357	7.96395620461331	0.411718667307374	0.000115081096689028	0.000922739389125922
14032	chr5	113623144	113654118	11.7075052080251	11.863857414348	11.5321253134302	0.294545441841906	0.000115252379767174	0.000923722515034288
9167	chr19	25397272	25403292	8.75625492294375	8.98754717763615	8.48066778786038	0.424078241611829	0.000115696634389645	0.000926891694420041
4495	chr13	19831768	19842349	9.25264719378329	9.01220536639359	9.45868266372482	-0.384138818991843	0.000116112039196616	0.000929827169583368
11862	chr3	101983901	101995095	9.450958390683	9.6338027332807	9.24153089999486	0.340973628033909	0.000116459496196962	0.000932216270907691
1295	chr1	183235719	183242711	8.78886542160022	8.99416621567642	8.54942414157172	0.38034664673124	0.000116635369344535	0.000933230469978888
15269	chr6	116458654	116462233	7.74336823591605	8.03722434917116	7.37393662964897	0.525182424991487	0.000116822451991396	0.000934333466643367
8679	chr18	56615528	56627887	9.92545562467838	9.74501122178608	10.0858193603823	-0.301433291481267	0.000117272623171059	0.000937538801669558
3003	chr11	77867760	77871868	7.95194088680346	7.62724136330243	8.21681995838288	-0.479701508862768	0.00011754189117426	0.000939295811619488
18369	chr9	105509787	105527861	10.0570645067039	10.2262625619184	9.86535353600606	0.317660352506937	0.000117663885203488	0.000939874948348902
8765	chr18	65022406	65027921	8.49978360704717	8.21222978122162	8.73943822398773	-0.436132679905053	0.000117760384054881	0.000940250033225744
5992	chr14	75651486	75662131	9.10532064223859	9.30784913077794	8.8696441267	0.375094104935501	0.000118370035102125	0.000944720309589243
16639	chr7	144726660	144742355	9.59366999885402	9.30288779191974	9.83556053872321	-0.444366542031149	0.000119155186607556	0.000950586921658176
17170	chr8	95235785	95243776	8.51690348692164	8.80619046308735	8.1546784901797	0.516040859538221	0.000119546385889355	0.000953307083106753
8299	chr17	85886092	85890901	7.33289473922982	7.63073693548613	6.95712780425022	0.529348308498434	0.000120594019558127	0.000961257411673116
3033	chr11	79795362	79805115	8.80190796843771	8.53875301087181	9.02438649198731	-0.414309562514709	0.000120895550560871	0.000963256361920559
12375	chr4	35144602	35166428	10.4963958788184	10.2471018796404	10.7088929794984	-0.392655178616217	0.000120989307865801	0.000963598856057507
478	chr1	80235215	80245047	8.91927702650714	8.62516220994438	9.1634668171496	-0.444434795781844	0.00012154489104493	0.000967617654002405
16810	chr8	33874445	33880635	8.31465359404122	8.60742837763855	7.94693281966232	0.522068862257862	0.000121700857655479	0.000968453072303288
35	chr1	13535004	13539417	7.63299082198272	7.29202331378459	7.90857999564245	-0.499211211477398	0.000122057093662632	0.000970880796572962
2628	chr11	49165856	49175794	9.14453409562788	8.92375082463045	9.33597113187547	-0.358337803534365	0.000122284513876095	0.000972282274342022
13748	chr5	73346740	73350821	8.2307111401288	7.8865892401372	8.50835397943353	-0.495012604489704	0.000122522579681309	0.000973767185833987
12569	chr4	57774496	57786113	9.9955182358442	9.77711178459547	10.1851665924606	-0.352982803507748	0.00012289073335899	0.000976284314951973
4355	chr12	112944852	112955179	9.49061900970033	9.28076929316794	9.67378497542106	-0.341254962898104	0.000123038503302425	0.000977049269530011
4501	chr13	21095354	21101961	8.63853981201361	8.36784241949112	8.86638098200808	-0.422199803027362	0.000123225859002932	0.000978127803436489
9152	chr19	23512094	23523373	9.26870336999534	9.44717620289241	9.06499327677295	0.332970487086344	0.000123657054691993	0.000981140150919457
17057	chr8	83400192	83406303	8.4557416983103	8.73754439019894	8.10519527846399	0.505606069275231	0.000124421517854407	0.000986793141395228
14760	chr6	51201817	51208669	9.21781615605821	8.94148158784112	9.44963417955233	-0.424370259334011	0.000124801198635445	0.000989390956099464
15922	chr7	66030183	66054650	10.7066340461817	10.8671010232739	10.526058880996	0.302503255493448	0.000124875079163071	0.000989563309994122
2809	chr11	62683905	62690726	8.19514031588092	7.89920166707638	8.44058462116157	-0.45413790393693	0.000125157632006917	0.000991388438171651
11215	chr2	172784272	172792067	9.61676724624795	9.87959449537941	9.29514983065167	0.477054965742225	0.00012583182107594	0.000996312946266279
9708	chr2	11387225	11393127	8.422109339268	8.15771953661275	8.64546912216259	-0.413166122459038	0.000126051969332243	0.00099763983567833
11235	chr2	173537793	173546561	9.14469592800815	9.39387151992708	8.84330958704485	0.453876489187593	0.000126129868201774	0.000997840253689648
9351	chr19	41384565	41395608	9.40677645997832	9.20136606212197	9.586552538108	-0.334274769510232	0.000126530412232837	0.00100059195573626
12959	chr4	124440317	124446288	9.2148461674818	9.41686858970165	8.97985504697219	0.372427007628099	0.000126946252100535	0.00100346172321481
1759	chr10	59635203	59646533	9.05365469955962	8.7800256620861	9.28356736174794	-0.421134376963773	0.000126999054700562	0.00100346172321481
7304	chr16	45651165	45664446	9.76208814344855	9.56672377200733	9.93412461305853	-0.322114472466144	0.000127128381415349	0.00100386849510524
16247	chr7	105625923	105636152	9.47927531276919	9.24471755713308	9.68097754116986	-0.373233705726599	0.000127156323422362	0.00100386849510524
3407	chr11	105288782	105303383	10.3975708961564	10.2318504771243	10.5462014785839	-0.280526226236978	0.000127337531972881	0.00100488108911156
2107	chr10	95617457	95634116	9.8335403240918	10.0061152989351	9.63748096952701	0.323764163828105	0.000127609247501605	0.00100660677819325
7124	chr16	30076668	30094743	10.0025657039944	10.1756001023173	9.805912957493	0.324052684456853	0.000128027512678072	0.00100925362840965
2876	chr11	69258531	69263741	8.15000328691006	7.86383354889639	8.38869670974742	-0.435772070197668	0.000128128240756313	0.00100925362840965
14405	chr5	147241963	147248212	8.68520707809876	8.89501111139596	8.43961389720439	0.385725359695811	0.000128137249379549	0.00100925362840965
1466	chr10	18581913	18588362	8.2748423964784	8.51587092192809	7.98530627462879	0.442993454379085	0.000128157502738145	0.00100925362840965
17477	chr8	125269216	125273756	8.1010812868107	8.42569914883518	7.6815496681715	0.566247793809247	0.000128543844106074	0.00101187624109879
11069	chr2	163208308	163252307	11.8385660297444	11.5861998508748	12.0532896993259	-0.396208757888367	0.000128773909509348	0.00101326701018985
5103	chr13	94165800	94177720	9.91857012607584	9.71204397192279	10.0991999335919	-0.33630772219758	0.000129038233134019	0.00101492607818092
12312	chr4	11903973	11928260	10.3873417942088	10.1583759286392	10.584897374308	-0.365889980625223	0.000129357820891804	0.0010170182612699
7342	chr16	51279741	51300858	10.1324012553543	9.92934694308861	10.3103707212436	-0.331560920122213	0.000129949868434161	0.00102124991843145
14681	chr6	47433577	47450470	10.1193033166731	9.91674120387747	10.2968947122771	-0.332541521011586	0.000130064263106052	0.00102172584829874
16346	chr7	114199802	114206967	8.37154888746145	8.10707291453257	8.59497011839079	-0.409325709374116	0.000130127863870294	0.00102180253553757
12889	chr4	119024909	119030469	8.61491140865968	8.84024235501842	8.34775298651328	0.414692360319793	0.000130588532653915	0.00102499576560738
889	chr1	151010595	151016593	8.37426117785289	8.60495781248728	8.09951998018862	0.419583377839012	0.000130654655093137	0.00102509082224582
10394	chr2	84433252	84438117	8.15316894211454	8.42754629170772	7.81405744197086	0.496385745324214	0.000130722704403212	0.00102520091192916
11212	chr2	172660996	172663609	7.5081215191942	7.83431519241239	7.08594657594027	0.569553044268571	0.000132168838508726	0.00103574340835813
6384	chr15	57844569	57857054	9.61348028108798	9.3974157696619	9.80136114534078	-0.349092430771167	0.000132176117553264	0.00103574340835813
11195	chr2	168830279	168833019	7.3895283640087	7.68320748029099	7.0203770212234	0.521374154862661	0.000132757106245796	0.0010398667434746
9711	chr2	11567920	11578734	9.42131070214495	9.1784457699797	9.62912173961932	-0.384987962807769	0.000133196393407652	0.0010426799599189
962	chr1	154028165	154039102	9.08128074673255	9.29567046077967	8.82937607345788	0.393692809371626	0.000133226139564957	0.0010426799599189
6485	chr15	73382084	73397650	9.87222939500128	9.64985108888055	10.0648638864413	-0.35957602445217	0.000133296461633343	0.00104280030722969
8413	chr18	12560842	12609757	11.4295400516856	11.280244191258	11.5648247817351	-0.256347172688064	0.000133806549864759	0.00104635950139401
8543	chr18	36137113	36140532	7.21760009662647	7.53340608226027	6.8127087324595	0.557209660396765	0.000133906710964559	0.00104671147751086
3180	chr11	90162827	90170394	8.51733297054583	8.7288072039725	8.26944652977204	0.392604311091161	0.000134146089045526	0.00104815093618569
12604	chr4	62980195	62986885	8.39948642093482	8.62868805597019	8.12686479909414	0.420548858254854	0.000134255249267539	0.00104857217113112
12721	chr4	102313414	102321378	8.83312883311156	8.5845047709514	9.04513930804294	-0.389407823904047	0.000134450558231694	0.00104966562923871
8441	chr18	21122942	21129775	8.5144273480659	8.75706486286456	8.22256387730843	0.43984091770582	0.000135004309827449	0.00105355542607531
17699	chr9	40504933	40512565	8.89278853077947	8.65000045257333	9.10054333162327	-0.383957407685743	0.000135157065104545	0.00105431399039012
11194	chr2	168818140	168822413	7.86833356679487	8.16210695775853	7.49903295708668	0.518112449399447	0.000135476814469478	0.00105635790308704
2507	chr11	29913108	29924315	9.1554672862416	8.93602159520823	9.34589835991742	-0.355318624591333	0.000135640488929475	0.00105635790308704
6217	chr15	27916161	27919550	7.19545954318434	7.53663687913346	6.74775799363889	0.590224126946707	0.000135668716029949	0.00105635790308704
11558	chr3	60718536	60721495	7.74095046041303	8.02553476340188	7.38608167374238	0.506636898813584	0.000135684536814725	0.00105635790308704
15840	chr7	45815519	45820872	7.97896336253909	8.22426618771386	7.683230594418	0.44667602135004	0.000135749013958545	0.00105635790308704
18101	chr9	68934814	68945321	8.87930358756097	8.63186434522676	9.09045248266973	-0.392222657548858	0.000135753038918241	0.00105635790308704
14449	chr5	149283758	149287983	7.55828561100401	7.89890597581714	7.11154585154216	0.585444877401002	0.000136003719026679	0.0010578748292653
6714	chr15	88912005	88916295	7.69264981421315	7.99890130831225	7.30336727888929	0.536455219600254	0.000136069497211807	0.00105795288307369
3752	chr12	25621403	25653832	10.9503549012581	10.7476417742386	11.1280623187836	-0.331081274331305	0.000136885783924496	0.00106386375638944
18118	chr9	69942190	69948836	8.466410493435	8.16156021455218	8.71794633462463	-0.453959616572179	0.000137298560247542	0.00106663502862796
2017	chr10	84850405	84862474	9.42868587853084	9.15551774188626	9.65827334512444	-0.421292259956413	0.000137416127974941	0.00106711157644697
16441	chr7	126050701	126064700	9.75711307432866	10.0016847013414	9.4624435502005	0.445240436974072	0.000137537661991423	0.00106761852226389
1213	chr1	179660347	179673818	9.81524382290923	9.57374339683084	10.0220556331157	-0.380297401116242	0.000138026249985439	0.00107097309831302
4941	chr13	60475365	60481845	7.7023286488706	8.00688585528694	7.315785771496	0.535431124025215	0.000139588941520685	0.00108265570948961
8842	chr18	75837239	75841356	7.70250700626509	8.00100968165318	7.32568594237949	0.525052847070313	0.000139723868588026	0.00108325951876313
6473	chr15	67523834	67531931	8.60877461363078	8.32208111885161	8.84783194855859	-0.43748237539414	0.000139803385608592	0.00108343342403653
8471	chr18	31989776	31994131	7.74922904750653	8.00395791876615	7.43967028448162	0.463187494896189	0.000140455466396572	0.00108804257009818
13309	chr4	152271697	152296404	11.7067086420139	11.5201077467249	11.8719150431127	-0.308822718885051	0.000140896052324475	0.00109101027216084
4860	chr13	53120639	53125473	7.88351486575349	8.17545645227262	7.51711008328337	0.517542329150781	0.000141358474641664	0.00109414457186955
9874	chr2	27210357	27240499	10.9345740017868	11.1374231833047	10.6984628599629	0.375491767817533	0.000141482884531217	0.00109466109478922
8763	chr18	64939349	64951888	9.26531419020199	9.47687160706522	9.01731336999599	0.39077655219147	0.000141551484181673	0.00109474556572289
18436	chr9	110241994	110252527	9.42277301145947	9.20590707772719	9.61125928628956	-0.349737322592274	0.000142021889633176	0.00109793622946967
5928	chr14	68015446	68024517	9.08709814678204	8.86620929996409	9.27861451458275	-0.356138768374939	0.000142365385752904	0.00110014358965976
9340	chr19	40957118	40962139	8.51960162223678	8.76628590034077	8.22185645164686	0.446695545494612	0.000142990992349575	0.00110452830435596
8683	chr18	56858929	56883914	10.8567427666057	10.6795482118545	11.0145352434951	-0.296663399464765	0.00014358491944587	0.00110831242869242
18484	chr9	116028793	116035117	8.40318186131727	8.66377325838165	8.08491054035757	0.470722336494031	0.000143597674385092	0.00110831242869242
2841	chr11	67451315	67460691	9.80291613719862	10.0511276423564	9.50294068994109	0.450355891207379	0.000143846241330211	0.00110977959927076
12596	chr4	62808246	62813170	8.0776580608468	7.77152986527878	8.33006224360722	-0.453298649763543	0.000144084045236268	0.00111116257396958
13489	chr5	30610739	30633374	10.6638577658823	10.4782447331161	10.8282896031103	-0.307141590426493	0.000144544600071307	0.00111421130215558
9722	chr2	12883151	12887885	7.65479188829919	7.92116266345647	7.32784472778339	0.483000339452071	0.000144596787881826	0.00111421130215558
4425	chr12	119143563	119152763	8.70750415697396	8.44036104694353	8.93282421941922	-0.415317734349257	0.000144875340473735	0.00111586020798087
1510	chr10	21378230	21383034	8.21338977156673	7.8929041711443	8.47546171252587	-0.472163403943395	0.000144928363595177	0.00111586020798087
11847	chr3	101543476	101550434	8.74839134021888	8.95077998701843	8.51290427707758	0.375277096043978	0.000145226239174839	0.00111770024059175
17984	chr9	61355468	61370380	11.1563780117362	10.8671218735089	11.3972126772453	-0.438557441547822	0.00014646583136807	0.00112678354825075
330	chr1	60169713	60179902	9.08197627412084	8.81459189554045	9.30746780824656	-0.412699834130764	0.000146833588404775	0.0011291550544304
17414	chr8	122029726	122059994	10.7909738460103	11.000702622053	10.545483848492	0.387044695121555	0.000147574986973162	0.0011340849063702
12492	chr4	46787195	46793029	8.25884321454856	8.47826178198207	7.99996193249072	0.404523189024659	0.000147594168224584	0.0011340849063702
10875	chr2	144104194	144111129	8.45739552102972	8.69670055175701	8.17034534820478	0.433972284603761	0.000150113642478738	0.0011529772645099
11135	chr2	166116046	166128093	9.2186978179073	9.41105638361275	8.99668732439726	0.356025873828294	0.000150521618572359	0.00115564312252622
13065	chr4	132923615	132930775	9.08164716265539	8.8316581643709	9.29464868153199	-0.391935883254782	0.000150772533511324	0.00115710146118537
8965	chr19	5003612	5015848	10.0022108220346	9.81449668256915	10.1682889634207	-0.310952056438434	0.000151740039927022	0.00116405586813862
8426	chr18	14701454	14710975	9.21103201008892	8.98066860309841	9.4096265582944	-0.366064218474215	0.000152495880927651	0.00116938154510137
16243	chr7	105518798	105522766	7.3659174322451	7.63995613765216	7.02732388854138	0.492775406678197	0.000152604113386224	0.00116973888043504
8068	chr17	50397102	50410412	9.74699400452936	9.5019833641302	9.95637303721922	-0.385337373288248	0.000153634722803932	0.00117716326366404
2365	chr11	5263692	5271583	8.87649599638647	8.60694788862231	9.103523121964	-0.41469345459441	0.000154334169451966	0.00118171113206364
7264	chr16	38641765	38646229	7.97752336956779	8.28561866117853	7.58524982680738	0.541904988406406	0.000154352805542218	0.00118171113206364
13335	chr4	155270544	155287596	10.117667783277	10.3239127555225	9.87694041626992	0.381188865214653	0.000154438538246628	0.00118189073281563
11383	chr3	28742313	28745909	7.61022792815458	7.88200455437453	7.27508636528957	0.486306703339007	0.000154634551060033	0.00118248817610688
3070	chr11	82658220	82663949	7.9542442659835	8.21701622327542	7.63270975441168	0.46903591762386	0.000154659959564065	0.00118248817610688
16223	chr7	102096075	102109582	9.96883643894452	9.73756080055112	10.168108217749	-0.368624745008478	0.000154703521854332	0.00118248817610688
531	chr1	88122136	88127267	7.78321456585626	7.47828390189575	8.03480506661431	-0.458779205987447	0.000154958198151627	0.00118395798821245
11864	chr3	102032202	102037503	7.96913269750789	8.22459236284236	7.65849266173002	0.458140545007553	0.000155945076908949	0.00119101875841245
1638	chr10	40963397	40979628	10.6890686263604	10.4948365750887	10.860226734632	-0.31923001065898	0.000156157240971433	0.00119215940321674
7825	chr17	29941713	29952266	9.34347727257662	9.5350653980262	9.12249291776619	0.354367050714339	0.000157143280147682	0.00119920479047964
3174	chr11	89143000	89145220	7.49086161109481	7.77630836010011	7.13464833110174	0.509090439242667	0.000157567600298836	0.0012019596005111
11612	chr3	79321114	79330909	9.40607415172332	9.18773263168368	9.59567357172852	-0.350368828210211	0.000158079957561081	0.00120538349319074
1044	chr1	161922547	161933070	9.27695469039931	9.06499295737879	9.46172696162721	-0.340741976343147	0.000158148307667236	0.00120542037398252
9872	chr2	27163206	27191652	11.0940292160547	11.2511067955598	10.9177359036651	0.295175600885359	0.000158424995121516	0.0012069113449727
14425	chr5	148597264	148602114	7.88189624527902	8.14106150034467	7.56575248964273	0.467241194428607	0.000158471103412823	0.0012069113449727
6385	chr15	57998464	58006525	8.95601919447629	8.70104425443755	9.17262716394287	-0.398089974352915	0.000159966834681173	0.00121781410165021
14224	chr5	134942647	134982120	11.254246699159	11.081789345475	11.408272478844	-0.288679893728702	0.000160512416210495	0.00122147760515597
3496	chr11	113579190	113585354	8.40610635322435	8.67479499733726	8.07565513215919	0.481817786637754	0.000160837639486912	0.00122346194782449
18189	chr9	77631953	77666093	11.1666730766782	11.3179256826011	10.9976856359683	0.283693102036812	0.000160968224796607	0.00122396471891619
15544	chr7	3263555	3270004	8.59541307370944	8.81246668506803	8.33981996537364	0.398175222551139	0.000162304017962327	0.00123362753580577
2912	chr11	70836758	70844714	8.59378078523201	8.31677146623427	8.82607305211387	-0.42413682949346	0.000162498060932022	0.00123460796574413
7930	chr17	35556741	35578326	10.96361567766	10.7995887348025	11.1108829014354	-0.276397556902926	0.000162961302372621	0.00123763207592236
13958	chr5	108034854	108041948	8.61163511693584	8.37827528349431	8.81245138366931	-0.371183335600762	0.000165127731765535	0.00125358368847124
14126	chr5	120388641	120413785	10.8800351030038	11.0667430127578	10.665521088508	0.34561875528943	0.00016521637965656	0.00125375516573444
10263	chr2	71126770	71131782	8.38992677185003	8.135142195219	8.6063974407948	-0.39750089931299	0.000166040853366715	0.00125950813591003
6149	chr15	6465127	6478430	9.6876273235044	9.44751374220797	9.89342186827473	-0.377538106016483	0.000166162725894337	0.00125992903505738
906	chr1	151555705	151562178	8.37861069704471	8.10257405803282	8.61021920304804	-0.420905782327576	0.000166694768852814	0.00126345847366516
13168	chr4	137792437	137801096	9.72943919949804	9.53764052233879	9.8987055457431	-0.316037485456499	0.000166870483782758	0.00126420172796168
7512	chr16	95365443	95372471	8.4667230568973	8.21870249936118	8.6782948267531	-0.38884574592766	0.000166926051439589	0.00126420172796168
3502	chr11	113769159	113772710	7.60951883557933	7.88351723771318	7.27098691527618	0.492348171525995	0.000167290732725288	0.00126645824347556
12409	chr4	42929382	42952647	11.2959902034748	11.1339710372596	11.4416372871031	-0.273351734901716	0.000167907813362223	0.0012702368547114
9047	chr19	10911272	10922726	10.6307105724389	10.436363450067	10.8019579993507	-0.318570603289648	0.000167923719293477	0.0012702368547114
15558	chr7	4599139	4613526	9.70668150354056	9.90274227220222	9.47972221175829	0.361903594967751	0.000168277907550117	0.00127240892724847
10732	chr2	126018768	126025197	8.26676533522484	8.01439058149392	8.48149520802124	-0.394023854615758	0.000169015228490644	0.00127747511808997
6702	chr15	85762244	85774295	9.44088779778694	9.6308697042758	9.22203864161344	0.349606526882928	0.000169740343010991	0.00128202133266001
5480	chr14	25147983	25171175	10.7502481421355	10.8916436541824	10.5934738712141	0.265847356604314	0.000169751810368017	0.00128202133266001
18129	chr9	70659305	70667521	8.97640640227926	8.7550252041858	9.16829259737201	-0.355004708833213	0.000172113807884527	0.00129934286389834
16675	chr8	10445770	10451869	8.64784841991805	8.901292368953	8.34018752169303	0.455287765006651	0.000173629765321864	0.00130994264726116
9671	chr2	9239449	9257122	9.77577522503654	9.56721104225749	9.95796144150647	-0.338059067893523	0.000173655919727545	0.00130994264726116
13241	chr4	148871435	148874358	7.51145431600856	7.80227617280811	7.146815005918	0.51480802218353	0.000173834916833523	0.00131077190567479
5592	chr14	34594985	34600424	7.66285663095676	7.97344085313402	7.26652959496285	0.538479805262497	0.000174148203112933	0.00131261268740284
7396	chr16	90137190	90144525	8.83233409834719	8.59157901632431	9.03859940145588	-0.379183399936528	0.000174262051694435	0.00131294937638296
14932	chr6	72758003	72763014	7.8279789076514	8.09347365868131	7.50235240986102	0.472567087314235	0.000174463569358262	0.00131394606462319
5851	chr14	62793289	62798471	8.05697184924605	7.7408937056062	8.31609306764002	-0.471110151691772	0.00017473265530729	0.00131545064064936
17355	chr8	119987121	119998948	10.1819480621973	10.3347440302706	10.0110313543072	0.286785819841192	0.000174811862779755	0.00131552511645399
12199	chr3	148849923	148857964	8.84910628300211	9.09913081958698	8.54647562771677	0.450128497728773	0.000175094461740443	0.00131712952412678
11160	chr2	167198416	167212432	9.84151406112102	10.0783044099678	9.55807806359704	0.428793626164761	0.000175274483665965	0.00131796134132185
1678	chr10	43146081	43151833	8.44561277543802	8.66749945603889	8.18328610892102	0.402047768187618	0.000175489024261426	0.00131905195701291
13434	chr5	24738563	24748813	9.43012515656654	9.23365252825027	9.60302013692482	-0.3226473694085	0.000177033488549269	0.00133013403767877
358	chr1	62929490	62938576	9.1874295878777	9.38861782977559	8.95356701190066	0.369866926977923	0.000177405250717368	0.0013323997836822
12488	chr4	46428602	46443229	10.3057983771205	10.0792482676699	10.5015538767977	-0.360480881635709	0.000177597692555303	0.00133331748694901
2047	chr10	88314105	88322324	8.63316790621205	8.88497341197303	8.32792097218222	0.453239378436872	0.000178638991385276	0.00134060475187867
4179	chr12	99059190	99106439	11.9722809148453	12.123250863661	11.8036463046344	0.283264144620314	0.000178870007823494	0.00134180785710755
17046	chr8	82398573	82413421	9.34095812981239	9.12955308307684	9.52530741197248	-0.341940451133302	0.000179542037314029	0.00134571743568877
17933	chr9	57897480	57908999	9.45372503426985	9.25537069662454	9.62807500325192	-0.322861280168161	0.000179592907790955	0.00134571743568877
7826	chr17	29960119	29973109	10.234396961956	10.0705599793762	10.3815110750281	-0.27626730074225	0.000179603891912095	0.00134571743568877
6816	chr15	99478746	99550359	12.682930212619	12.8366623522198	12.5108409853232	0.287879788216617	0.000179682918745335	0.00134577826158947
2705	chr11	54884829	54893300	8.8553603228334	8.59440677499847	9.07626457734502	-0.401863691330899	0.000179830833857104	0.00134635479123234
18553	chr9	120655130	120659638	7.45493240588481	7.75115295255686	7.08174832986829	0.516633434089698	0.00018113424220636	0.00135557838439846
11145	chr2	166316270	166322631	8.54162710778335	8.75460154564734	8.29167543702758	0.392894437373651	0.00018167341584216	0.00135907755588031
4647	chr13	37326842	37343110	10.1692344420552	9.97587150399784	10.3397175322975	-0.316319931502667	0.000181813002144722	0.00135958588168033
14258	chr5	136876732	136896886	10.7019284405755	10.8422289838941	10.5464993870496	0.263435660567962	0.000182390417076608	0.00136336657175933
2118	chr10	96772142	96780545	8.81467597729781	8.58332716749693	9.01400204543919	-0.364383140065704	0.000182605362619958	0.00136443589652133
13484	chr5	30482715	30495733	9.29680493721301	9.54379953636525	8.99860706122386	0.446427584738745	0.000182923414345659	0.00136627449069904
17813	chr9	48695072	48701756	8.33146186679702	8.83762170320287	7.54492810277522	0.724959138644522	0.000183657449567028	0.00137101294038799
14943	chr6	73154956	73185632	11.0692599609603	11.2229683947847	10.8972004454089	0.287905555788985	0.000183702297666191	0.00137101294038799
6749	chr15	96170627	96174245	7.70280943606957	7.99215177759042	7.34049746638574	0.504730734483114	0.000184060613191661	0.00137314716107097
14222	chr5	134907767	134918015	9.34485253109475	9.52677346221551	9.13663608346186	0.335466484682677	0.000184474340699674	0.00137569293207824
14316	chr5	139845405	139852264	8.46077868810922	8.74948256982325	8.09946914846579	0.508053277311552	0.000184840296711242	0.00137788059359099
12476	chr4	46031758	46046364	10.7021073155162	10.5120601794414	10.8700084561842	-0.311900818642614	0.00018501163084197	0.00137861631007058
7026	chr16	21229461	21236453	8.94227340037753	9.23638406075764	8.57243857909386	0.515641082583121	0.00018511941712413	0.00137887810737789
4688	chr13	41105858	41117306	9.73516345674483	9.93471211203842	9.50351457539686	0.366376999872747	0.00018541995791146	0.00138003356306613
16587	chr7	141417401	141429122	9.78035818146255	9.56947632159707	9.9643096665935	-0.338022523968097	0.000185419968692693	0.00138003356306613
1220	chr1	179872862	179879233	8.3060604482661	8.52732668822451	8.04460122091916	0.402353181062914	0.000185750546803032	0.00138195202970394
18111	chr9	69607795	69651580	11.6791694778409	11.5048740126991	11.8346594345674	-0.290952820599167	0.000185945323134088	0.00138285904692863
14866	chr6	65759902	65768053	8.55911805179122	8.3153611726332	8.76758137763217	-0.379832049118831	0.000186808598143015	0.00138873497225079
14030	chr5	113605081	113612536	8.81654134192179	9.05166863131619	8.53548713004954	0.423576585329782	0.000188096047049277	0.00139775836998756
5217	chr13	100869900	100890276	10.1886067677138	10.3631802787215	9.98996294139508	0.323736358264506	0.000188300690123474	0.00139873142773127
9826	chr2	25286536	25327334	12.3574169659474	12.2068955715661	12.4937070575549	-0.256569534225183	0.000188501654177562	0.00139967640635209
543	chr1	88589817	88595865	8.81688228452712	8.4975510721715	9.07818283478465	-0.465703368552544	0.000189840909369946	0.00140906946379828
5443	chr14	20118508	20129245	9.26538601690559	9.03195195116904	9.4662572217113	-0.368436960274403	0.000190059881053527	0.00141014326916141
13912	chr5	104095050	104097425	6.99678026225141	7.35351362708756	6.52180038159845	0.595444542562267	0.000191436379745099	0.00141980111417829
14972	chr6	83779162	83790756	9.37041757462309	9.14177938255379	9.56772929976127	-0.364218366647675	0.000191782817023069	0.0014218148766722
10080	chr2	45256796	45285007	10.8099369902184	10.6008535418616	10.9925191419601	-0.337301597685934	0.000192100746513382	0.00142361580167023
7420	chr16	91082785	91097763	9.97653896309765	10.1406019288769	9.79139595730292	0.304832300525115	0.000192289689321556	0.00142445980235512
8274	chr17	84549200	84555824	8.7175706410251	8.93670451324661	8.45908587452476	0.398973442593743	0.000192794046526451	0.00142763878619802
1828	chr10	63215160	63221957	8.16482433747997	7.86702473515014	8.4115459362007	-0.442503158744413	0.000194461081446556	0.0014394215541241
18120	chr9	69961705	69987178	11.067273817123	10.8839356420483	11.2299183782125	-0.302790634525693	0.00019541497126952	0.00144591841704648
14090	chr5	118183816	118197652	10.0584791312278	10.2523615526223	9.83443526610061	0.357087919184158	0.000195881620187552	0.00144880641837083
14929	chr6	72687299	72703560	10.0221978452019	10.2044521783247	9.81354435149832	0.336513047947081	0.000196048338379719	0.00144947464515336
12746	chr4	106254281	106267035	9.31811273063004	9.11487465691403	9.49622328966899	-0.329821456460241	0.000196466510530335	0.00145200074118194
13048	chr4	130784742	130801487	10.6953231636716	10.488396130879	10.8762594220835	-0.334644740039971	0.00019660507119065	0.00145245918494642
1427	chr10	11078324	11084396	8.37448271858201	8.12218630903692	8.58915591336876	-0.395616726620638	0.000198175841846685	0.00146349389198764
13210	chr4	141337653	141339179	7.10534816466467	7.45501844447161	6.6428542378227	0.591834046262444	0.000198345207372991	0.00146417490888059
1191	chr1	177340260	177347504	8.70584426124971	8.9102325051373	8.46764409986126	0.372994100054756	0.000198551326948721	0.00146512660737161
13900	chr5	103625855	103631225	8.12522083397128	8.35602044902678	7.85033343740296	0.422356647858206	0.00019872222927946	0.00146552947406384
11992	chr3	115646622	115652156	8.25690930602664	7.93732880457522	8.51837652461954	-0.469470608967223	0.000198760359673341	0.00146552947406384
13032	chr4	130003319	130013994	9.50267322173199	9.26296758115157	9.70816821477967	-0.377091965007782	0.000199262878194156	0.00146866414184345
8589	chr18	38755386	38772889	10.4046655796319	10.5636156850451	10.2260095055026	0.295650301984023	0.000201073030011672	0.00148143052662715
5664	chr14	50965888	50972632	8.41462489429208	8.16862780275353	8.62472343210306	-0.384287956551903	0.000201337002514276	0.00148258225405682
7886	chr17	33204386	33214720	9.06941064014972	8.84818627378843	9.26117905582804	-0.353348747635371	0.000201385586751592	0.00148258225405682
17094	chr8	85193340	85203913	8.87494212525556	8.63492420564983	9.08066643862999	-0.379254783042589	0.000201545031993696	0.00148318075308583
12690	chr4	97864226	97873880	8.86410621556267	8.59869597500803	9.08819326946081	-0.405013159603161	0.000201935571883681	0.00148547876696914
18126	chr9	70212693	70222255	9.02035202362759	8.80892252692747	9.20471988972932	-0.33946753264511	0.000202192434805773	0.00148679202641564
10643	chr2	118927495	118984170	12.3651567579406	12.2023826545618	12.5114135028922	-0.273969388775683	0.000202567934892277	0.00148897631151066
582	chr1	91585189	91593592	8.72343092963515	8.95499987416655	8.44745053439503	0.419273466408273	0.000203214731750713	0.0014931523011602
4910	chr13	56136788	56141515	8.01755517146165	7.71637666641098	8.26658884534861	-0.445738299968984	0.000204638002166156	0.00150302811265924
6299	chr15	38204503	38234274	11.0940817098833	10.9317739183623	11.2399619454878	-0.272966054941491	0.00020493513155751	0.00150462818639458
17446	chr8	123717576	123735347	10.3150158260533	10.4724818254978	10.1382329735326	0.293738737603859	0.000205203316861343	0.0015060145981096
139	chr1	37679424	37686636	8.68872154165432	8.92343516844741	8.40825872947577	0.42366541603414	0.000205873469790848	0.00150991239894694
1260	chr1	181542992	181555759	9.64222536304281	9.83855315949667	9.41490798118798	0.360521079592178	0.000205893529083444	0.00150991239894694
12902	chr4	119409635	119414133	8.52678151200083	8.28657781234023	8.73264221106792	-0.377735036088191	0.000206452122072911	0.00151342403430737
14779	chr6	52055159	52062780	9.03334514343482	9.23831679933089	8.79435172314	0.374281630167902	0.000206569558036103	0.00151370024786379
5578	chr14	32783937	32811226	11.3891642400753	11.1892327315732	11.5647311318445	-0.325543051062141	0.000206727524226091	0.00151427313094828
10289	chr2	72229690	72239995	9.38419778761051	9.5761714507233	9.16270010025985	0.350672374509753	0.000207507180707601	0.00151939767849134
15182	chr6	100471693	100479319	8.83017223896146	8.60722988784612	9.02322962671628	-0.355460470990388	0.000208129212589264	0.00152336456835003
2275	chr10	122530703	122537809	8.92115994269773	9.13663469077258	8.66775489003296	0.393105808144441	0.000208448901497973	0.00152511630745182
10959	chr2	153487402	153525033	11.6614357509306	11.4933667865016	11.8119522936267	-0.281916104985646	0.000209314086093551	0.0015308562774449
185	chr1	39674684	39684780	8.89526452759567	8.62834878601688	9.12042295237554	-0.409743329784108	0.000209477147172868	0.00153145869653077
983	chr1	155975099	155981375	8.17250452158027	7.89255770746106	8.4068569909605	-0.422892468139035	0.000209699658711644	0.00153249511847836
1964	chr10	79775175	79788512	9.85677507718538	9.62490439987233	10.0564882045305	-0.364623066642713	0.000211604119001591	0.0015458177731067
6719	chr15	88998677	89009110	9.24224147906074	9.43637919614994	9.01785646688975	0.355142081342519	0.000212863691106457	0.00155442092863003
6129	chr14	122396343	122443006	12.0988623871281	12.2891134401063	11.8796558318694	0.350442018250605	0.000213041917567138	0.00155512405904105
3278	chr11	99105231	99110417	8.36951530994405	8.12603789622174	8.57777433545413	-0.380523139377052	0.000213232172833307	0.00155551520580636
4437	chr13	6507637	6514052	7.83617229380576	8.09078202454874	7.52678968073618	0.453516860093397	0.000213259421756054	0.00155551520580636
4118	chr12	85736682	85751279	10.0915215175957	9.88113888113821	10.2750931890757	-0.337688126289054	0.000214559402180373	0.00156430889046577
10598	chr2	112745109	112752345	8.57007706142291	8.82929236048597	8.25385873718172	0.461429182759052	0.00021462987253137	0.00156430889046577
9766	chr2	18677403	18681634	8.14329056428082	7.79553502765467	8.42328991809232	-0.490611927474652	0.000214952138691371	0.00156554078443124
15230	chr6	113742779	113754085	9.47595866600602	9.26887778823163	9.65701249102867	-0.333932359785582	0.000215024738815135	0.00156554078443124
10339	chr2	75149467	75172597	10.5996606058474	10.7826006074744	10.3901075570249	0.337707127221629	0.000215046357817179	0.00156554078443124
1463	chr10	18524854	18530297	8.40236418215628	8.10391747337803	8.64952928163047	-0.442542294558114	0.000215450168246102	0.00156787911930321
3970	chr12	73539792	73554105	10.8453093542795	10.6270622218248	11.0348376304403	-0.348648058635694	0.000216023330539556	0.00157144760073217
8803	chr18	67924483	67934309	8.63689095243404	8.38416900158965	8.85187194074632	-0.39196707245005	0.000217547418265308	0.00158192814224417
7900	chr17	34144005	34163982	10.5965926295397	10.4355328125691	10.7414641429883	-0.271206896436007	0.000217834287446063	0.00158340748427378
5273	chr13	107909007	107914824	8.38761423281378	8.13761988013196	8.60061963619079	-0.38730509250713	0.000218092818113548	0.00158411364549867
2141	chr10	105570168	105574914	8.06483296214033	8.30987452071348	7.76948025677084	0.438589556036986	0.000218098369549924	0.00158411364549867
1908	chr10	77154352	77162319	8.7388427533677	8.96220256011072	8.47445291727085	0.403397656123561	0.000218543916114376	0.00158674253402247
1589	chr10	34204366	34216402	9.52185486126461	9.31113976269131	9.70567949864673	-0.339216861009956	0.000218789102944947	0.00158791525231058
10581	chr2	105450527	105461851	9.16814949991829	9.40121373428563	8.89004067963462	0.419306783763948	0.000218940507620676	0.00158840668735964
9243	chr19	33414606	33428237	9.74563465095182	9.50096877907188	9.95476201305833	-0.381692172910356	0.000219382364672303	0.00159100416473659
14318	chr5	139868682	139873370	7.86203873451443	8.14315810040544	7.51255089009052	0.491534395412341	0.000220149883799761	0.00159561374602063
1318	chr1	184769190	184781900	9.29759425179564	9.49926831659067	9.06307460323507	0.369165406294381	0.000220186121546343	0.00159561374602063
13799	chr5	77011049	77019213	8.85274588117015	8.6379929540327	9.0396346732406	-0.345297608178023	0.000220671407171539	0.00159852009034681
15263	chr6	115719922	115726976	8.70875139388943	8.42860401818003	8.94324426644606	-0.419942633942534	0.000221543201969149	0.00160422297984452
8612	chr18	39814313	39827356	9.52215461897096	9.27298521762468	9.73456124438177	-0.387117995810095	0.000222861323765822	0.00161315219822713
8615	chr18	39914287	39935818	10.8273318605164	10.6183987657696	11.0097993948329	-0.336703254737396	0.000223273588927126	0.00161552018461606
4284	chr12	108378454	108390528	9.30662306376488	9.53912403096393	9.02931663680219	0.417780437412455	0.000223440955086595	0.00161611504824257
4016	chr12	76984963	76991000	8.95002114907043	8.71038761593699	9.15546317818852	-0.373961581162106	0.000223527638287805	0.00161612611316734
10580	chr2	105431719	105438950	8.93144300567442	9.13658507076245	8.69221773897392	0.375802122388286	0.000223662778712109	0.00161648738658687
15880	chr7	49105885	49113892	8.61508284468617	8.80942615448323	8.39042300012623	0.357729484914829	0.000223941184623915	0.00161788341948127
2851	chr11	68286887	68305541	10.0201321612461	10.42354494763	9.45814180149469	0.640847944369406	0.000224199385246954	0.00161913247054869
13005	chr4	128641075	128673444	11.403760722809	11.5414463311424	11.2515350503263	0.258831093200692	0.000225436004822615	0.00162744387049388
4750	chr13	45217044	45226524	9.01505589730434	9.23553759915792	8.75469225449837	0.399629406434981	0.000225799763333275	0.00162945007920236
18559	chr9	120803816	120812631	8.35992566425114	8.57836758687466	8.10240384590992	0.396878413073581	0.00022597021049955	0.00162981074102471
2214	chr10	117628504	117645469	10.1008679176497	9.9207084827863	10.2610066031389	-0.296604540076729	0.000226021490614734	0.00162981074102471
7697	chr17	23675585	23687021	10.7009742291826	10.4968152758845	10.879791366875	-0.329897502063493	0.000226529715988741	0.00163285510055082
1106	chr1	165553964	165567510	9.80512095930654	9.97569134880984	9.61164567225594	0.316257171992543	0.000226893800866687	0.0016348585598515
3873	chr12	52495363	52514166	10.1157333516675	9.84082180261288	10.3465499776778	-0.415904469245753	0.000227015861358935	0.0016351172799739
12599	chr4	62837872	62858766	10.261742060222	10.441921971425	10.0558040745477	0.332352416728983	0.000227199925921974	0.00163582222840408
8517	chr18	34869638	34887156	10.4781269607097	10.2833973141079	10.649671213507	-0.316748921790475	0.000227535864222285	0.0016376197068922
5834	chr14	62047594	62059204	9.64854331441777	9.43989112800553	9.83079665053454	-0.334616126110746	0.000228050929657815	0.00164070454661701
11878	chr3	103095969	103126517	11.1933179253987	10.9953849870991	11.3673423493219	-0.321379717664653	0.000228279871373955	0.00164172932126044
5630	chr14	47369653	47375879	8.57427488780941	8.31425035258405	8.79451355050683	-0.403004328165162	0.000228696911064543	0.00164410555874771
6898	chr16	4514296	4524186	8.94059621649654	8.70604819978042	9.14229124732541	-0.368465572540437	0.000229137231614013	0.00164664729981157
18145	chr9	71813009	71818029	8.07855396731853	8.33082306736786	7.77262469451892	0.453953935243893	0.000229392387348627	0.00164785697179773
8597	chr18	38925115	38939980	10.2248519905029	10.0272753310993	10.3986010455527	-0.321374498563364	0.000229605384676775	0.0016487629949983
12076	chr3	130103729	130109135	8.14899498858877	8.40368202397426	7.83949808425752	0.452366132352528	0.000229819746948326	0.00164940935745129
1679	chr10	43154429	43162830	8.70113730716214	8.91659500563999	8.44775585139369	0.393006612276026	0.000229869210730737	0.00164940935745129
8025	chr17	47047491	47057411	9.25795985654138	9.01692202241951	9.46443253900591	-0.373709860943231	0.00023008462149429	0.00165007830133535
18467	chr9	114486673	114494053	8.84485043180738	8.60761500757214	9.04852839708346	-0.370574534046173	0.000230136322442419	0.00165007830133535
16170	chr7	99142035	99149232	8.77017910474716	8.51401794717029	8.98764193723687	-0.392168471827623	0.000230407192618681	0.00165139656673336
5622	chr14	47042483	47051114	8.56531931204214	8.7778990042798	8.31591155585026	0.38678090688225	0.000230815165050849	0.00165369611834657
8829	chr18	74709086	74715909	8.22429705736755	8.48801139057273	7.90134847021506	0.466186876390057	0.000231092329096215	0.00165505709959134
2144	chr10	108148323	108160025	9.53417613140102	9.30798947033602	9.72966035492105	-0.356796113915395	0.000231819928565851	0.00165964180469683
17345	chr8	119660499	119678986	10.3611246389318	10.5236998571988	10.1778745949174	0.301509963556144	0.000232239988557666	0.00166202215039063
2328	chr10	128891638	128915819	11.5755178023022	11.3641631233504	11.7598287991441	-0.339349344132481	0.000232815976498328	0.00166551617714352
2390	chr11	6599665	6608610	10.5228403064728	10.3006546519762	10.7153302898358	-0.352559369711212	0.000234076519156066	0.00167349058941365
2066	chr10	91234883	91238771	7.83695495062056	8.08060811770196	7.54361909835361	0.440947491798626	0.000234107040144014	0.00167349058941365
14105	chr5	118780152	118782728	7.28925331311242	7.58878172216897	6.91079268487787	0.518147587156082	0.000234432856356846	0.00167518869758907
743	chr1	132272802	132277569	8.06709565774939	8.29932627828063	7.79017407921858	0.420528290033242	0.000235508191607506	0.00168223935585956
348	chr1	62773114	62786236	9.64538787976704	9.86656623738246	9.38405144857325	0.399837934763437	0.00023614255003232	0.00168613598836095
9346	chr19	41082965	41122529	11.7119658969242	11.8567513229011	11.5510124955997	0.270655466703418	0.000236770916183439	0.00168998691923486
15831	chr7	45622636	45634378	9.68232466437951	9.47347877788948	9.86472570853124	-0.336263547433115	0.0002370105878593	0.00169106163420363
13088	chr4	134398334	134406191	9.30618373863351	9.08292911586766	9.49947512966404	-0.351848753937937	0.000237613780849003	0.00169472827761489
12699	chr4	98815167	98820525	8.58892243461368	8.82479428338797	8.30680271185339	0.426733216108816	0.000238028929658802	0.00169678151409491
464	chr1	78591267	78604222	9.59856296123396	9.4014241993322	9.77197339896451	-0.32147617789056	0.000238080466412073	0.00169678151409491
14661	chr6	41604471	41613995	9.47181804759098	9.26411807273851	9.65334475616545	-0.335286833228983	0.000238908154486906	0.00170204124024287
14415	chr5	148268728	148273833	7.99216973445128	8.59579717134401	6.9346807865197	0.725701037466866	0.000240460846404087	0.00171246018908186
16020	chr7	80152684	80166590	9.80274572277894	9.58084247975332	9.99502380810726	-0.352804645064865	0.000240832951106305	0.00171328854129942
13586	chr5	35795545	35807946	9.73044984110807	9.91365864797287	9.52054386642069	0.337702311837239	0.000240838397497709	0.00171328854129942
669	chr1	119922975	119928404	7.61719967208859	7.90042878761877	7.26443938041983	0.498696295964094	0.000240847980830752	0.00171328854129942
4609	chr13	32563901	32589138	10.4273836364253	10.2432126632008	10.590683081928	-0.302064084916155	0.000241504793385441	0.00171731715011701
14431	chr5	148726998	148736124	9.46654752548829	9.65613410972633	9.24822303565046	0.349715849235369	0.000241652022844916	0.00171772050246205
6986	chr16	18196838	18203172	7.86411310438162	8.17621751924641	7.46530120269581	0.535089604441613	0.000242071245023225	0.00172005621838105
8845	chr18	76172526	76176247	7.44520717193052	7.72150980915331	7.10314508757284	0.483867411272986	0.000242282917435339	0.00172091597679839
410	chr1	69786105	69789949	7.88121581429286	7.57496012954315	8.1337065548348	-0.452039979336861	0.000242393207467279	0.00172105525047568
13426	chr5	24472406	24476046	8.08398930982178	7.78719234595891	8.33002307778295	-0.438502412872431	0.000242657333707966	0.00172228628887191
8038	chr17	47966147	47988641	11.0939118848529	10.9053596148171	11.2606455444761	-0.308633193066056	0.000243076561978517	0.00172461684851973
15710	chr7	29132513	29139225	8.8264506892425	8.5247487476564	9.07584171914049	-0.443121840325076	0.000244750906867524	0.00173584733237621
4753	chr13	45249235	45255808	8.69650701041843	8.90039632088989	8.45898464324931	0.371456381588661	0.000245786856463398	0.00174254342503505
7335	chr16	50654970	50662293	8.72461975336211	8.92165708983388	8.49635010847804	0.360868012545489	0.000245903568546377	0.00174258038426454
922	chr1	152298340	152308045	9.19219204948834	9.39134632516906	8.96107476018769	0.364424395741886	0.000245975702062527	0.00174258038426454
3371	chr11	103315546	103321731	8.66784408287169	8.38277258709697	8.90577370710845	-0.430548282250215	0.000246919440775777	0.00174861345764309
18482	chr9	116001758	116005160	7.60507768028122	7.89644147864249	7.2395843344568	0.507275358516808	0.000247276273908914	0.00175048728180428
16972	chr8	70660996	70667644	8.85797074202545	8.61694452187247	9.06443490782429	-0.372881205858661	0.000247839796407426	0.00175382233259379
10337	chr2	75111964	75119514	8.57901744768514	8.81287146936025	8.2997822680326	0.418170808551467	0.000248632230524768	0.00175877417187088
15702	chr7	28651936	28668774	10.1353883967922	9.9730728016812	10.2812749349784	-0.272015440764953	0.000249278796353679	0.00176269086288989
14074	chr5	116072972	116079715	8.58291682690779	8.83410442456099	8.27857851565143	0.446763383314452	0.000249713255292637	0.00176510535277429
15916	chr7	64146377	64154828	8.82109118319686	8.54341084230291	9.05385469828585	-0.418161137127951	0.000249832923361282	0.00176529376488227
7821	chr17	29852215	29862810	9.48295686331699	9.67061652510299	9.26718497748024	0.342300785753361	0.000250044030300336	0.00176612789395984
18338	chr9	100597408	100610727	9.71297973325726	9.87124566379711	9.53518775845389	0.293821082110323	0.000250374892654133	0.00176780695226295
198	chr1	40283827	40292357	9.44284378505836	9.62093008826032	9.23963730538762	0.330153880099319	0.000250709292482298	0.00176950972927539
13302	chr4	151900795	151906079	8.13676998620112	8.36973457858584	7.85880316463171	0.415719823497032	0.000250970677839712	0.00177069609469141
11647	chr3	85169253	85174429	8.16512498470062	8.4099694026903	7.87005894659401	0.435409557326632	0.000251748518923326	0.0017755240210501
904	chr1	151501014	151523694	10.3142951686157	10.1460824630839	10.4649269605855	-0.280497757959877	0.000252022402839894	0.0017767953876294
5496	chr14	26294127	26303708	9.07426523828847	9.28680328584571	8.82491484309626	0.383936690382369	0.00025220765621188	0.00177744118352962
4420	chr12	118506916	118518743	9.3215646823754	9.50539053947768	9.11084798044994	0.335998069429066	0.000254060802166342	0.00178983666084447
15014	chr6	86613240	86636083	10.3853436622235	10.204300001617	10.5461803953472	-0.298553590751049	0.000256835153244529	0.00180871034264487
6235	chr15	31560895	31567916	8.36154795027853	8.11232100637298	8.57399636122694	-0.38305185129881	0.000258071165858568	0.00181674059971431
8356	chr17	90453701	90457625	8.32719275019672	8.58940160739035	8.00650209319299	0.460485452911167	0.000258211168459198	0.00181705219361777
12521	chr4	48013466	48022707	9.32893273559757	9.09391957607551	9.5309714369844	-0.36637109791463	0.000258575326355394	0.00181894037023685
10657	chr2	119788991	119802430	10.4221091968415	10.1812934697259	10.6284189849196	-0.374752554406481	0.000258892724744862	0.00182049834121257
8666	chr18	54875983	54883771	9.057245919408	9.23989394900979	8.84807604085452	0.336882321916352	0.000259051093003675	0.00182093729411731
8812	chr18	69190930	69193965	7.56599211932751	7.83783974382631	7.23074241920204	0.478801248030127	0.000260042105028859	0.0018270700192912
1624	chr10	40492145	40498197	8.56383153971011	8.30006935494823	8.78674357845397	-0.403192231761615	0.000260116085785595	0.0018270700192912
3318	chr11	101155163	101193155	12.3630033501933	12.1198650089546	12.5710144082466	-0.378391939514477	0.000260604426896655	0.00182982294416264
15707	chr7	29085496	29095358	8.92711100731876	9.16480097192304	8.6423838186751	0.42523758708899	0.000261005972641186	0.00183196462823856
8097	chr17	56791321	56799272	8.73795289344907	8.95754322021207	8.47883229920745	0.397079203343909	0.000261371592155401	0.00183385266081973
16394	chr7	120842479	120846939	8.55918687233768	8.29000194821254	8.78595652256676	-0.40718065905341	0.000261692308682823	0.00183542436307883
8047	chr17	48308693	48332829	11.2939174663146	11.1165064765875	11.45188150789	-0.293251058253	0.000262332870575973	0.00183923736633225
14756	chr6	51101683	51113456	9.44558253353369	9.61757981885046	9.25026870930196	0.317781792722019	0.000262487658649546	0.00183964301089724
286	chr1	55220697	55235553	10.3326012802567	10.0939607588276	10.5373134610876	-0.371599969507704	0.000262586263260325	0.00183965473991056
2253	chr10	120674199	120680474	8.12521562188853	8.38628705873941	7.80622698166609	0.457226308244471	0.000262751685383104	0.00184013440475496
8004	chr17	45884544	45892526	8.56844771418221	8.8291378743896	8.25002886095583	0.459650954652874	0.000262934630766301	0.00184073639148419
13817	chr5	88932378	88938694	8.48139415824366	8.7523737725792	8.1474656010519	0.476424878481658	0.000264484873208854	0.00185090649285798
14862	chr6	65666027	65693187	10.9256365644604	10.660578333475	11.1494728389749	-0.403449677695025	0.000265332019205013	0.00185597298316272
17211	chr8	104900107	104933169	10.754544569866	10.5932721480721	10.8995880406568	-0.271554664612308	0.000265404429964888	0.00185597298316272
9957	chr2	31915580	31926794	9.54588328883466	9.73179260087117	9.33242324629424	0.34172577045692	0.000265694506685283	0.0018573171426814
8922	chr18	88778922	88788621	9.01889988306011	9.2088644280269	8.80007377588872	0.350358282303707	0.000267158769014484	0.00186686534503899
3115	chr11	85246330	85252209	8.08622065565723	7.8156552573998	8.31396838971763	-0.408535097300085	0.000267983174839358	0.00187193694342149
11684	chr3	87728449	87736853	8.80247730958048	9.07700843623091	8.4631305057923	0.481485854256668	0.000268378893433286	0.00187401141224074
15411	chr6	128315444	128325543	9.36408797595082	9.56492434273034	9.13070098410835	0.367170530721903	0.000269674269238316	0.0018823640882214
12364	chr4	33553483	33567781	9.82761497446184	9.64921733169276	9.98636053655004	-0.29459520971942	0.00026989312517425	0.00188292690994549
7527	chr16	95895328	95903974	8.77011627800711	8.53930548691996	8.9690430524964	-0.362019426404999	0.000269953323249997	0.00188292690994549
2952	chr11	73310695	73317970	8.48534492274264	8.20911628498877	8.71708845951609	-0.417345959031384	0.000271638422891883	0.00189398443352867
11088	chr2	163896911	163900914	7.63385074205826	7.95545885910519	7.21934638152299	0.539702374353865	0.000272142746854675	0.00189680396347957
11158	chr2	167175515	167179210	7.78923562946296	8.06565361157434	7.44699645728242	0.484116272446329	0.000272288619039678	0.00189707421526239
6055	chr14	101713146	101722152	8.97502215151772	9.17083969468493	8.74838889542227	0.355470893537158	0.000272381434037094	0.00189707421526239
2978	chr11	76534078	76540115	8.54824328841115	8.315629251926	8.74850733028807	-0.367580985362052	0.000273799564830646	0.00190559797767005
8596	chr18	38915415	38922542	8.95355462954524	8.73689328883834	9.14188640678879	-0.346201366030982	0.000273806084888889	0.00190559797767005
15905	chr7	57588638	57593110	8.4113092839354	8.16141843240902	8.62423959503695	-0.384860387023606	0.00027396726852826	0.00190602081722795
16859	chr8	35946125	35969285	10.5729719713125	10.4136139818647	10.7164653724204	-0.267628651939528	0.000275323111661601	0.00191475168055168
13796	chr5	76778557	76787934	9.06576175827404	9.2596665280154	8.8416880350853	0.351933517692272	0.000275794108228481	0.00191732468134372
8241	chr17	83038421	83041681	7.27306504534119	7.56421699277117	6.90790564988671	0.50388831860823	0.00027650216858267	0.0019215432652986
3387	chr11	104008138	104028139	10.0093008324489	10.2256144483074	9.7547339526121	0.391429589976818	0.000276720611912624	0.0019223574280709
10565	chr2	104809016	104835659	10.9816442896808	10.7725280289766	11.1642514521029	-0.335009228097135	0.000278241342730793	0.00193221457873682
11132	chr2	165628789	165645106	9.88494038575643	9.67896097518818	10.0651519938988	-0.330663338189626	0.000279102256231088	0.00193748417008406
1731	chr10	53391823	53398858	8.68895338632974	8.37005146214044	8.9499668128015	-0.460049692208049	0.000280132060931181	0.00194392189558058
9710	chr2	11557045	11567415	9.55907757411176	9.35360687624425	9.7388998210518	-0.328964458871516	0.000280412329573079	0.00194515555664015
17851	chr9	53310720	53320569	8.87221106327001	8.64004453529483	9.07214350914923	-0.362326574615508	0.000280634638473937	0.00194598640979059
10985	chr2	155271947	155276364	7.65911308987837	7.33489635032889	7.92367124428805	-0.465290958904743	0.000283177641911471	0.00196270813495157
5130	chr13	95618926	95625027	8.25309509304718	8.00761219740103	8.46281868896549	-0.382948898958979	0.000283252941758383	0.00196270813495157
3557	chr11	116937140	116947447	9.95647650733433	10.1108967952125	9.78352430646557	0.286587825290387	0.000285293221633006	0.00197612410707037
15190	chr6	100676464	100710578	11.3203742331543	11.4574473327003	11.1688970394041	0.256468527519159	0.00028615141305584	0.00198067097827609
18406	chr9	107502194	107512633	9.14084510033502	9.3635373077002	8.87739088937903	0.40190774039569	0.000286158376228096	0.00198067097827609
13788	chr5	75997127	76003604	8.4079643717999	8.61802099252542	8.16202478115305	0.380678771866347	0.000287043206333903	0.0019860710947908
12197	chr3	148728775	148732664	7.49513079697375	7.78405959344608	7.13346825426576	0.502590493930525	0.000287585734387301	0.00198909972774657
3934	chr12	70422798	70430045	8.52935521095343	8.7263136433027	8.30119151633007	0.357906294793195	0.000289513941995102	0.00200170677782333
4942	chr13	60600180	60606664	8.58582352032398	8.82739208866908	8.29550695243469	0.432508255123719	0.000290711529009304	0.00200925495596052
3157	chr11	88085084	88203574	13.785699844628	13.5591538824831	13.9814522494487	-0.357128861993724	0.000291556211022267	0.00201435942081966
17073	chr8	84016864	84029770	9.70615027387617	9.51686846318595	9.87345396935319	-0.309819413844637	0.000292291982290993	0.00201870798104103
18327	chr9	99455845	99463614	8.68161346484177	8.93070804182349	8.38034577468732	0.440752565358588	0.000294754945919891	0.00203497785326068
14535	chr6	28940670	28959775	10.0610222613138	10.230221118331	9.86931026091226	0.311524084133851	0.000295870247989788	0.00204193506785389
2292	chr10	126955463	126978369	11.1320686237882	11.2804199579134	10.966695361286	0.27597493663019	0.000295995779676331	0.00204205885222722
4135	chr12	86626183	86635898	9.35969025511744	9.54382208147604	9.14857124994217	0.335412592687778	0.000296526565500925	0.0020449773570647
1692	chr10	44003074	44036834	11.4478853571462	11.2796239914813	11.5985561593305	-0.27985685690553	0.000296726536645065	0.00204546474511805
6036	chr14	78800014	78825783	10.5170856923894	10.3554568215404	10.6624173606525	-0.269803682029434	0.000296812788242537	0.00204546474511805
2859	chr11	68505669	68533154	10.903237199738	10.7400719094977	11.0498096270469	-0.272182173319836	0.000297044868800761	0.00204632107621402
14319	chr5	139888598	139892791	7.71493037510553	7.97587272168927	7.39613469187	0.456588447458428	0.000297789578181075	0.00205070696817802
10698	chr2	122167602	122175387	8.54490824993785	8.2634843966378	8.78029394378575	-0.417794223760847	0.000297957279540347	0.00205111759463048
11034	chr2	158247739	158251969	7.82492058338255	8.10374145508877	7.47898409766654	0.487481071347108	0.000299333739682585	0.00205930763516798
5258	chr13	107221821	107235650	9.49191121809683	9.65479180433062	9.30827299543418	0.30180804793132	0.00029936402157271	0.00205930763516798
6669	chr15	84161352	84175387	9.81323244237538	9.97851581380335	9.62653331479747	0.304418744612151	0.000299690390459546	0.0020608057683086
18021	chr9	63113482	63131916	10.3162346393346	10.1513705061993	10.4641762168753	-0.275731531440057	0.000299899879287222	0.00206149938753791
12332	chr4	21939981	21947473	8.61479700424085	8.37743803816706	8.81856597207751	-0.368878260476449	0.000300491261525287	0.00206481667360189
5984	chr14	75502330	75507800	8.32047788636392	8.06404637222592	8.53813538565518	-0.394048754983488	0.00030080392496541	0.00206621704376349
2984	chr11	76678070	76721286	11.9551817327028	11.813508864096	12.0841778881026	-0.242108081408226	0.000301237193146958	0.00206844453282782
2879	chr11	69414629	69438150	10.7971076977735	10.6131784724205	10.9602171104486	-0.300461779553102	0.00030171189384114	0.00207095480405461
5326	chr13	111719386	111725507	8.37216886838595	8.08352009736064	8.61258277543798	-0.427596693127522	0.000302552084787084	0.00207597108357703
535	chr1	88416217	88433718	9.94830690739332	10.1044411108649	9.77320132769045	0.28869577483598	0.000302932156660575	0.00207782775614783
11187	chr2	168312171	168317658	8.69819158026361	8.89887219035263	8.46501501754643	0.366484969573226	0.000303224223724761	0.00207894283697442
7182	chr16	32419316	32426169	8.79694492200489	8.53715139472605	9.01701796462238	-0.392996645667418	0.000303379562552853	0.00207894283697442
16421	chr7	123065433	123080992	9.40235477014235	9.20453090093116	9.57629490709133	-0.319238750466456	0.000303423344666164	0.00207894283697442
13105	chr4	134985008	134996351	9.90304936662086	10.062853199584	9.72331374969081	0.295315648350398	0.000303708764937669	0.00208014747374667
11193	chr2	168802957	168812524	9.53312022221848	9.72669421262923	9.309488319811	0.351564415047981	0.00030449333872343	0.00208476878630303
3910	chr12	64901836	64907613	8.10823052227581	8.35837813350234	7.80541932423401	0.439228367290516	0.000304888822487733	0.0020867237511701
15291	chr6	119280853	119283992	7.38945900720005	7.67322611035723	7.03586228275357	0.488698531129484	0.000305011624170689	0.00208681168534085
14304	chr5	139091626	139121565	11.2964127419866	11.4237067051981	11.1567906728441	0.239092969211441	0.000307582944856102	0.00210364566141404
17031	chr8	79501687	79520854	10.0996606758358	9.90615548067379	10.2702543029954	-0.315000394655018	0.000308803049850868	0.00211122949680101
12748	chr4	106466097	106502623	11.2066350114573	11.3814029318446	11.0077393397542	0.321043733427602	0.000309183923127077	0.00211307226396427
7588	chr17	5702715	5714016	9.31435500692315	9.49737304422042	9.10469951740689	0.334462043484065	0.000309607184227899	0.00211520329354258
1306	chr1	183971548	183983732	9.22291813601053	8.98942767557491	9.4238310742962	-0.362134988432685	0.000313805782996817	0.00214311621284512
6145	chr15	6201852	6209319	8.15343379235677	7.90004230493098	8.36889873912261	-0.387898002442985	0.000314813223594233	0.00214919048818889
5252	chr13	107130426	107143813	9.79121707553042	9.94154037948553	9.62338906426939	0.279676768596224	0.000314921689638722	0.00214919048818889
18030	chr9	63568695	63586519	10.0511671223793	9.84552448834019	10.2311209938479	-0.327908696385398	0.000316431060724654	0.00215860052919091
4584	chr13	30984235	31010133	10.6952949902022	10.5262156444263	10.846621202034	-0.280117250067362	0.000316528019007235	0.00215860052919091
8123	chr17	65553551	65558971	8.0644245852031	8.33703539212178	7.72801163574277	0.47693779440113	0.000316812719855664	0.00215947673530897
3836	chr12	36715027	36720971	7.82055852276038	8.0776541818813	7.50749296099438	0.450226689982481	0.000316884067012776	0.00215947673530897
3	chr1	4568987	4573808	8.71536883711795	8.48770392774898	8.91195567426318	-0.35751667962601	0.000317419195054137	0.0021623470577647
11544	chr3	59970887	59981346	8.94882960475714	8.69324817059268	9.16587480316691	-0.389918301355335	0.000317590423813399	0.00216273722768371
11658	chr3	86819608	86827304	7.88593821493248	7.54974169654597	8.15840710331179	-0.476190084296147	0.000317813249524579	0.00216347835822345
3571	chr11	117433941	117449280	10.5205981421225	10.6790740451099	10.3425410748902	0.291708420558799	0.000319859131533667	0.00217662476062297
5409	chr14	11551388	11557216	8.72661709284018	8.46362124692674	8.94898197074537	-0.397794845066833	0.000321676665343691	0.00218820839840786
17517	chr8	127315198	127321942	8.55376012037319	8.78629478746238	8.27640570812339	0.412723463845057	0.000321972728817749	0.00218943762817344
7629	chr17	12377672	12381441	7.8083717001837	8.04854584526138	7.52006883340179	0.427950876868832	0.000322116745354169	0.00218963241764927
7901	chr17	34241164	34249537	8.94110858542322	8.69022160713465	9.15476122195812	-0.383314085109528	0.000322487941921746	0.00219137080190935
12601	chr4	62941642	62946024	7.67653485154733	7.92477618028689	7.3765157937393	0.438159416137476	0.000322980808580474	0.00219393441877194
2644	chr11	49950819	49966208	9.92009996297444	10.0808083464485	9.73921895726396	0.296925296159347	0.000323542102425897	0.00219696084505943
17467	chr8	124659420	124668942	8.99953996170147	8.76145945406594	9.20384015643223	-0.368739251451419	0.000323940071348762	0.00219887647143353
8041	chr17	48025838	48032717	8.95061165564881	8.72010767426674	9.14931061338107	-0.358000934707878	0.000324393359889993	0.00220116609844554
17187	chr8	95908236	95911756	7.84553800972477	8.0870897740879	7.5552457369752	0.431441123842815	0.000325231487662479	0.00220606447617805
17556	chr9	13920472	13937933	10.0755602721578	9.87680042724793	10.2502233499597	-0.321534349450984	0.000325634115284334	0.00220800638584544
13306	chr4	152113002	152120810	7.95311870317759	7.55232822206194	8.26643056157896	-0.526250418040984	0.000325791847968661	0.00220828695807043
8279	chr17	84802066	84817378	9.80746321052362	10.0212594448486	9.55637806148388	0.385357534946311	0.000326060285308019	0.00220931744193534
7100	chr16	25172929	25183983	9.24480694029503	9.02269197399191	9.43724389193972	-0.350856246670252	0.000326808140446255	0.00221359446735527
8007	chr17	46053739	46075485	10.5886113953558	10.7408007735024	10.4184535042061	0.281837335817101	0.000327142988568835	0.00221507198717372
8353	chr17	88423250	88440639	10.5447615165944	10.3145598024353	10.7432359479397	-0.3599838391527	0.000328923491411151	0.00222633343205857
7660	chr17	15339229	15347106	8.72208985990915	8.91630400192724	8.49760269504587	0.352135772505913	0.000329041468949718	0.0022263379818883
17797	chr9	45692665	45697402	7.91560287535412	8.14566123807816	7.64176725452473	0.411224033290408	0.000331453628603021	0.00224159043102283
9634	chr2	4967747	4982743	9.84778137431996	10.0164276411833	9.65677872003284	0.308715180110309	0.00033153192159129	0.00224159043102283
15847	chr7	45965693	45969753	7.79911869291993	8.05991492124525	7.48054136721014	0.455475366048727	0.000332537735314129	0.00224759034135572
1989	chr10	81279173	81286171	9.02424260273686	9.23674222202924	8.77494513479116	0.38468498545454	0.00033270492650635	0.00224791982917907
9180	chr19	28764507	28769955	8.19725093547705	8.42518496675611	7.92642234004281	0.405884470720222	0.00033283311297598	0.00224798564098617
4900	chr13	55510524	55522427	9.41258483714266	9.19510463723678	9.60153474160828	-0.342855478294974	0.000333611394237424	0.00225244064433727
5970	chr14	75012803	75033048	10.4754728298464	10.2550323632667	10.6666522066223	-0.346560946796726	0.000335034676949974	0.0022612457801684
2995	chr11	77459145	77468324	10.3103482811557	10.0383398132507	10.5391167414174	-0.408371315731836	0.000335591993248255	0.00226420207602511
10388	chr2	80685147	80700335	9.85709819626512	9.66379357275818	10.0275359692143	-0.313135094551683	0.00033639818372822	0.0022688348006318
11808	chr3	97997492	98013292	10.0337424164713	9.84416417950352	10.2012775817348	-0.307509080132467	0.000338665600224634	0.0022833159597383
15185	chr6	100505726	100516094	9.26053397394215	9.02607371852042	9.46216414076762	-0.364650465563603	0.000339162654018859	0.00228585511740907
11648	chr3	85181761	85191981	9.15328109982597	9.32971600683462	8.95222274709823	0.323075336581873	0.000339541558804792	0.00228759646594112
13404	chr5	22339979	22351344	10.1414280236883	9.97654919443738	10.2893814325888	-0.273719434981874	0.000339708690063031	0.00228791030117327
7397	chr16	90188942	90195579	8.18360232457379	7.90433761005202	8.41747704157393	-0.415960807326062	0.000342111201333185	0.00230327367509845
2737	chr11	58410253	58431676	10.7272876280568	10.8928487623155	10.5402339103856	0.304450951237233	0.000343356109173671	0.00231083531773301
15154	chr6	99454896	99525728	12.9109880907858	12.6465614171596	13.1343741671448	-0.400169103642598	0.000344296535473816	0.00231634312185663
17579	chr9	14747581	14756543	8.97066381616753	8.72737376790816	9.17878583171569	-0.37352122651598	0.000345164511482007	0.00232135976733417
3641	chr11	121676728	121684360	8.84272224443634	8.5979308400523	9.05194125351646	-0.375402804844219	0.000346287868433014	0.00232808978214317
3600	chr11	118523056	118533950	9.50179458614969	9.73278602716761	9.22663479139163	0.411472490227925	0.000346426901686336	0.00232819977588703
15505	chr6	145551699	145559605	8.64376157728392	8.83407766590201	8.42446863804114	0.347572432845743	0.000347160884298364	0.002332306698442
16569	chr7	140672572	140678641	7.966286485239	7.64235839974858	8.23065267948783	-0.462445421806663	0.00034780885685658	0.00233583308360971
6930	chr16	11033118	11053486	10.5288114824531	10.3580904384443	10.6814510938526	-0.28086162741223	0.000349282445448312	0.00234489972839176
2601	chr11	44396405	44408194	9.72392172329776	9.87586580437416	9.55407048392194	0.281990126599855	0.000350629907676077	0.00235252040954761
11704	chr3	89216630	89227246	9.38503030077754	9.15404472560686	9.58408682072021	-0.358397369856142	0.000350665484936519	0.00235252040954761
4129	chr12	86358643	86362360	8.0137406279199	8.25408553166887	7.72519142224891	0.422343679191264	0.000350912220067519	0.00235334382496871
968	chr1	155060798	155066425	7.94839770393078	7.67405651798802	8.17881248508553	-0.411722293003286	0.000354418469448935	0.00237544951500911
4636	chr13	35964690	35974314	10.2813962531424	10.0224463248781	10.5008640943912	-0.392248959621628	0.000354534797955767	0.00237544951500911
7354	chr16	58610740	58623423	9.37382341137185	9.14326326524259	9.57256407967344	-0.362070880073732	0.000354583933611929	0.00237544951500911
3134	chr11	86995973	87003106	8.5719707300485	8.25005130126214	8.83499935845271	-0.458432459192106	0.000355301734341526	0.00237941835429351
15661	chr7	25342898	25349897	8.64301002619911	8.90733668868774	8.3191413734115	0.461427483797837	0.00035556368719737	0.00238033270522712
7971	chr17	44131363	44148230	9.94673027641227	10.1138126027142	9.75773185545119	0.305717499470917	0.000355772076312078	0.00238088795357085
9276	chr19	36255739	36282229	10.9982599834342	10.838072080935	11.1424258022168	-0.26748245612317	0.000356662562941094	0.0023856406110878
6434	chr15	61183552	61195312	9.20332175060871	8.99468263814254	9.38556511579084	-0.332774581466075	0.000356733655844205	0.0023856406110878
614	chr1	92740351	92806769	12.3802779682657	12.2217333021866	12.5231117132392	-0.265475071750636	0.000357809957089243	0.00239199548277448
14137	chr5	120942193	120945888	7.77360365290951	8.01889679178898	7.47788497839253	0.435958336818981	0.000358145683075988	0.00239339680249971
17	chr1	9770213	9821299	11.8982304740887	11.7130125221694	12.0623522710497	-0.301725081901949	0.000358312916700752	0.00239367154032509
4307	chr12	110257439	110260027	7.61446164720112	7.86728852700929	7.3077106904008	0.447475077137383	0.000359032095049339	0.00239763199575701
1038	chr1	161751250	161757509	8.63268123848807	8.39527037985979	8.83648842703439	-0.365027524727359	0.000360277049427619	0.00240509958532774
16989	chr8	71627343	71640351	10.0629099683462	9.84581897776684	10.2515661495258	-0.342332320075974	0.000360593127775808	0.00240636321099053
4259	chr12	107296417	107304273	8.97632904483087	8.74317569191991	9.17699247292558	-0.361825626365499	0.000360951537065571	0.00240790833812565
3709	chr12	16595548	16600274	7.88440918100861	7.60012391803276	8.12179139506705	-0.421126606045541	0.000361831168119368	0.00241281204697293
7025	chr16	21181673	21213546	11.4413134498677	11.2852784230851	11.5821074674372	-0.261565358516564	0.000362064096749981	0.00241281204697293
13148	chr4	137126200	137132153	8.96873438726138	9.16188246219078	8.74567103036093	0.350524685744344	0.000362068007259544	0.00241281204697293
5699	chr14	54523589	54532633	8.99722529618579	8.73362164181217	9.22002418614962	-0.396881527687235	0.00036281545156023	0.00241679639276109
13919	chr5	105315251	105336744	10.1878966559335	10.0151267949374	10.342171604858	-0.28516939324515	0.000362920581662316	0.00241679639276109
8624	chr18	41992911	41998260	7.77766478910997	8.03914842780105	7.45805972390617	0.453152664954115	0.000363080914950933	0.00241701602415074
7059	chr16	22647542	22680652	11.143359584424	10.9734059049309	11.2953856198993	-0.281748479516008	0.000364260630590592	0.00242401911219454
994	chr1	156542140	156553678	9.67644402014268	9.49224981203388	9.8397617270949	-0.298840886702276	0.000365067022803274	0.00242853383308214
2837	chr11	66989552	66995931	8.5668595726888	8.80215350285384	8.28556700358175	0.415534681080859	0.00036523222981108	0.00242878153103871
18207	chr9	78662383	78666896	7.81270808330892	8.07352595029588	7.49409842449967	0.456309224555153	0.000366338670322138	0.00243528603294006
12964	chr4	124599892	124607010	8.66314691107831	8.8741445627669	8.41591548103566	0.376713750136127	0.000368199166054109	0.00244613111071417
6111	chr14	120833754	120840704	8.80834184724914	9.01901521361271	8.56155581918725	0.377429235479401	0.000368227861494831	0.00244613111071417
7610	chr17	8412659	8418167	8.72116947345955	8.9220985219699	8.48765724215554	0.362675322957109	0.000368723552097056	0.00244856693325753
11548	chr3	60182726	60196482	9.38044837624774	9.1551174146275	9.57529343817924	-0.356183881062861	0.00036954711124649	0.00245314002491725
17782	chr9	44793921	44803414	8.98731527598497	8.74875180510446	9.19197078940129	-0.369476536223744	0.00036967071348666	0.00245314002491725
12313	chr4	11933729	11943545	9.12128888815813	8.9003435353565	9.312847711385	-0.346430204470692	0.000369922887762016	0.0024539554305611
7996	chr17	45650351	45660608	9.26675939355621	9.4492592690707	9.05778387685384	0.332253839670098	0.000370311466154104	0.00245567481346567
2896	chr11	70125482	70137095	9.43053643787338	9.2390292005259	9.59957583134129	-0.311799339080617	0.000372053099798337	0.00246636248029083
7775	chr17	27345160	27351907	8.82493405395562	8.57108030308811	9.0407329110577	-0.387979229131178	0.000372715834685079	0.00246982109075737
14616	chr6	38079239	38085757	8.52160062635249	8.7336110492684	8.27297663577326	0.3791523632252	0.000372835103273084	0.00246982109075737
5347	chr13	113207058	113224794	9.92202331124151	9.65921045984622	10.1442574585739	-0.397879261341547	0.000373274660970242	0.00247187012929317
3503	chr11	113774574	113780215	8.46528682109676	8.69986297638908	8.18502045617793	0.414268337876452	0.000373614985737321	0.00247326083512683
2593	chr11	43480972	43486986	8.37716421128212	8.58681985025764	8.13177447797635	0.376904592165397	0.0003738130795382	0.00247370935723692
18576	chr9	121904674	121919604	9.91274124931756	9.71084838106143	10.0898182159851	-0.322979444845578	0.000374273705792281	0.00247589427055828
1499	chr10	20505971	20512735	8.3150078143987	8.54711195316836	8.0382662273118	0.412121600671694	0.000376048065411687	0.00248676523813533
17783	chr9	44888196	44898329	9.47039188193054	9.24562022199291	9.66481881739573	-0.350906534863871	0.000376527775532041	0.00248907023748611
16371	chr7	118081751	118092449	9.42666472339149	9.63497182115346	9.18312155935734	0.374834086822517	0.000377800143176588	0.00249661174002384
8526	chr18	35644755	35657195	11.1133033859048	10.8775780961771	11.3158678712899	-0.36499728363834	0.000378566028473005	0.00250069429434985
9108	chr19	16088824	16104780	9.65004404186635	9.47044167219613	9.80974256167183	-0.293495781004409	0.000378681458557431	0.00250069429434985
6716	chr15	88946706	88961856	10.5137296290223	10.6960119819295	10.3050393944416	0.331903939673095	0.000379468073370513	0.00250501723982573
7615	chr17	8600553	8604302	7.28275640999114	7.57554992711364	6.91500602442912	0.495794372265073	0.000379627498051322	0.00250519829120864
8281	chr17	84837958	84843977	8.28757514158684	8.01114491840991	8.51946041841222	-0.414802268089225	0.000379922793877151	0.00250627553180203
17040	chr8	81295571	81342149	11.782160178673	11.5681969926785	11.9684508519411	-0.338680038148107	0.000380881783446997	0.00251117334312034
17230	chr8	106132416	106140907	10.3016336123872	10.0180214497633	10.5385467818124	-0.418822076778067	0.000380929872745848	0.00251117334312034
18147	chr9	72144558	72173649	11.0336743552483	10.867093654472	11.1829964151956	-0.275854302171406	0.000382721392842687	0.0025221074009588
8877	chr18	80030548	80054456	10.3997469072428	10.2196782817703	10.5598138603446	-0.293357242149603	0.000384091731695982	0.00252933269197107
9313	chr19	38273740	38285502	9.27158113035808	9.47224703689972	9.03842442954797	0.360855048055184	0.000384198501418527	0.00252933269197107
14005	chr5	112202943	112210263	8.91091990201032	9.10108904685172	8.69182212883385	0.343701939811338	0.000384217616889857	0.00252933269197107
11526	chr3	58751461	58754721	7.41229557761834	7.67493734316088	7.09095624287801	0.455258932034886	0.000385694997815264	0.00253817800399996
2658	chr11	51478709	51482987	7.57662602919712	7.82525463285923	7.27604046377069	0.436075350333588	0.000386027974137366	0.00253913746794513
4132	chr12	86395636	86411078	10.0168182628204	10.2016778132837	9.80474161652494	0.33672242125708	0.000386108368854504	0.00253913746794513
15181	chr6	100459436	100469993	8.98576057773837	8.66628227098124	9.24715947737529	-0.45753299447065	0.000386856149275361	0.00254317383342469
18319	chr9	99149234	99156001	8.93430950988427	9.1145607693073	8.72827827589636	0.328158718902797	0.000387865109769151	0.00254892379442822
3778	chr12	30911668	30920086	9.14225526037433	8.90753553179782	9.34407718287132	-0.363946288516962	0.000389086103227381	0.00255605444162449
17567	chr9	14250771	14261084	8.86078815641202	9.04049363202966	8.65546996225203	0.32956131303374	0.000389219523488845	0.00255605444162449
8173	chr17	73547457	73571728	10.7591507329919	10.9129884466065	10.5869291706581	0.283458418933076	0.000389579216203773	0.00255753163069229
17348	chr8	119726181	119734726	8.95460497500121	9.2112924451086	8.64214523422446	0.448250670489935	0.000390941268428465	0.00256558586912304
8248	chr17	83165124	83168892	7.76688761856343	7.45948333886651	8.02015760998995	-0.448254031542936	0.000391265863041997	0.00256682848761634
15737	chr7	30911789	30919801	9.13834372389545	8.89597450213593	9.34579194216019	-0.36970806113973	0.000392457738309412	0.00257375791823578
276	chr1	54255571	54264672	8.86590213312961	8.64052851512554	9.06077907277955	-0.354055647173128	0.00039277199950602	0.00257492911178748
9881	chr2	27700468	27706922	7.95120461127899	7.56496244172527	8.25557553343215	-0.515645911513439	0.000394239220196208	0.00258365544202481
1901	chr10	76698849	76702390	7.45777325126437	7.73024515206811	7.12157213937651	0.471328994877323	0.000395516322148057	0.00259113023059992
14620	chr6	38232591	38254685	10.4434172461084	10.2942521270811	10.5785946311942	-0.251156141554537	0.000395915546724101	0.00259285064226249
12219	chr3	152259404	152270495	10.5507054178843	10.3156436104514	10.7527800516312	-0.364165932183218	0.000397070491652295	0.00259951737187613
14231	chr5	135281563	135287543	8.53657042455263	8.74486920615843	8.29303863522382	0.371904746847772	0.000397248661762929	0.00259978701779263
11050	chr2	160435018	160477839	11.742294523865	11.9101211388539	11.5523428944194	0.307387599600833	0.000397557267846931	0.00260090981953357
17480	chr8	125365708	125369445	7.79251861140343	8.0985633504102	7.40357084976392	0.517374478117323	0.000399200834371192	0.00261076245194034
8421	chr18	14442340	14459040	10.1347885474153	9.94671493352079	10.3011479238725	-0.305576728067048	0.000400357486157472	0.00261742498442392
13774	chr5	75168648	75172486	7.58821259817539	7.86961706846799	7.23828323924838	0.479360400682441	0.00040190554855904	0.00262664098006268
18309	chr9	97038849	97046494	8.79452386081975	9.02173506965306	8.52471599732869	0.403034427974256	0.000402556537097351	0.00262998985114307
10079	chr2	45229973	45255766	10.7660030046346	10.5817143147084	10.9293949641297	-0.30008234262921	0.000402749729513535	0.00263034656450013
5528	chr14	30017532	30030321	9.58246849563891	9.39415354315202	9.74901661345621	-0.305205551474705	0.000403581724456789	0.00263487359768332
7749	chr17	26358609	26361869	7.23513660572884	7.54524006522962	6.83959397736022	0.517420999491232	0.000404914154904627	0.00264266359901476
1902	chr10	76726624	76734410	8.63500412569001	8.84890202747855	8.38377864305415	0.381646235975338	0.000406326537769453	0.00265096987292074
3081	chr11	83178298	83190014	9.67149785215661	9.46730717069492	9.8503393202466	-0.32485335562107	0.000408186838972346	0.00266219175836981
15712	chr7	29156792	29174237	10.6693346933914	10.477381727749	10.8387211556208	-0.308722975753655	0.000408734526302758	0.00266444961025855
1464	chr10	18536510	18553737	10.31440877123	10.465016868001	10.1462256209115	0.277594618857336	0.000408813808160224	0.00266444961025855
7102	chr16	25230230	25245315	9.81323688291968	9.59881728570603	9.99987329422266	-0.341062362233029	0.000409417168346276	0.00266746599314932
6338	chr15	51711324	51720360	9.5196472990724	9.29468876459587	9.71421397096095	-0.351133515113889	0.000411707852591684	0.0026814699156958
8276	chr17	84588751	84602099	9.76857009512186	9.94888618781353	9.56245411828737	0.327211914939749	0.000412393322346661	0.00268501298964572
12075	chr3	130081420	130089153	8.63714835148941	8.85583482695991	8.3792863286119	0.386375422265835	0.0004131419227248	0.00268824221864532
4240	chr12	105098871	105104300	8.08310807955381	8.32450929528588	7.79303343862834	0.42536639087972	0.000413172588217945	0.00268824221864532
12165	chr3	144242695	144246479	7.97908272498856	8.20153126194115	7.71596975362507	0.399064958729895	0.00041347556370966	0.00268929154340152
18133	chr9	70865433	70872002	8.53302820910674	8.75350783565634	8.27266746250941	0.393644801403106	0.000413839490418432	0.0026907364469515
8782	chr18	65957593	65965226	8.75855463379781	8.94940331394516	8.53855393531457	0.345087693593905	0.000414396631235588	0.00269343618637679
8285	chr17	84918011	84926241	9.05776153740437	9.25614414329175	8.82768341089065	0.357153938535711	0.000417530241210458	0.00271287451144583
6413	chr15	59079837	59086712	8.73674956739889	8.49754164750427	8.94187888407311	-0.367387720456204	0.000418705175002031	0.00271957752100053
10020	chr2	35309210	35367878	11.8951634982496	11.7453091756113	12.0309065532035	-0.25238170598005	0.000419596733913808	0.00272443599485123
8179	chr17	73762799	73784941	10.5159566509929	10.341543172518	10.6715404987006	-0.28570481253638	0.000421863122329717	0.00273821484223519
7270	chr16	43530844	43539667	8.87970285797729	8.65814975751736	9.07171812466384	-0.344605150182806	0.000422194801215036	0.00273943081444792
1369	chr1	192816562	192821965	7.91070579947119	8.14710674907462	7.62782808725133	0.416167727021034	0.00042262648209259	0.00274129460137911
12678	chr4	95261750	95268953	8.27931710108202	7.99500666454586	8.51671684993397	-0.417487059730605	0.000423707627789561	0.0027473683183526
11639	chr3	84453273	84462032	9.25411523634803	9.04493808030972	9.43676881259565	-0.328774310732769	0.000424703365400304	0.00275288428003155
1174	chr1	173503381	173510379	8.66216014926202	8.34629344861906	8.92113943110973	-0.449914961232659	0.000425202559100258	0.00275517902668617
18186	chr9	77544993	77555020	9.27810071655849	9.07202761962767	9.45838400443851	-0.326093777194137	0.000425419665751301	0.00275564499532217
168	chr1	39090405	39099049	9.11505291967955	8.92409058209333	9.28366776477099	-0.308800004602725	0.000428125105591568	0.00277222326135189
14019	chr5	113157575	113163574	8.8289033012353	8.57086417746326	9.04771704480285	-0.385789950236267	0.000429664942131135	0.00278124520351528
18483	chr9	116015087	116022720	8.952773186385	9.19381745599526	8.66321432187967	0.422517918019652	0.000429832996949164	0.00278138440132908
8199	chr17	78606202	78609053	7.48026620568576	7.73051197052354	7.17731099523331	0.438777871155537	0.000430086393956006	0.00278196030196772
13844	chr5	92858877	92863297	7.9420115805777	8.2080180905316	7.61561381753957	0.455592166211763	0.000430463161851696	0.00278196030196772
14250	chr5	136233748	136246893	9.75707650141154	9.55120788423802	9.93720333056651	-0.325264546284875	0.000430476858625417	0.00278196030196772
13272	chr4	150482647	150492320	9.29439508836082	9.45652012453293	9.11171696812272	0.296823753487403	0.000430508320084261	0.00278196030196772
12974	chr4	125149964	125153349	7.59347775964956	7.89223570458428	7.21624894808033	0.503127465053561	0.00043086749602089	0.00278333363069451
848	chr1	136773794	136791351	10.1509319932767	10.3135209840417	9.96766444591128	0.299026635435403	0.000431222458883456	0.00278464440356635
5157	chr13	96871857	96881252	9.14547951786904	8.90034732662241	9.35494725419516	-0.373643219071148	0.000431394307165951	0.00278464440356635
2228	chr10	118769578	118773926	8.46070731775399	8.67731741432642	8.20572942820121	0.384496781518036	0.000431510574365806	0.00278464440356635
5647	chr14	48354185	48361694	8.85585917093927	9.10874841733215	8.54901629098884	0.44132664169002	0.000432434801644821	0.0027896601293056
1514	chr10	21581107	21591761	9.33244024140341	9.09494995666606	9.53630592547725	-0.364172750380991	0.000432947321247043	0.00279201740059383
8586	chr18	38645153	38657015	10.1328047787072	9.93887142104592	10.3037309807583	-0.311307076554402	0.00043426018116412	0.00279879677950533
13640	chr5	43969677	43974635	8.16878097166166	7.9262292194563	8.37636281230151	-0.373418677618984	0.000434293509439021	0.00279879677950533
2197	chr10	117177670	117190463	10.0259454440635	10.2054618075742	9.82087417053405	0.326194621625029	0.000436705261809424	0.00281338396601529
13300	chr4	151135365	151142179	9.06173656070862	9.24181122027735	8.8559361138793	0.324798779395665	0.000439419320382639	0.00282990813761184
11814	chr3	98263714	98285182	10.411544140289	10.5628054749232	10.2425458013748	0.277443575896501	0.000439624266697262	0.00283026762471076
8321	chr17	86662530	86673163	9.26690941190522	9.05815474597296	9.44924089921414	-0.331703648381975	0.000439911276351406	0.00283115500639991
12467	chr4	45582980	45590020	8.62514480424723	8.82535011074601	8.39261005226014	0.358023204704992	0.000440803485834842	0.00283593537547778
14259	chr5	136919649	136924162	7.68120479699677	7.39368078654569	7.92083872480322	-0.424523484414416	0.000441505671621553	0.00283949039027633
13573	chr5	35362536	35370737	8.30214308163877	8.59985634537954	7.92658177769008	0.499927642156543	0.000443769583873477	0.00285308364916488
8233	chr17	80571141	80578911	8.72596455338599	8.49180673823018	8.9273711353019	-0.359563556032353	0.000445889785385665	0.0028657440693649
9372	chr19	42283604	42297215	9.6554566911708	9.8245085487772	9.46393345080504	0.307397125486732	0.000447060369257463	0.00287229476917312
12261	chr4	6541565	6560165	10.6450123812937	10.4033272297427	10.8519595617333	-0.370406723799239	0.00044736362278268	0.00287327045576734
8318	chr17	86406305	86442761	11.6101148741823	11.7638477839893	11.4380246815265	0.282776678063957	0.000448072085774946	0.00287644652067468
3773	chr12	26402657	26424322	10.5372716751341	10.3273897073743	10.7204622008449	-0.330823430279474	0.000448321554081994	0.00287644652067468
3236	chr11	96391911	96427418	11.8260317371563	11.6766854581451	11.9613578585498	-0.251260517983356	0.00044840761721012	0.00287644652067468
3217	chr11	95259721	95263808	8.01277078242511	7.7465740622694	8.23741776336542	-0.399184940011374	0.000448464368758964	0.00287644652067468
12221	chr3	152663210	152673812	9.74860261502824	9.92906696648839	9.54229281777817	0.32690871269751	0.000449338080068585	0.00288107683162894
14324	chr5	139957375	139965671	8.62281834245566	8.89865105612592	8.28147735606743	0.473661939240187	0.000450576594996639	0.00288718007291854
10334	chr2	75035716	75066313	11.0009438780773	11.1601314013553	10.8219877330478	0.291550227489771	0.000450594202854982	0.00288718007291854
4170	chr12	98449233	98460277	9.61415901516567	9.41311315728525	9.79058430389272	-0.321655636134921	0.000451531388534558	0.00289220864765352
10458	chr2	92757687	92784315	10.370801878725	10.1887856497768	10.5324055177178	-0.296680284744869	0.00045329684969194	0.00290145691580631
6717	chr15	88970065	88974084	7.54529894387384	7.80094570081173	7.23438187149795	0.44585112371842	0.000453375889504175	0.00290145691580631
3280	chr11	99125105	99130931	9.04557354222665	9.23732813492576	8.82436758019569	0.346285479380203	0.000453433859122268	0.00290145691580631
14107	chr5	119085048	119088548	7.98415980891392	8.25303138401113	7.65343143739689	0.46069626721032	0.000457348494466446	0.00292477302264393
4825	chr13	51522561	51539655	10.2359609100053	10.3948981594701	10.0573210812356	0.291612853698355	0.00045738586496692	0.00292477302264393
2861	chr11	68610579	68625126	9.98289615441998	10.171150336734	9.76633754938772	0.339481814116697	0.000458269288788377	0.00292900629852515
15771	chr7	37621095	37625466	7.75577809372825	8.02289132468084	7.42771005726368	0.456489967491681	0.000458356536520348	0.00292900629852515
3333	chr11	101770952	101776725	8.33099940441432	8.04728428520921	8.56798434237353	-0.417967276559654	0.000458587998653326	0.00292949903279753
18575	chr9	121881201	121902145	10.6939628241001	10.5289437016396	10.8420291675047	-0.272527960023228	0.000459071098268872	0.00293159837619277
11674	chr3	87295605	87304286	8.58706332127081	8.35798102586981	8.78470552531482	-0.356545928569235	0.000459284879262531	0.00293197703448489
11561	chr3	60980327	60987553	8.44220615307676	8.20855037857555	8.64324141152801	-0.358542330708009	0.000460719723596431	0.00294014782586976
1893	chr10	76173066	76181419	8.84014252693573	9.10019795591655	8.52267139548882	0.448797841012346	0.000461676983457031	0.00294526637614487
9752	chr2	17775529	17828187	11.8602046365079	11.7020620552257	12.00271201665	-0.26323082558744	0.000463653983206155	0.00295658378288786
14923	chr6	72459003	72484389	10.5191933135362	10.3642802704967	10.6590733471634	-0.258677761492696	0.000463762575565476	0.00295658378288786
13262	chr4	150187176	150193525	8.77493275605995	8.97466925405429	8.54303055783964	0.362873399559147	0.000464241633938457	0.00295864404651376
1177	chr1	173609542	173628348	10.1628872724807	9.89462746214481	10.3890005719552	-0.399901508868882	0.00046462650481593	0.00296010286502234
11228	chr2	173350887	173372245	11.001240409369	11.1474778642931	10.8384902035689	0.270413021087886	0.000465588851066975	0.00296523852496649
11129	chr2	165551166	165555343	7.80344764413371	8.06295348825885	7.48679626276385	0.448269630576691	0.000465955925114598	0.0029665808462764
6617	chr15	80377593	80390272	9.45553545316627	9.71217084506372	9.14315297457039	0.444656033930828	0.000466577492052251	0.00296954199250827
17786	chr9	45128838	45161663	12.0455727314841	11.8407155930555	12.2249250464545	-0.32534727005342	0.000467797896276997	0.00297631118787835
8787	chr18	66287060	66296099	10.0477383806032	10.2153570753366	9.85805314696869	0.306025483911343	0.000469104882193873	0.0029836265278678
16321	chr7	112715806	112728931	9.43957123383577	9.67550730776965	9.15735953821311	0.413495630157789	0.000475680186013384	0.0030244335847062
2706	chr11	54899027	54905468	8.63297167742634	8.35559185016067	8.86552419261454	-0.405030425693149	0.000477122962204669	0.00303259099118634
6375	chr15	55950057	55967673	9.79777135052012	9.61285836544399	9.96165372064825	-0.298382032572582	0.00047798159895514	0.00303703139155326
723	chr1	131209498	131253362	12.2953633967665	12.1128254195895	12.4573780725525	-0.296265650609228	0.000479680519801915	0.00304680608611799
1399	chr10	4635666	4643303	8.56488069857082	8.30480497177271	8.78515605666737	-0.386807812873882	0.000480796235636406	0.0030528711127947
13477	chr5	30101410	30116806	11.1920526277608	10.9905252302942	11.3688484893421	-0.320454972438638	0.000481595056369243	0.00305692059358925
8778	chr18	65829243	65837903	8.73171334063896	8.51771452392812	8.91803101160356	-0.337288081695226	0.000483336771718472	0.00306612746445328
10012	chr2	34832320	34840547	8.74460911175327	8.52580026896596	8.93456065210812	-0.343796176231207	0.000483368637633396	0.00306612746445328
8989	chr19	6415190	6434505	11.2813423995756	11.1332304641009	11.4156544238613	-0.248754729655496	0.000487858986076043	0.00309357691170639
14083	chr5	117859579	117874927	9.76397590208595	9.92707517112166	9.58005957880247	0.29661004698241	0.000488122706183738	0.00309421537764234
12720	chr4	102262852	102278621	9.79243574198726	9.61727486925485	9.94861389378496	-0.286270512046527	0.000488543267257297	0.00309584730192863
8449	chr18	23775288	23788324	9.87421353120405	9.70313676954328	10.0271373712448	-0.280018746052008	0.000488760454255754	0.00309618980684912
13904	chr5	103709785	103715471	8.32776754803631	8.07465969793221	8.54302752160796	-0.380596348524368	0.000490566990333187	0.00310643199837738
9274	chr19	36210359	36221642	9.30223315159125	9.07926592718847	9.4953091815923	-0.349754810561745	0.00049070462780628	0.00310643199837738
11174	chr2	167898050	167905483	8.67307831142127	8.44579768710014	8.86937870310806	-0.353102014647376	0.000491236229190108	0.00310876038472793
13124	chr4	135765803	135770705	7.80565141312935	8.04000071945704	7.52570911678683	0.411953158762557	0.000492215093245582	0.0031139167515693
12220	chr3	152487231	152496475	8.98174523760128	9.22949211015332	8.68244892867381	0.430200128950137	0.000493282029757542	0.00311962667203212
9875	chr2	27243727	27257785	10.1761158984638	10.3346529281593	9.99798164171053	0.289239550917504	0.000493996698308744	0.00312310570859482
2692	chr11	54054541	54086741	11.8435764970355	11.6757541929933	11.9938952232309	-0.276288183567833	0.00049453780472304	0.00312548551309976
17937	chr9	58285685	58293053	8.8575160985716	8.64579384558319	9.04210643997489	-0.334645887417148	0.000496839024356949	0.00313898396913134
8256	chr17	83519490	83526760	8.66786700387168	8.40568717998314	8.88964869945822	-0.389212729307134	0.000497757794380237	0.00314374215625375
16370	chr7	118020185	118027579	8.54173569115337	8.30633226679878	8.74406259094982	-0.366557844401625	0.000498389180177138	0.00314668271809112
1541	chr10	24271968	24299141	11.3000793846148	11.0992482859899	11.4763393329498	-0.319597455586054	0.000500229168408158	0.00315724954679695
4804	chr13	48747686	48758909	9.38678499801628	9.57889778622637	9.16510199096344	0.34505102821075	0.000501529441222396	0.00316421718893863
8948	chr19	4434285	4448040	9.8266576556644	9.64584444499507	9.98731253498043	-0.292671029969822	0.000501666553639093	0.00316421718893863
12310	chr4	11796580	11824907	10.6743158153288	10.5049629230175	10.8258610580641	-0.277810399240342	0.00050232112387647	0.00316729322593074
3559	chr11	116980414	116985508	8.5660681787063	8.77926266762093	8.31581314895922	0.378420269247804	0.000503974791714143	0.00317625571993942
14244	chr5	135940373	135946966	8.824359492392	8.60460063468711	9.01502623792687	-0.343098741837734	0.000504077255306262	0.00317625571993942
3148	chr11	87654537	87661753	8.6564332775318	8.35942396909201	8.90261278555307	-0.425406049337521	0.000505653004314791	0.00318512723826433
14813	chr6	53690754	53702254	9.53236489629576	9.33663805338422	9.70468228309647	-0.312328991965878	0.000506847226658707	0.00319159041630909
8861	chr18	77860394	77870295	9.20425377298575	9.38914745320953	8.99213218650669	0.335397031224281	0.000507058052042045	0.00319185896175986
5639	chr14	48150492	48152791	7.2804389168254	7.57985305355981	6.90216109498185	0.500376008465579	0.000507958095455249	0.00319646442096988
4007	chr12	76585840	76596477	9.40213423962426	9.6035919851745	9.16790722584561	0.362185114614383	0.000510429380939059	0.00321078805597713
18570	chr9	121517610	121522563	7.94729292585232	8.195327650159	7.64757593686066	0.430126636341912	0.000510572651506348	0.00321078805597713
1002	chr1	157005534	157014440	9.14585494247662	9.3234561662663	8.94328003839049	0.320547875401177	0.000511482225910894	0.00321495025226909
1504	chr10	20770859	20778849	8.62885570656564	8.40195376260338	8.82487370020383	-0.350959252325302	0.000511573305329714	0.00321495025226909
5677	chr14	51969082	51998852	11.4666726601409	11.2859084079115	11.6272888984338	-0.293324761733962	0.000514248649961585	0.00323069352122507
833	chr1	135958723	135976347	9.8587807572495	10.0523478804921	9.63515802478751	0.347378279327293	0.000516120607325609	0.00324138087572228
10415	chr2	85249639	85254964	8.13841698001743	8.38333923501749	7.84323776856928	0.42367072907369	0.0005164466261776	0.00324235544764296
8121	chr17	65537300	65541814	8.48879547420876	8.70745584980621	8.23096976619283	0.388944274593055	0.000517705198984522	0.00324918219957911
118	chr1	36672051	36682203	8.83131396573651	8.59797636780024	9.03211377538935	-0.359761902843058	0.000519043048165201	0.00325650182186028
5093	chr13	93668125	93679501	9.44993626211456	9.63459958281999	9.23811795254456	0.333278513653903	0.000521902776501	0.00327336179617068
12272	chr4	7664512	7674649	9.16381140661771	8.91682264572438	9.37463239881127	-0.374862836381669	0.000522873513545197	0.00327836683633112
1665	chr10	42481774	42488912	8.38294864247455	8.14177208245333	8.58952304515407	-0.369507165046344	0.000524891434003299	0.00328993214199095
5245	chr13	105072077	105080079	8.05024829525784	8.31339073243014	7.72815813819328	0.452885752555578	0.000529533542362441	0.00331793235407619
10175	chr2	61322449	61329393	8.28790050876795	8.0500504663112	8.49203107622741	-0.364708294231576	0.000532264571973045	0.00333394366715394
9805	chr2	24364765	24377804	9.60262753007553	9.37116437787269	9.80203842466388	-0.354081310759518	0.000532540395073148	0.00333457082088198
7506	chr16	95169153	95180000	9.56479090307476	9.33388076148292	9.76379143063791	-0.35640810460445	0.000533981882241077	0.00334249411050574
622	chr1	93066915	93074586	8.78971053535782	8.9825307015058	8.56708463002163	0.347368328900483	0.000537221130061212	0.00336166166417136
5314	chr13	110050654	110060136	8.84354447266281	9.02543529018906	8.63536748849169	0.328704832266011	0.000538061301034032	0.00336580930531473
11171	chr2	167832648	167870531	11.7401669462431	11.5692036850992	11.8930001098001	-0.280095939793485	0.00053930323408801	0.00337246658311577
9991	chr2	33699696	33707350	8.82784672389046	9.03804338810229	8.58171500932001	0.372159204999788	0.000542015828683014	0.0033883130476202
10893	chr2	145896127	145899066	7.42334818163734	7.68504799959427	7.10341965657602	0.450035523919363	0.000543207098712926	0.00339464192508154
12472	chr4	45816940	45833463	10.4218436202035	10.5836751303279	10.2395381854381	0.294917293392324	0.000543665330763704	0.0033963871996591
15652	chr7	24927439	24957866	12.3114458287178	12.0886453076085	12.5043969057499	-0.346179654919297	0.000544420250807289	0.00339938135919859
5194	chr13	98633926	98640476	8.5936767090446	8.79276866021284	8.36264339696842	0.356515665932903	0.000544502836396212	0.00339938135919859
16102	chr7	89875348	89881420	8.12549420006804	8.33371811811089	7.8820648009337	0.369915270911172	0.000546399194792905	0.00341009875632178
4857	chr13	53035114	53042047	8.50381856934214	8.266706368532	8.70740575312301	-0.362398897385437	0.000548030260748857	0.00341878903495832
5525	chr14	28502539	28512584	9.68264332695404	9.49190012114335	9.85108735919798	-0.306929530131035	0.000548151906495504	0.00341878903495832
7408	chr16	90480633	90504066	10.579262641575	10.7269893556345	10.414665350328	0.272296160992523	0.00054851489176796	0.00341992908372672
4925	chr13	58148186	58154418	8.88029780196788	8.64201183485392	9.08474917958777	-0.36060130601184	0.000550459617832625	0.00343059024048301
6604	chr15	79955515	79974377	10.1840479398004	10.0108551245049	10.3386599654383	-0.283737181488856	0.000550586325544616	0.00343059024048301
10022	chr2	35389231	35398808	9.07551365250233	8.81365885194959	9.29706290774126	-0.390314219878017	0.00055176255054244	0.00343679076033639
5781	chr14	57754623	57767091	9.61688903422332	9.43537136223988	9.77809965824323	-0.294511389301669	0.000552656742140426	0.0034410833054609
8580	chr18	38507803	38522276	10.2508942539976	10.0897374051531	10.3958442536808	-0.265189399526453	0.00055281432100481	0.0034410833054609
4147	chr12	87058435	87063758	7.93562652370215	8.17337536631367	7.65081476085279	0.417770262407717	0.000553175628116506	0.00344220335935186
14659	chr6	41573614	41583983	9.04917506815248	8.78860078839316	9.26980768461189	-0.389668908963811	0.000553856320850972	0.00344530944393006
12772	chr4	107557710	107645991	12.8771723187788	13.0277791451092	12.7089907530604	0.276219271852378	0.000554795187917502	0.00345001896182381
1890	chr10	76119734	76141738	10.4933050581522	10.6393947012753	10.330737946244	0.26833034509584	0.000555265007903153	0.00345180955944774
572	chr1	91156758	91190283	11.5574025488415	11.3676098010849	11.7251051658983	-0.304585127568895	0.000555668853117623	0.00345290277567753
7833	chr17	30951486	30956648	8.96716059422107	9.15811228944944	8.7470229290619	0.345544662959636	0.000555804730475517	0.00345290277567753
10909	chr2	148405563	148409699	8.1713422806722	8.38626557565235	7.91870011047307	0.381380455520936	0.000557929315923049	0.00346401669714687
11896	chr3	104420034	104425041	7.72282282704373	7.96985194065268	7.42457458555971	0.427883943124561	0.000557958746149849	0.00346401669714687
4150	chr12	87294558	87306720	9.96021865888103	9.77618407982708	10.1234108948377	-0.296463819570912	0.000560956415390337	0.0034814884917244
6070	chr14	103482697	103489828	8.35485549375872	8.12477791566254	8.55323769214202	-0.356631573376785	0.000561308854493377	0.00348253702171618
3226	chr11	95790213	95802001	10.3742420393079	10.213047120203	10.5192228302992	-0.26559952553886	0.000561603085809057	0.00348322384495755
13294	chr4	150950215	150964252	9.61442809798126	9.40941500226837	9.79389989581906	-0.323698995609682	0.000565126881679755	0.00350393436373736
9820	chr2	25078215	25089797	9.87309059369015	10.0309284352152	9.69583881549232	0.289025341594424	0.000565330049460197	0.00350404931701668
3663	chr12	8377109	8382921	8.06088944057462	8.30685885692801	7.76418622081067	0.425708487304565	0.000566213085076742	0.00350815355261051
15874	chr7	48881590	48908434	11.2495402085185	11.0475222998528	11.4267133222015	-0.319697693874037	0.000566361899214849	0.00350815355261051
1855	chr10	68718974	68731141	9.72735521157729	9.91199202156482	9.51557179716051	0.33383876224515	0.000567753895458624	0.00351562844434233
10414	chr2	85229125	85234779	8.130869016709	8.37817037660973	7.83222339376488	0.425471511547293	0.000569390640554811	0.00352461349220149
7987	chr17	45280459	45291619	9.30804022460311	9.48385948850207	9.10778125105613	0.316680410557327	0.000571738270396386	0.00353799172932932
2749	chr11	58992304	59001078	9.64350620452059	9.46022615100615	9.80610503555621	-0.29837083313606	0.000573879034202398	0.00355008154828139
10599	chr2	112759545	112774359	9.49984121464306	9.68484823095052	9.28757037579644	0.332851023880995	0.000574646058628979	0.00355294156180579
18081	chr9	66774809	66814982	11.8859040052951	11.6087298194992	12.1183120901347	-0.40655852203558	0.000574715769784698	0.00355294156180579
5779	chr14	57681454	57689432	8.5683060691306	8.32577914011297	8.77586973954528	-0.366353222478768	0.000580126082026774	0.00358522074594143
12017	chr3	121497401	121510776	9.27626009392889	9.43786560385325	9.09424149088369	0.294866964356669	0.000581117130483463	0.00359017643862163
892	chr1	151035864	151047268	9.4584994571903	9.63285953731077	9.26013202776426	0.314803684103545	0.000582143492632888	0.00359534700510237
427	chr1	74147535	74174079	10.7724149334565	10.9241400500602	10.6028373277637	0.276713786283398	0.000583341495559893	0.00360157392460351
2045	chr10	87499211	87502973	7.89530021049543	8.16123595839905	7.56900913289787	0.44973606694415	0.000584077633005558	0.00360494614530487
7412	chr16	90846635	90850115	7.76575085855826	8.02162837922932	7.45449195911732	0.439281655126788	0.000585659574587858	0.00361353480692554
2942	chr11	73005984	73037720	11.624270884641	11.4722617675953	11.7617793367728	-0.25340220304912	0.000586797828731737	0.00361938121270706
17369	chr8	120340993	120362727	10.847483613855	10.671202425531	11.0045515706607	-0.286340894066422	0.000587364378305432	0.00362169867961624
5174	chr13	97777335	97784088	8.49240745046932	8.72223557505291	8.21889825259069	0.397977357786538	0.000590972460590163	0.00364204652767684
4303	chr12	109611920	109614945	7.52374923838108	7.81880141722776	7.15242140691592	0.488453053495889	0.000591048174574248	0.00364204652767684
8600	chr18	38987612	38992895	8.46671319446472	8.20987130987394	8.68466605591039	-0.381613328962601	0.000591353958091369	0.0036427480592717
1875	chr10	75493351	75500464	8.24107409050133	7.97758376724036	8.46379207895441	-0.396182986160361	0.000592993525121712	0.00365166259353828
6332	chr15	50915863	50941904	10.6711225649111	10.4395379562087	10.8706235508104	-0.354955911271825	0.000593779032212044	0.00365531373738319
1575	chr10	29140764	29150724	10.1014798327996	9.89479117545848	10.2822338836701	-0.324561224379749	0.000594729752633814	0.00365914200122204
11918	chr3	105621192	105636656	9.90598693425718	9.74311108788219	10.0523257992755	-0.267768901261792	0.00059478650475631	0.00365914200122204
8719	chr18	60943311	60947240	7.44293664482243	7.75192338286564	7.04921339703289	0.508401567681104	0.000596699807723988	0.00366972315320595
16705	chr8	12724101	12732347	8.78863701323719	8.99562516468484	8.54689594479454	0.367076774693923	0.000596910246293149	0.00366973807131953
3751	chr12	25613788	25620989	8.54693000056771	8.31341255523262	8.74786290734608	-0.357212429990234	0.000597088949061316	0.00366973807131953
9840	chr2	25900530	25905919	7.85406104475011	8.14246403348017	7.49322353473696	0.481210772723	0.000598089161302449	0.00367469543294243
671	chr1	120001488	120016210	10.715670641062	10.9105276753244	10.4903236592206	0.348211348547138	0.000598837926802358	0.00367810518213008
16389	chr7	120789014	120793786	7.70550498282813	7.95042401853298	7.41033045246314	0.425540859011212	0.00059946229293392	0.0036802326465454
12694	chr4	98275035	98280032	7.58056613554769	7.8349557894472	7.27150881259968	0.438074072243958	0.000599572124090751	0.0036802326465454
7388	chr16	87514791	87524527	9.03830935181847	9.23016627184367	8.81696713836368	0.343546158359354	0.000604131042882554	0.00370701683248238
7110	chr16	28442916	28449480	8.61495231067877	8.35386256481798	8.83595408256104	-0.390019464239671	0.000606228898111601	0.00371868721954107
3868	chr12	51531056	51539153	9.09712597936678	9.30100448062517	8.85961829024883	0.360346170763739	0.000606700824507467	0.00372037962789248
11322	chr3	9482687	9507360	10.3260214996992	10.4896706227583	10.1414054994429	0.295911092118629	0.00060955478468736	0.00373667321013611
9328	chr19	40522025	40531267	9.20212461306731	9.3683145672181	9.01426757373868	0.300436775571501	0.000609821180804393	0.00373709918969537
18345	chr9	102641519	102645727	8.00035226434908	8.23451669440333	7.72067398435009	0.405798840173986	0.000610564136987187	0.0037404444015106
12210	chr3	149375986	149383063	8.69632251982616	8.92295697215735	8.42732823748724	0.397726701386986	0.000611692316276137	0.00374614665072759
5271	chr13	107652552	107658186	8.41830960040156	8.193596467239	8.61269276565575	-0.346513739544795	0.000614293051741613	0.00376039381024298
12093	chr3	133689177	133698057	9.05354312092293	8.83281411577839	9.24493937688506	-0.344561925160871	0.000614575951176171	0.00376039381024298
6802	chr15	98886213	98902019	11.1673956017365	10.900883358311	11.3922670698015	-0.39396561500154	0.000614613077579099	0.00376039381024298
7562	chr17	3345647	3352499	8.4670750106277	8.68007830670061	8.21708356265916	0.379766600456852	0.000614984261568548	0.00376077116597389
8966	chr19	5049949	5087116	12.1994030655599	12.0307815650657	12.3503625096117	-0.275856785400454	0.00061507106271052	0.00376077116597389
2333	chr10	129016747	129020856	7.57235939529018	7.82603542122629	7.26435602292451	0.437271660104509	0.000615493183459437	0.00376214013812453
13069	chr4	133239849	133249031	9.51120374811336	9.31659103896924	9.6826572762247	-0.308844858921353	0.000618223715198582	0.00377761361582546
16724	chr8	13692624	13704698	9.43089543499625	9.24040718048533	9.59914067501588	-0.305580783420634	0.000619972832779001	0.00378708219932818
9279	chr19	36336121	36349545	10.0613954380271	9.87289337575258	10.2280898482883	-0.301329006969044	0.000620855784624444	0.00379125544928807
16051	chr7	81960844	81975572	9.86105609586927	10.0480485640831	9.64616620005532	0.33439908294474	0.000621920225227923	0.00379653391913823
4611	chr13	32610254	32621597	9.5347537381141	9.33208201673536	9.71242934645504	-0.319294386124107	0.000622942491118702	0.00380155162023853
18263	chr9	89845051	89856172	8.92803882873707	8.72662888625466	9.10474432202476	-0.321519119713348	0.000623229588048621	0.00380208111590318
2889	chr11	69774750	69824530	12.3357830291202	12.1603933597053	12.4921430022913	-0.284977505997259	0.000626533332653946	0.00381881707066185
893	chr1	151055370	151067467	9.77502787736985	9.94816348798689	9.57824434672035	0.312104569698347	0.00062656377169188	0.00381881707066185
15124	chr6	94806028	94809903	8.11807427966974	8.35715274392602	7.83135036481955	0.415137527477728	0.000626576550821488	0.00381881707066185
7842	chr17	31413553	31419548	8.23053018815597	8.45329201583949	7.96697845447758	0.390492858644473	0.00062702507046759	0.0038203238563096
9568	chr19	58383977	58392043	8.84725323296582	9.04088836301574	8.62353968438197	0.34292962862955	0.000628089339695206	0.0038255800956596
11169	chr2	167794321	167799390	8.27695075780953	8.00090298493224	8.50856709498366	-0.403387845582795	0.000629088560872597	0.00383043689342349
11555	chr3	60384311	60398821	10.0434539217532	10.256515429292	9.79338223124216	0.375865785888553	0.00063115017291189	0.00384175725840114
14781	chr6	52099378	52108552	9.43345490644478	9.6210043043794	9.21782884816801	0.334171733890517	0.000631865413295482	0.00384487774252483
1816	chr10	62847420	62852843	8.28468278651309	8.03896202764236	8.49457985650692	-0.369622631570782	0.000633544507547843	0.00385321269098931
14071	chr5	115491221	115506927	9.82148265879539	9.58199312221021	10.0268189066908	-0.363018040635934	0.000633692017851468	0.00385321269098931
2437	chr11	20621897	20631864	9.54229585337774	9.26571087386697	9.7742899205978	-0.403898073188857	0.000634196366356666	0.00385321269098931
16426	chr7	123449636	123455826	8.31055424572951	8.52118601292907	8.0638253364241	0.373269230136062	0.00063424186406567	0.00385321269098931
1085	chr1	164482846	164486081	7.53918320270507	7.78542306206604	7.24208594638764	0.422902911291438	0.000634250300155467	0.00385321269098931
902	chr1	151313907	151317767	8.34557816246251	8.55152243245457	8.1052606047657	0.365522448368026	0.000635043656340531	0.00385679793717982
9390	chr19	43436422	43451064	10.2370207705535	10.065275601127	10.3904783467804	-0.281013713462643	0.000636902197374622	0.00386617541090228
11705	chr3	89249859	89266025	10.69618088974	10.507684001166	10.8628712553799	-0.301272230412323	0.000636995126713284	0.00386617541090228
11811	chr3	98202367	98205443	7.3682917913201	7.65410590816796	7.01150518532283	0.476268195539767	0.000637358727067913	0.00386714555019882
13641	chr5	43977738	43989821	9.29768889539975	9.11175495745026	9.46237245194091	-0.29921164393021	0.000639846201268474	0.00388099746049037
4500	chr13	20038598	20087962	12.1803099799426	11.9812349847171	12.3552162905791	-0.315345971587139	0.000640669419430239	0.00388474917296054
3326	chr11	101466651	101475612	9.89138177413357	9.70138676132641	10.0592422430913	-0.301620607300867	0.000643277048365018	0.00389931494759491
13594	chr5	36441522	36459079	10.5089814068547	10.6574751342719	10.343431142375	0.271396969822473	0.000645069914144618	0.00390893419557813
3633	chr11	120942600	120949546	8.75710681276196	8.52608278836571	8.9561918706002	-0.353032896098043	0.000647894660519767	0.00392479820044834
12263	chr4	6588430	6610129	10.2870116073085	10.0958223559559	10.4558032826485	-0.304660082229467	0.00064920338625782	0.00393147130433541
169	chr1	39101114	39117854	10.0428336168684	9.88823372025898	10.1824583265954	-0.257040423603993	0.000650005056750309	0.0039350704855069
16889	chr8	46275580	46281684	8.40172011188907	8.6142859052397	8.15233150033396	0.371374852508303	0.000650757756367754	0.00393837100067079
2338	chr11	3283002	3289466	8.49032044680324	8.26144524131022	8.68780856724499	-0.349455536803736	0.000651912734621967	0.00394410321657326
6760	chr15	96849583	96854960	7.97075610046127	8.20843080936304	7.68605082421272	0.41173528654011	0.000653845373807526	0.003954264819993
1027	chr1	161293968	161308068	9.8084168346282	9.63877922421175	9.96018997402579	-0.275941654049376	0.000654009024182413	0.003954264819993
4503	chr13	21161813	21167756	8.73800502450454	8.47536113239232	8.96011844273652	-0.385265993597909	0.000655043875169805	0.00395926041619354
18532	chr9	119515506	119518878	7.85618597198236	8.14558781508835	7.4937805222227	0.480292113733794	0.000655541881894363	0.00396100903421621
13440	chr5	24977049	24984923	8.87064319785104	9.08474791071885	8.6191321771601	0.376469456736916	0.000656822727198108	0.00396748521307858
14573	chr6	31326350	31334820	8.95459402274645	8.73763336508189	9.14315181494457	-0.339404665134987	0.000659835154051603	0.00398441342308157
9759	chr2	18503906	18511847	8.59102753057405	8.36213172066167	8.7885309832986	-0.35311630472268	0.000661620827014995	0.00399392546943944
15476	chr6	137165937	137172202	8.84440010062547	9.06688757880022	8.5812326046951	0.388719800092945	0.000664797051634932	0.00401180368130945
14099	chr5	118419153	118431879	10.1489063869649	9.99094954163988	10.2912629529928	-0.260548125507804	0.000665005236387562	0.00401180368130945
16137	chr7	97730961	97745964	10.5221715881121	10.278114922287	10.7308539937706	-0.367590972650151	0.000665984652483174	0.00401643556386341
4246	chr12	105714265	105722905	9.14369865405249	9.30609642139334	8.96067409698127	0.296062120343281	0.000666269976852575	0.0040168798890359
14863	chr6	65693984	65702691	8.67373252055585	8.44232775517794	8.87310010155691	-0.352656479690323	0.000666926551784563	0.00401956145643672
3083	chr11	83405179	83439955	12.1583008200066	12.0149751167774	12.2886656340165	-0.240717221374912	0.000667683796329625	0.00402272482880571
3789	chr12	31971931	31987025	9.57157292950547	9.4027425274642	9.7226997450814	-0.275208154827249	0.000667875332502597	0.00402272482880571
996	chr1	156782537	156786594	7.98234035606035	8.23628444314157	7.6739412380651	0.43067664528929	0.000668561379479862	0.00402518478364932
1544	chr10	24717137	24724947	8.98637603720183	8.71558603525725	9.21428275472281	-0.395878124985151	0.000668707920482971	0.00402518478364932
5621	chr14	47000749	47015678	9.86637802204608	10.0364801861695	9.67350513154168	0.306718609117016	0.000669665586637309	0.00402967126467644
12356	chr4	32978500	32994279	10.5444922653395	10.2957648918842	10.7565778084954	-0.373006264550388	0.000669985285891934	0.00403031719205801
8300	chr17	85899936	85909456	8.75803735082687	8.98000688036851	8.49559478532913	0.38822997586781	0.000671221145957556	0.00403647215751852
11254	chr2	179766056	179769725	7.75315643199616	8.04152587337041	7.39237153415017	0.479035584969442	0.000671987162185852	0.00403979865414168
15877	chr7	49045223	49050009	8.17792992041547	8.39574493117396	7.92127958787969	0.380452016508577	0.000675064515500362	0.00405701375544059
1333	chr1	189583075	189604853	10.3660751034345	10.5443690717147	10.1625980934039	0.320192923019628	0.000676716222048861	0.00406565279463923
14408	chr5	147384992	147394506	9.4720039682332	9.67331484653994	9.2379755763507	0.357476699614896	0.000678127374327081	0.00407277034095041
11662	chr3	86963509	86976812	9.32311541186635	9.05970451068631	9.54577669830808	-0.388033270880958	0.000678330104206979	0.00407277034095041
6765	chr15	97196581	97200852	8.02465057103255	8.24756402514325	7.76088640304075	0.389816861824055	0.00067898886356153	0.0040754363192708
405	chr1	69379568	69387194	8.68305908122447	8.42074546583119	8.90493643167733	-0.389913096069154	0.000679268377071836	0.00407582501689737
4244	chr12	105580318	105583498	7.53534512237387	7.79468306114238	7.21894403026369	0.438913238117051	0.00068032406357851	0.00408086928023279
16516	chr7	133622140	133629915	8.58465873016461	8.77581674520828	8.36424667801134	0.341079469328351	0.000681414139546062	0.00408611657328427
14876	chr6	67165656	67198933	10.9737105346938	10.8271393099562	11.1067545398998	-0.245153066961597	0.000681645583710558	0.00408621337120742
2639	chr11	49825522	49833522	8.93877797807036	9.14188974444404	8.70231079278748	0.358066987723416	0.000682326786078172	0.00408900539089916
13067	chr4	133207772	133213668	8.53142945685957	8.2101724366839	8.79401630607127	-0.44578351628763	0.000683117508370076	0.00409132166449557
7766	chr17	26991613	27011288	10.3408801780813	10.1662457345219	10.4966397877331	-0.282244029389178	0.000683144441476708	0.00409132166449557
9569	chr19	58399004	58402634	7.65154995791452	7.89207435990686	7.36274172872524	0.41535378709526	0.000683828231183485	0.00409412492101935
13795	chr5	76775035	76778223	7.38423410345397	7.664228394311	7.03648638986031	0.466912801172654	0.000684524144044006	0.00409699896872002
12278	chr4	8089729	8093349	8.03377973888268	7.76973965199649	8.25689007485871	-0.38776724751202	0.000684808820812547	0.00409741065895376
10331	chr2	74919883	74938217	10.1447342580862	10.307171946577	9.96165897868842	0.294024617319602	0.000687462896488778	0.00411199442561
3177	chr11	90000988	90019606	10.1177002378847	10.2989177980322	9.91040505183352	0.324937640013806	0.000688642385904782	0.00411649307988949
9838	chr2	25842733	25850616	8.88014784577629	9.06820859927669	8.66384528456943	0.334451735630112	0.000688857900857421	0.00411649307988949
5233	chr13	103696861	103707641	9.12535465836136	9.30776271219206	8.91649957844013	0.325201020498485	0.000688865694806313	0.00411649307988949
14930	chr6	72707547	72724046	9.72754615874292	9.95778542435933	9.45345397223476	0.399849145238823	0.000689458352182142	0.0041187378237535
14610	chr6	37653923	37666818	9.25684031410157	9.0739155652977	9.41915951974056	-0.295858994254669	0.000689928042413214	0.00412024679577105
7120	chr16	29896788	29909452	9.65440468704235	9.48928941654909	9.80254841711839	-0.272206022493492	0.000692133950405234	0.00413212024056022
12	chr1	6508805	6527747	10.2308233848617	10.0448431193774	10.3955432726551	-0.297991222471853	0.000697936559574323	0.00416545218998776
745	chr1	132331965	132340246	8.62812265648261	8.83076943747147	8.39228584895926	0.358678139950148	0.000702177570069641	0.00418944611831239
13734	chr5	72139199	72145866	8.32777131192245	8.53988505784242	8.07900512161875	0.374885691126014	0.000706036804471348	0.00421114786676986
12226	chr3	153725278	153744564	10.0631322668138	9.90958017545874	10.2019019166147	-0.254581273641912	0.000706774027589515	0.00421422063136079
3699	chr12	15768090	15775754	8.40015582639863	8.17959958016852	8.59142223774445	-0.343650594627534	0.000707016211912362	0.00421434066767736
9140	chr19	21201865	21211740	8.96131186377168	9.20786966453092	8.66375113336126	0.42223087277764	0.000708087059431192	0.00421939852462938
2667	chr11	52521946	52529815	8.81187557838385	9.01077945599139	8.58109562855937	0.350688280531623	0.000708357672665448	0.0042196862113991
10794	chr2	129378583	129399576	10.249476449032	10.0980385908449	10.3865173427961	-0.252272696357216	0.000710225656522835	0.00422948626769591
14806	chr6	53510006	53522459	9.47806941796969	9.31016127290052	9.628456993798	-0.274923825632644	0.000710652392501283	0.00423070004933559
1709	chr10	44997234	45003995	8.2514424778032	7.94917445202925	8.50121973429474	-0.428822282085501	0.000711766725339318	0.00423600523054717
2295	chr10	127035642	127041874	8.69555258624248	8.47722111340817	8.88514443363977	-0.33891522536014	0.000716319467880078	0.00426176400655047
8518	chr18	34960803	34973570	9.65112676714327	9.42648388137818	9.84545739262792	-0.344347138822742	0.000717396886987572	0.00426683657729149
15479	chr6	140742052	140747865	8.7119224326357	8.49180982488871	8.9028552830179	-0.339298444383904	0.000717782332574682	0.00426779163218511
9300	chr19	37500380	37508714	9.20356961688388	9.00973957948681	9.3744155810514	-0.306228538159097	0.000719349820776528	0.00427577207908479
13869	chr5	99480428	99489813	9.14922144206917	9.37749474406	8.87791332067713	0.397295659883634	0.000720355217588889	0.00428040753745132
2014	chr10	84769574	84790588	10.9783214094052	10.7841116550682	11.1494622092447	-0.307672984671825	0.000723306221281132	0.00429659742525653
1293	chr1	183057833	183063113	8.34020584123989	8.56621169233638	8.0720973807719	0.390052660164982	0.000723614289443545	0.00429708247789394
4103	chr12	84821823	84838922	10.1977738493628	10.3572190483079	10.0184919031795	0.287936969453386	0.000723877215368982	0.00429729924006503
10120	chr2	57136910	57150589	9.73944242985778	9.57088709862169	9.89034885012082	-0.274511189519927	0.000724687619307512	0.00430076495523367
1957	chr10	79581978	79590296	8.70603145650434	8.95843430910903	8.39990521994788	0.429378178018211	0.000725710149985138	0.00430548700736728
7233	chr16	36432101	36437880	7.98471099830516	7.72099320550788	8.20759135507188	-0.391245033920806	0.000726798549247846	0.00431059677067965
9595	chr19	60633457	60640843	8.26617915650412	8.02037400206553	8.47613776445034	-0.367081425861622	0.000727497666359426	0.00431339525455656
4191	chr12	100039027	100046837	9.01415519662787	9.18827491477996	8.81609892801637	0.313781316771724	0.000727852314927412	0.00431415024516157
2123	chr10	97151910	97157705	8.0912737840488	8.36666273795677	7.75061320111637	0.463745436309083	0.000728586502108547	0.00431715367577837
12294	chr4	9179146	9188132	8.78906317793087	8.97002265582083	8.5821057629531	0.324624950685397	0.000728837199445265	0.00431729126350552
7793	chr17	28385791	28389891	8.71433307018953	8.49835510216838	8.90214852248049	-0.335723539800651	0.000729120381808015	0.00431762113146156
1035	chr1	161574771	161584434	8.46469493700016	8.19577539124635	8.69127637987359	-0.390610969768269	0.000729687351656258	0.00431963076952093
564	chr1	90924211	90929367	8.22409801616918	8.47634914153602	7.91819520941128	0.426679271062273	0.000730125524841237	0.00432087693668907
7750	chr17	26362528	26384353	10.3696253692767	10.5269618902127	10.1930057364514	0.285287346710065	0.000730495428781795	0.0043217184360504
10941	chr2	152454807	152460793	8.26027959621044	8.51385980801333	7.95241763257294	0.429670354566636	0.000731183067440252	0.00432443859051061
11835	chr3	100974514	100993029	10.4773838070916	10.3192618631626	10.6198744318272	-0.260100477713037	0.00073142919525966	0.00432454663452744
11479	chr3	51982453	51988722	8.5730814439885	8.79879133712964	8.30538972427607	0.390640651777546	0.000737039845678303	0.00435636226444363
5498	chr14	26319869	26323472	7.36030606199115	7.63059574663634	7.02742617432676	0.453649387407504	0.000739072184726364	0.00436698503914066
2983	chr11	76633946	76677294	12.1724231201676	12.0070021877899	12.320812806517	-0.270586697907481	0.000739297272288264	0.00436698503914066
1553	chr10	24946771	24950113	7.36743139965007	7.65621876746865	7.00599084530855	0.4771664545881	0.000739948252494908	0.00436947040575634
16681	chr8	10963993	10967500	7.56949766161065	7.81692277870971	7.27067133676925	0.421480736507389	0.000744738250464322	0.00439638794885299
17511	chr8	127085808	127095638	9.26974492100993	9.44367938888581	9.07192838717197	0.311235685337882	0.00074600388553557	0.00440248997001853
11501	chr3	52898884	52906570	9.15582173653959	8.93064379341929	9.35055243203199	-0.344436791181884	0.000754187847728229	0.00444940353187257
6782	chr15	97942666	97957864	10.3697238110679	10.5161487048623	10.2067413650767	0.266859473205258	0.000754652816987075	0.00445076314903595
15648	chr7	24703994	24708631	7.89204723572465	8.14439752490108	7.58599840935739	0.427139674403031	0.000755351910491821	0.00445350230171615
1623	chr10	40331016	40343426	9.38213420159196	9.20618827987207	9.53893600456357	-0.284693010305545	0.00075654912267191	0.00445917571403422
3822	chr12	35185341	35187971	7.24365836471809	7.51432531501483	6.91020520275863	0.454463892790165	0.000757659957860108	0.00446433664707451
15080	chr6	90353208	90368422	9.69119090746689	9.87266100547321	9.48356507161725	0.323046390929107	0.000758192416566781	0.00446608748417782
1588	chr10	34090937	34096498	8.15716087518643	7.90541581451179	8.37143504720455	-0.37380155689854	0.000761205726476332	0.00448106603016243
1323	chr1	184865922	184869511	7.85957254386398	8.08772291741822	7.58843820123154	0.395840522349071	0.000761413137576926	0.00448106603016243
15021	chr6	86838072	86847284	9.00956272036685	8.81162596988681	9.18359009008219	-0.315553285359499	0.000761443592774848	0.00448106603016243
14348	chr5	142516985	142533000	10.2459037013936	10.3968408213528	10.0773100601679	0.27338616138952	0.000762368453555544	0.00448511806572556
3106	chr11	84741962	84749224	8.46471671348846	8.72488343699228	8.14707948252733	0.439781745848788	0.000764010459741199	0.00449338534720428
10533	chr2	103155756	103168591	9.32293802425208	9.1275604316426	9.4949847425348	-0.310986580357105	0.000765562496563711	0.00450082492213762
5698	chr14	54450711	54456221	8.37779636709175	8.12801560789976	8.59064679367471	-0.37075953971014	0.000765749706179586	0.00450082492213762
68	chr1	21233239	21253464	10.7148607228349	10.8719767945365	10.5385189105918	0.285317096550357	0.000766578675483976	0.00450399348871991
9401	chr19	43941337	43948607	8.84354828268217	8.64380933040981	9.01896672704365	-0.314697401962751	0.000766763420731019	0.00450399348871991
3753	chr12	25662622	25674184	9.67529643638929	9.51093001698456	9.82283719247148	-0.26772697486681	0.000768605817101675	0.00451341887462026
12531	chr4	53198435	53210606	9.36781140956445	9.54281500592384	9.16861032965847	0.311414721978821	0.000770345099763949	0.00452076100036749
383	chr1	64691268	64699215	8.32761703144838	8.06366337846909	8.55066569946955	-0.391619646511066	0.000770388517331187	0.00452076100036749
7007	chr16	20236873	20249542	10.1817187177262	10.0155993462501	10.3306700627516	-0.269794924822974	0.000770651728117615	0.00452076100036749
11609	chr3	78930047	78935320	8.01744384918489	8.24024743107731	7.75383362164158	0.388450052896232	0.000770808925506571	0.00452076100036749
13847	chr5	92953575	92970807	10.553429066431	10.7013442931596	10.3885976635224	0.269031327860429	0.000771181664084253	0.00452154983090981
9183	chr19	28870312	28878028	9.19713510952202	9.39143670438741	8.97253103608403	0.343689469796684	0.000773264480948667	0.00453236151449189
5200	chr13	98948986	98960219	9.08386397546479	8.89723822952746	9.24908984927835	-0.297928339846744	0.000773943609926327	0.00453451552949511
16860	chr8	35970324	35990575	10.5909287368834	10.4432198721938	10.7249092685972	-0.246087597465057	0.000774109822201599	0.00453451552949511
14216	chr5	134693608	134723730	10.9284503340194	11.0637844159973	10.7790943578934	0.247821390116448	0.000775826351778988	0.00454316825992392
4622	chr13	33934366	33942837	8.58131242674895	8.36546634689406	8.76902818096885	-0.332824929463281	0.000778086449798041	0.00455499775777823
1925	chr10	77748588	77785251	10.7876887961146	10.9469798473557	10.6086017677542	0.287806715432939	0.000779733092891513	0.00456322983965095
14264	chr5	137139615	137145716	8.23361606093816	8.46194555735553	7.96222848794491	0.394720020070165	0.000780017984583643	0.00456348992891892
16036	chr7	81230115	81238062	8.64267820638347	8.85023170256843	8.40016517653007	0.360947221303443	0.000781215494200069	0.004568094083658
10235	chr2	69803272	69831215	11.4042922764224	11.1997663247361	11.5833907850777	-0.320017180680743	0.00078128633729669	0.004568094083658
17948	chr9	58671233	58676216	8.1586111063892	8.38132806184232	7.89512223011054	0.386806074400441	0.000782301815960903	0.00457262277952632
7752	chr17	26406048	26424626	10.7283040671467	10.5746160539565	10.8671846994349	-0.254235368812491	0.000782624998076553	0.00457310339855139
13238	chr4	148796279	148834968	11.8179125934123	11.9672237620299	11.6513454499431	0.271479991272611	0.000789975142028267	0.00461455428820614
11611	chr3	79285757	79306181	10.6035200140634	10.3884596725583	10.7906414741389	-0.332629466978459	0.000790205039078453	0.00461455428820614
544	chr1	88660607	88679535	10.5538653579295	10.3566052435596	10.7273696533362	-0.310587638768675	0.000791590790981063	0.00462122473762829
7609	chr17	8402562	8412227	9.43076159243815	9.23522697891521	9.60293001610975	-0.3101273084592	0.000792069437326185	0.00462259712515796
17486	chr8	125649849	125659549	8.73745254430033	8.97280116139859	8.45608173829797	0.404452650601976	0.000793666842313867	0.00463049585006913
1218	chr1	179831266	179841251	9.10863860911864	8.89024033748704	9.29828080122736	-0.33454343038541	0.000794844716823918	0.0046359428028891
1208	chr1	178421217	178436607	9.7169115352732	9.54094893713244	9.8737265795653	-0.282471970708762	0.00079635592743583	0.00464332999901831
4566	chr13	28942011	28965843	11.4044903220956	11.2089851837366	11.5766359016457	-0.308614535084806	0.000797749162506662	0.00464877273228873
15699	chr7	28537420	28549071	10.1367223182031	9.9763657340697	10.2810247217488	-0.261997368584331	0.000797779271250561	0.00464877273228873
15060	chr6	88717986	88734244	10.5238991475233	10.6705843809477	10.3605940238519	0.267640473341933	0.000800645222072902	0.00466404102815273
5124	chr13	95377588	95394283	10.1184289303957	9.95902396777864	10.261960409116	-0.260836391235525	0.000802694448032484	0.0046745437033472
16483	chr7	128463110	128475253	9.5661201673749	9.38098541781115	9.73017665184731	-0.295839385365654	0.000803091778516555	0.00467542296456003
13815	chr5	88805177	88808632	7.84540038473001	8.06759688894819	7.58264021817237	0.383567009620091	0.000805178555429887	0.004686134254371
12141	chr3	138602143	138617405	10.0193720113808	10.1626520528536	9.86027717466947	0.261771645941029	0.000809521673814407	0.00470855214240289
4497	chr13	19940578	19946520	8.38105854095523	8.12503975633382	8.59841883438401	-0.376509619697127	0.000809526615767988	0.00470855214240289
7024	chr16	20833183	20843127	9.06762822852667	9.23686321341581	8.87586983006795	0.302513467563863	0.000811140258017394	0.00471649232748533
13280	chr4	150667371	150674980	8.90656772019695	9.11235659760403	8.66646185878419	0.362026864432603	0.000812015257857559	0.00472013402109605
3078	chr11	82908889	82915357	9.33710729747613	9.15095945667453	9.50195858479131	-0.295900361481265	0.000812523688274387	0.0047216433189711
1775	chr10	60702398	60705477	7.40221417347321	7.6750253368507	7.06549558138438	0.45233796286739	0.000815331840701311	0.00473651147985007
8723	chr18	61026603	61061286	11.5670863091332	11.697291997385	11.4239529490164	0.239436020407206	0.000818871557345596	0.00475561912082683
12474	chr4	45892394	45899211	8.8377098122177	9.05689268631935	8.5791568106026	0.382111751212013	0.000819881181838527	0.00476002598657492
8771	chr18	65514611	65535513	10.1855857492944	10.3789702103247	9.9622068940171	0.341920662088259	0.000821793297052234	0.00476966819105638
334	chr1	61084548	61091699	8.72140697000247	8.48067628375104	8.92765437717683	-0.361881327012722	0.000823908339541134	0.00478048192483986
3824	chr12	35424444	35434050	8.59421031790936	8.35185947891703	8.80164507734937	-0.362465035821867	0.000825459739584998	0.0047880196814131
1039	chr1	161767151	161773991	8.31065119459324	8.00795744699707	8.56071874367695	-0.426947305491039	0.000826590539247496	0.00479233757267057
7406	chr16	90432182	90442026	9.25617911200034	9.44794281231687	9.03496102385978	0.337607384441077	0.000826709163439773	0.00479233757267057
6121	chr14	122087391	122100538	9.78080143285094	9.5916917130953	9.94797070916265	-0.299066811437802	0.000827123427315954	0.00479327497008534
11619	chr3	79805207	79812383	8.24906296434748	8.46774405880842	7.9912084286318	0.381631493081242	0.000828549142167017	0.00480007148021606
9871	chr2	27130847	27155520	11.039714506996	11.1920154943296	10.8694170516731	0.276230426140157	0.00083172709474998	0.00481701206324683
8463	chr18	25564744	25570854	8.68674573634033	8.88841987012817	8.45222599443043	0.354244122516202	0.000833188369811764	0.00482400307219569
12065	chr3	129291494	129299028	8.80731382855227	9.23544465980305	8.19580268965974	0.590571654982664	0.000834662471728946	0.00483106405945217
2624	chr11	48882131	48896375	9.68868782888624	9.51468695234005	9.84394335179936	-0.280340577168962	0.000835515863701701	0.00483452913938859
8067	chr17	50377571	50391514	9.65900929577558	9.49867344977907	9.80329490881101	-0.26406721060386	0.000836183502863342	0.00483691761683736
6780	chr15	97924443	97933684	9.10829338106381	9.31455919717082	8.86753759971009	0.36098278250861	0.000836519175219539	0.00483738495627411
18181	chr9	75313369	75324555	8.8804659371849	8.61758133677571	9.10275134512213	-0.38414405351595	0.000836777389984635	0.00483740422921669
7272	chr16	43750900	43758978	8.71614412468284	8.50525172650371	8.90010362496366	-0.325860295322299	0.000837368669771191	0.00483934835066609
3163	chr11	88299352	88306832	8.91415987681347	9.11036419411587	8.68700810246989	0.346236791706245	0.000837912448222015	0.00484101685077797
2393	chr11	6667811	6679353	9.59315427476342	9.43054154100001	9.73928075160717	-0.26641890899496	0.000841183636065315	0.00485843707513196
8249	chr17	83171881	83182579	9.40984750271247	9.22825660166197	9.57111586879463	-0.290293012151395	0.000846061926406139	0.00488512604236754
17172	chr8	95286371	95292107	8.50844564900494	8.72236034019485	8.25719698936391	0.373554855744017	0.000847839207808729	0.00489389912560884
13323	chr4	154780193	154785168	7.93610766635536	8.18104630882007	7.64090462597603	0.414140502344611	0.000849101185537946	0.00489969334153988
11834	chr3	100903192	100913568	9.11457920777304	8.93129233702177	9.27718340278222	-0.292673449033926	0.000857560877994629	0.0049469009379663
4570	chr13	29988975	29996939	8.55026065849346	8.27250440135132	8.78307746489017	-0.39926449040965	0.000857803413606992	0.0049469009379663
5022	chr13	75809792	75820789	8.88307844181266	8.68717869752274	9.05552978391796	-0.30907456141647	0.000865288085217114	0.00498854877561835
7769	chr17	27148896	27169024	9.98863907205028	10.1951373991725	9.74756626595669	0.361980636844572	0.000866491793686479	0.00499397137940349
1587	chr10	34078600	34088506	8.87932251760278	8.65476219726612	9.07359138464029	-0.342715865763134	0.000868058913731269	0.00500148455485906
4283	chr12	108365803	108376288	9.16800977131579	9.38007393298406	8.91931182504974	0.36816454693918	0.000869986119183168	0.00501106724005383
15333	chr6	121366567	121372478	7.87039738479624	8.10965033155506	7.5834222244717	0.410568901061889	0.000872463481377662	0.0050238120185275
10240	chr2	70049680	70054520	8.19961200100889	7.92726997063608	8.42861615206542	-0.397980326150545	0.000873344233774507	0.00502735826897373
15457	chr6	135275290	135282470	8.81108814652581	9.00702743456903	8.58429171155366	0.347115573994704	0.000873613956339375	0.00502738607561097
11141	chr2	166237214	166253971	9.90011342013455	10.061264043487	9.71867183456162	0.290155610888686	0.000875218784359794	0.00503487808848737
14820	chr6	54072710	54092856	10.1766696057231	10.0122133865242	10.3242826983103	-0.267418121792765	0.000875446424574968	0.00503487808848737
11049	chr2	160426096	160433638	8.63783798696339	8.84356101435666	8.39782181888102	0.358294334271505	0.000877203799554125	0.00504345680452522
772	chr1	133395862	133403150	8.90104587591282	9.10308160409573	8.66603674160836	0.352847824732458	0.000880654825578848	0.00506169569171314
3894	chr12	54542392	54550658	9.12540863814382	9.333110272404	8.88269321179772	0.362961491943589	0.000880927220493417	0.00506169569171314
9107	chr19	16065594	16073464	8.63058014901668	8.39685913316268	8.83166367452647	-0.351147220171316	0.000881411203081624	0.00506169569171314
17426	chr8	122824354	122834643	8.75907945996297	8.50431435198371	8.97553608529139	-0.376170436319783	0.000881442871653508	0.00506169569171314
9302	chr19	37541565	37550093	9.58954349027962	9.38037145007828	9.77219316741936	-0.324367459257323	0.000882348456039848	0.00506536338390208
17991	chr9	61948778	61961624	9.32088004870607	9.1341142998103	9.48621561623295	-0.296252499743375	0.000883135677144624	0.00506834956653397
4180	chr12	99119712	99126168	8.21159180671101	8.42631087423598	7.95923198932417	0.374094204690654	0.00088832669257643	0.00509659984837004
156	chr1	38722770	38769139	11.9668117527945	11.8290444647	12.0925624016676	-0.232031664682135	0.00088982380402179	0.00510364641176475
14064	chr5	115225358	115234288	9.31762226435212	9.09004346202998	9.51414492901893	-0.342936738232371	0.000890256095050826	0.00510458321086696
16404	chr7	121895628	121902213	8.95772169985326	9.15409880229868	8.73033818061956	0.345275147491621	0.000891236222928028	0.00510772747264289
4554	chr13	25092564	25097927	8.00973719319584	8.23801575329099	7.73842163784584	0.390520505783209	0.000891357058567536	0.00510772747264289
9853	chr2	26507922	26528282	10.368177120488	10.2056310552186	10.5142497704751	-0.265837664116569	0.000891611840290105	0.00510772747264289
14421	chr5	148465647	148471821	8.37566206505117	8.6595869117305	8.02181993874867	0.467251550590186	0.000893515724671102	0.00511599451463988
4006	chr12	76579907	76584111	7.90489410580354	8.13876408690396	7.62563615010565	0.400308575947	0.000893594067971506	0.00511599451463988
12041	chr3	123004723	123008035	7.70198510427378	7.98377781455951	7.35145415664305	0.462470585893508	0.000900168710103004	0.00515208140803526
9171	chr19	25573297	25577104	7.30337850452552	7.58409967751596	6.95450693219824	0.461770874939195	0.000902927317042771	0.00516631219480095
1199	chr1	177943975	177947447	7.23675403659989	7.53485255824683	6.86057815340753	0.478534068340731	0.000904291199215226	0.00517255656115304
13659	chr5	52670260	52688953	9.98907815614749	10.1440038828183	9.81549151743956	0.278819033506349	0.000905205603821464	0.00517622692224392
13204	chr4	141102412	141105046	7.06424493056436	7.35602229447419	6.69809929810344	0.475156258797632	0.000908723812160559	0.00519477988885399
3532	chr11	115245791	115269586	11.9912185505636	11.8238951039398	12.1411370171441	-0.271543884954935	0.000909389040177793	0.00519620018753608
2070	chr10	93438319	93450494	9.52530777281368	9.31894758055079	9.70581066709972	-0.320739171871309	0.000909519838926965	0.00519620018753608
10383	chr2	80394587	80402242	8.46586391859119	8.2518833865271	8.65216773527003	-0.330586334947144	0.00091099216833381	0.00520304555004736
9536	chr19	56757458	56784363	11.0872834468071	10.8983861940042	11.2542867270935	-0.298882408591855	0.000912622603773063	0.00520943990596717
7231	chr16	35893453	35900415	8.32923899836749	8.07564357945021	8.5448512752644	-0.371798598201529	0.000912833599842658	0.00520943990596717
10577	chr2	105361238	105379069	10.2037419027243	10.3966148382138	9.98104561533361	0.340638738134877	0.000912935198232088	0.00520943990596717
15084	chr6	90546555	90552735	8.7226342359205	8.89952074383955	8.52098900508612	0.317281879679391	0.000913621920692271	0.00521179153375973
5673	chr14	51868468	51882620	9.81919428476153	9.96591612395513	9.65584377965013	0.267704259854812	0.000914888902467925	0.00521745086536621
3445	chr11	107877903	107886806	8.89235897872661	9.11581732749296	8.62783095015951	0.385870810709197	0.000916974528308907	0.00522777397800383
16385	chr7	120666277	120670367	7.75059340537437	7.98049248603947	7.47698362206605	0.397907809739621	0.000917409020950471	0.00522868042300871
6990	chr16	18383030	18395567	9.53525753866402	9.32635638137223	9.71770072373846	-0.323707205888928	0.000918121713915263	0.00523117142251509
11051	chr2	160484949	160492438	8.57363531764354	8.81528429236827	8.2832024889054	0.408815257799099	0.000919064111626455	0.00523496932009558
3648	chr12	3940831	3959176	10.3713721264469	10.5142208520447	10.2128089992121	0.258957680397016	0.000922963668744044	0.00525560380110807
8727	chr18	61112388	61125291	9.72872064993358	9.89869053135114	9.5360178671143	0.303331288035908	0.000923855074813661	0.00525910181910272
13020	chr4	129277816	129294764	10.7854804582611	10.5883664347917	10.9588717608203	-0.309106012510332	0.000924187455451414	0.0052591419441852
2175	chr10	115463365	115467210	7.37000713972812	7.65157402009181	7.01982617207899	0.464843369734178	0.00092441632993318	0.0052591419441852
387	chr1	65014404	65017821	7.25381195134204	7.50472032769505	6.94988391477638	0.425106804490586	0.000925212733056673	0.00526125696840392
8628	chr18	42347194	42360278	9.45656353183713	9.60524407638154	9.29078098488954	0.271112774403306	0.000925342523870187	0.00526125696840392
18037	chr9	63832003	63844565	10.143055313443	9.97536019802575	10.2932720131875	-0.271891147758222	0.000926943608214106	0.00526878189287078
15415	chr6	128470240	128472940	7.43809425524824	7.69297456631862	7.12831153552055	0.429879000210759	0.000927430177364781	0.00526996926233718
10332	chr2	74951385	74970506	10.1891012968842	10.3337394122142	10.0283299583182	0.263210425488384	0.000928808516373048	0.00527460848219132
12469	chr4	45772834	45776644	7.6419391643425	7.89549432098827	7.33411417490024	0.424577914689662	0.000928829955637195	0.00527460848219132
8541	chr18	36118124	36126007	8.6242623991965	8.83124475960847	8.38252923453914	0.358511226244638	0.000929080360185762	0.00527460848219132
3928	chr12	70148909	70166294	10.480246557618	10.612956780086	10.3340803983625	0.243377060059115	0.000929609825667437	0.00527603614872676
6809	chr15	99083241	99104002	11.8284196341058	11.6263650333359	12.0056209585612	-0.315404181556073	0.000931615556596288	0.00528583905788967
14958	chr6	83019711	83028876	9.11022444584954	8.90523782343065	9.28967596342663	-0.316814488269739	0.000932354879003044	0.00528845285373544
9472	chr19	47683983	47699482	9.85209287417549	10.0019036086698	9.68490364469299	0.270089075483236	0.000932882648317668	0.00528986548623275
4649	chr13	37375975	37393237	9.83302102616171	9.66993948455621	9.97952588249839	-0.264723259946082	0.0009367158407704	0.0053100149169598
12879	chr4	118497502	118499758	7.11469611022667	7.39999125564423	6.75871931870868	0.466228899244369	0.00093767788806791	0.00531388134895218
6718	chr15	88985925	88993185	8.76211146306863	8.93399839512631	8.5669399761593	0.305851733852068	0.00094131194615803	0.00533288341078604
13118	chr4	135601421	135606244	8.03512726329176	8.26644570343096	7.75950291857158	0.393820559312624	0.000941656380820051	0.00533324274890592
3071	chr11	82680704	82687315	8.39403893634135	8.58931461968433	8.16813156303244	0.343733003007618	0.000942429413099346	0.00533602858926387
9506	chr19	55215656	55231869	10.1743606206909	10.3084394233054	10.0265322871556	0.2464970127635	0.000944426203977231	0.00534573961386337
3608	chr11	118976789	118984976	9.04715523260307	8.84967993597893	9.22082592206705	-0.309850163828708	0.00094578064753228	0.00535033926320565
18079	chr9	66692821	66702753	9.56103356014988	9.32087413460232	9.76686175926935	-0.359106630890481	0.000945802635968963	0.00535033926320565
2633	chr11	49629278	49643824	9.47967004514121	9.67282533410995	9.25659706163545	0.339834948843478	0.00094858130377197	0.00536445904776169
2102	chr10	95458467	95465021	8.69445685936175	8.87034340741843	8.49411055914036	0.314027177307215	0.000949895198398004	0.00537028923753224
7972	chr17	44179534	44186261	8.40469900107171	8.6107884892798	8.16418355925887	0.357704921466143	0.000950429108966891	0.00537170758162079
4336	chr12	111970037	111993263	10.7837786033354	10.9164313104412	10.6376822214915	0.243765809263088	0.000953021645079562	0.00538475671389253
4474	chr13	17923801	17931622	8.28064363256749	8.02857475260842	8.49515219126334	-0.371271749584929	0.000956300420587792	0.00540167431021896
1527	chr10	22002052	22008186	9.05314809299387	8.82422016718215	9.25067544323047	-0.34407104260696	0.000956988876676474	0.00540366764836679
2094	chr10	95091430	95110866	10.3824436295437	10.5431758064496	10.201532473379	0.288919681851986	0.00095722275324354	0.00540366764836679
2255	chr10	120738915	120748008	9.28627867970116	9.46485119034659	9.08243866489629	0.318387610871595	0.00095960241410891	0.00541549040064615
37	chr1	13677307	13685489	8.83237047930291	8.63467091933316	9.00621453813756	-0.307985516922017	0.000960528417619073	0.00541910488644245
11672	chr3	87215467	87234789	10.2802103941982	10.0921121777106	10.4465890139453	-0.298885342955131	0.00096096902738232	0.00541997954552424
2138	chr10	99603581	99606163	7.29504058949661	7.60745307095061	6.89572428903622	0.497596002466866	0.000961837227183708	0.00542326462707059
12983	chr4	126279357	126304813	11.5873300764841	11.4044135643899	11.7496427983591	-0.290952264324558	0.000964913874016287	0.00543899626223793
1556	chr10	25169833	25203996	11.6199116821679	11.7940250213646	11.421863669819	0.310332850410062	0.000967235210973008	0.0054504623126653
7060	chr16	22710229	22746960	11.0639759327822	10.9277553467177	11.18843682794	-0.228636204195609	0.000968985282260614	0.00545870337548952
5092	chr13	93626544	93642670	9.79846582480635	9.96873055528247	9.60538383480771	0.303724019787615	0.000969737647081662	0.0054613207133421
15904	chr7	55997187	56031142	11.4619383898532	11.2956015532239	11.6110645121279	-0.269592316760351	0.000971647023845161	0.00546955534189049
10481	chr2	93615350	93628431	9.44466274823161	9.63520610617518	9.22506786590872	0.335360476771719	0.000971776205956834	0.00546955534189049
2885	chr11	69596869	69627582	11.9626696787739	11.7743405049414	12.1292289167874	-0.298104504387031	0.000974427899455794	0.00548285416654952
2411	chr11	12055285	12062576	8.43922235660429	8.21127752583357	8.63601776290279	-0.346973377448771	0.000976662622693474	0.00549379961947227
3438	chr11	107758423	107764294	8.22626533358638	8.49368443541238	7.897735106487	0.441539214100641	0.000979868994782064	0.00551020256354631
10346	chr2	75531850	75548454	10.0679641834721	10.2175872213467	9.90100874053282	0.269926059982796	0.00098271806174103	0.00552458711308739
237	chr1	51359276	51363274	8.04975860219009	8.26008156509026	7.80345358207202	0.366399231005276	0.000983541944623296	0.00552758145306649
7924	chr17	35310230	35353723	12.3189770520135	12.0897040724409	12.5167610989961	-0.346755681009634	0.000986082302276589	0.00554021788481569
5945	chr14	70199784	70213574	10.7902188265427	10.6264493567401	10.9372785145793	-0.266449603900872	0.000991115793712659	0.00556685014763911
14025	chr5	113457081	113470721	10.2688300501468	10.4213341533282	10.098278541765	0.275090162445615	0.000991576420249695	0.00556778960944348
3156	chr11	87968577	87976358	9.05440915032196	8.82539139244236	9.25200333987284	-0.342636077334485	0.000992439266156317	0.0055708006604149
12643	chr4	86737691	86744034	8.38964243098986	8.11904351108339	8.61741389569608	-0.391307631830573	0.000992699711972348	0.0055708006604149
17516	chr8	127186584	127191847	8.52060626492428	8.70684574997845	8.30671063128916	0.327431899604205	0.000994876499787356	0.00558136597382921
6848	chr15	101139022	101159634	10.4483453146677	10.2800126939329	10.5990732368652	-0.271866265640368	0.000996352187424909	0.00558799295660087
17388	chr8	121028353	121034079	8.23851173226982	8.49578286254107	7.92518561096197	0.429268450692547	0.000997213031845642	0.00559116872419452
12293	chr4	9126180	9139439	9.666028035972	9.49941560372404	9.81537558683262	-0.26973677106098	0.00099809174572384	0.0055944427767551
18303	chr9	96633827	96642920	8.97143431130858	8.74528188165753	9.16689297851243	-0.342641702029719	0.00099975194753381	0.00560209395106117
14102	chr5	118483480	118490006	8.70393859396129	8.47300177464465	8.90295892428723	-0.347907550155616	0.00100210958132767	0.0056136475041375
18408	chr9	107596462	107611305	9.79029820485277	9.5981785955559	9.95981437609965	-0.302255770955771	0.00100337584965543	0.00561908239911785
13928	chr5	106492377	106497600	8.16644687551663	8.38272802364512	7.91192499328712	0.372681592248778	0.00100476649856771	0.00562521043549159
1867	chr10	75016076	75020685	7.77051911757949	8.04674124603919	7.4285806162307	0.451792435119279	0.0010096403372937	0.00565082983234948
6660	chr15	83465369	83473076	9.07856141720291	8.88122182961377	9.25212717201932	-0.307027224971901	0.00101548163286187	0.00568184726122804
11762	chr3	95714208	95719383	8.07380997022488	7.79795309427764	8.3052920229368	-0.393707407083481	0.00101685388587531	0.00568784848217731
3588	chr11	118055515	118101686	11.5001297851723	11.6772543112683	11.2981750676742	0.314718999187802	0.00102037529677553	0.00570586410061959
6214	chr15	27714415	27721184	8.94642806793255	8.75161548616408	9.11803665718451	-0.304425676112069	0.00102085639041466	0.00570687288179084
666	chr1	119498120	119514732	10.3901858015058	10.5441343875444	10.2178252391801	0.276841816713133	0.00102198664822945	0.00571150900964271
6168	chr15	9645227	9655344	8.77774879051469	8.50351766388138	9.00808599907114	-0.392750431616908	0.00102259384464952	0.005713220069945
12567	chr4	57706515	57716690	9.19878255424308	9.38023968569539	8.99117369885977	0.321492239707611	0.00102294784512424	0.00571351593661357
1962	chr10	79712628	79726638	10.4995406194914	10.3530748188056	10.6324977694475	-0.242967982615606	0.00102412704784805	0.00571841931188824
6553	chr15	77466609	77493437	10.0934773345766	9.85928241728859	10.2949113493601	-0.353103851339586	0.00102674818758893	0.00573136878007362
5360	chr13	113680437	113693921	9.83608064944508	10.007848845376	9.64106228452171	0.305954622596123	0.00102982441372532	0.00574685020526103
14432	chr5	148758488	148767158	8.83513402983108	9.04729653198838	8.58630072967135	0.365123262464026	0.0010301519835566	0.00574698838798374
9868	chr2	27033050	27053219	10.6301613940662	10.7675379239175	10.4783135002067	0.249737384168895	0.00103099563115855	0.00574893542006765
70	chr1	21272199	21276840	7.97886737609909	7.71664297983276	8.20068094060689	-0.381867270328544	0.00103110681120767	0.00574893542006765
17993	chr9	61985494	62055266	13.0026171127746	12.8440161709168	13.1454965226184	-0.259396115167163	0.00103456247177613	0.00576650841463704
3527	chr11	115081016	115093872	10.1693358184097	10.0095807097552	10.3131510634496	-0.260607206203375	0.00104267978670131	0.00581004687956672
222	chr1	43602283	43620864	10.1177451140973	9.93567224713368	10.2793933857631	-0.287933556026172	0.00104692364331984	0.00583198233829386
3570	chr11	117425582	117432700	8.86947205094092	9.10673272767684	8.58536125069758	0.401332676950472	0.00104751721902995	0.00583357667252623
6876	chr15	102187118	102195742	9.09652688399646	9.2639808186013	8.90705268549335	0.298883713267249	0.00104852867742327	0.00583749655876102
18223	chr9	83383441	83388099	8.34246877519559	8.57461641074689	8.06566529378614	0.394131788774646	0.00104887506238774	0.00583771255397561
18611	chr9	123718765	123730822	9.98864620770797	10.2173880003624	9.7166754729679	0.391319622126117	0.00104923945989465	0.00583802864536518
14404	chr5	147216811	147233221	10.1963418900936	10.3699605370126	9.99893390146178	0.307930634431351	0.00105558514474134	0.00587161502404628
7838	chr17	31138957	31157930	10.4679194528985	10.3194776009055	10.6025026808152	-0.246039346131986	0.00105624904925431	0.00587358649452021
7751	chr17	26384858	26394671	9.1208718042882	9.33562244499008	8.8684683419153	0.36983397216427	0.00106065069494906	0.00589633554172179
4778	chr13	46430634	46434436	7.77339071500053	7.99102374369154	7.51699319083689	0.374896639944475	0.0010624961587838	0.00590486518230097
2435	chr11	20531333	20540274	9.22536775492199	8.97308038047151	9.44003441293895	-0.369182335203373	0.00106464876330551	0.00591509627598806
6417	chr15	59271074	59295509	10.6232259521239	10.4851285019325	10.7492515862014	-0.232453512285007	0.00106614445825071	0.00592167271675158
1798	chr10	62105726	62112378	9.15758028660766	9.31445560349775	8.9815417754132	0.281956351661324	0.00106848241751888	0.00593292211880948
17262	chr8	110764238	110767063	7.17335601289409	7.46357043103339	6.80967297281131	0.470309349691813	0.00106923389535964	0.00593456304217672
6801	chr15	98785292	98810274	12.091484912495	11.867162246553	12.2855759809749	-0.34001722171699	0.00106940331968198	0.00593456304217672
10487	chr2	93927080	93933831	8.54616218511952	8.73890216876413	8.32364321313429	0.33520604503576	0.001070099474625	0.00593618728454578
389	chr1	65031685	65035376	7.76768668973671	7.99506634043304	7.49764107170285	0.387767388403535	0.00107032156002506	0.00593618728454578
10760	chr2	127513675	127529373	10.0727274874224	10.2385566615569	9.88533144450912	0.296016711234146	0.00107263235047116	0.00594726537528252
7468	chr16	93204038	93208544	7.79562212634399	8.02785238113478	7.51870106833981	0.391454786816962	0.00107484934515758	0.00595781709163133
10433	chr2	91245392	91262198	11.1775636963402	10.9650601491718	11.362747380588	-0.325862110104317	0.00107559816409882	0.00596022702377565
16792	chr8	27006579	27015522	9.11336069216465	9.29054272459398	8.91133118358493	0.313496040651722	0.00107616606334189	0.00596144501215192
982	chr1	155822427	155835191	9.97711768571546	9.81385569228262	10.1237681273163	-0.265952251336477	0.00107644618033851	0.00596144501215192
7885	chr17	33146377	33166784	9.72607973045134	9.55362746026184	9.88010145614774	-0.277116630492561	0.00107739407710078	0.00596495396420527
17425	chr8	122719063	122761743	11.6619966503646	11.5084856953799	11.800732707876	-0.252544172370434	0.00108120121527106	0.00598428634139092
7328	chr16	50466208	50471708	7.99807661172478	8.2145551384738	7.74328114162999	0.37322792459906	0.00108216434177259	0.00598787085787228
4512	chr13	21531493	21578004	11.7598370992106	11.5806042858806	11.9192434457248	-0.285790113290679	0.00108570103836348	0.00600568930547962
7653	chr17	15162364	15171148	8.84811960799682	9.02793454722858	8.64265845485385	0.317124995681512	0.00108742858720625	0.00601349276124344
5306	chr13	109736475	109745476	9.10671047908842	9.28775426136798	8.89964274414889	0.319452468874433	0.00109357853610822	0.00604574047095776
15451	chr6	135031423	135047170	10.1937554463326	10.3438242142455	10.0262447104051	0.270434959486005	0.00109421481483827	0.00604737639644711
6900	chr16	4568691	4575378	8.64279165070676	8.42782161881423	8.82984476856378	-0.327816893012186	0.00109451171936329	0.00604737639644711
14658	chr6	41091886	41102929	9.09137481575478	8.85693027871708	9.29299336446417	-0.349814576136867	0.00109791846043022	0.00606443377779546
8944	chr19	4205285	4214395	9.3369229874715	9.09949607325733	9.54074200104357	-0.352740892219429	0.00109892415400672	0.00606822272880228
5476	chr14	24769053	24792816	10.5196284106282	10.3853640408343	10.6424544311928	-0.226133980710162	0.00110133812484386	0.00607978367405809
16152	chr7	98374624	98389905	9.92849467046437	10.0961542657413	9.73875704032454	0.298563578486008	0.00110361312406088	0.00608788532163859
10594	chr2	112643484	112652470	8.90508728133978	9.12717674459147	8.64247690997222	0.382926942234177	0.00110365190611815	0.00608788532163859
6414	chr15	59135128	59142649	8.37746675772	8.14417234892138	8.57823460069806	-0.348505774375288	0.00110376802738597	0.00608788532163859
12379	chr4	40302646	40306730	7.67704310918286	7.91779685864686	7.38790380734162	0.403679966351688	0.00110518774377684	0.00609394485448597
10026	chr2	35601731	35629065	11.2478660065224	11.3641082525263	11.1214304764151	0.214760811244716	0.00110594835701244	0.00609636766417051
14098	chr5	118394758	118399001	8.41258579781105	8.1808640375138	8.61218850110188	-0.350280044465783	0.00110769775376105	0.00610423799902178
8725	chr18	61094602	61102849	8.79707253871975	8.96781588077261	8.60337462603108	0.302242528730445	0.00110871167888084	0.00610805194585762
2559	chr11	33863661	33880645	10.1601145267188	9.99873469911041	10.3052448512011	-0.262161017057872	0.00110942991031599	0.00611023513287499
10479	chr2	93570415	93578315	8.38094182079486	8.6577871307789	8.03804626354424	0.45159164880303	0.00111099290204519	0.0061170682587513
11074	chr2	163369955	163401184	10.9713632470505	11.1537170618703	10.7625793007362	0.321453033519105	0.00111201119190637	0.00612089919118067
16939	chr8	68071263	68086823	9.38397429596576	9.19065172778061	9.55442601439614	-0.302622134863868	0.00111323322300252	0.00612452822265917
60	chr1	20945624	20959505	9.73531087349373	9.89100337024451	9.56076081036363	0.277846020383946	0.00111361575543746	0.00612452822265917
13154	chr4	137447362	137451646	7.82351346714616	8.08328137293202	7.5064712967507	0.427797162820669	0.00111363859509968	0.00612452822265917
18289	chr9	95695186	95698573	7.49354602198261	7.7298066890643	7.21086934428585	0.40302533619624	0.00111719782252674	0.00614232255901938
14979	chr6	84066507	84070262	7.65051615941329	7.92767461546627	7.30713928967288	0.448236402428802	0.00111906606448987	0.00615081229016891
18402	chr9	107422611	107428416	8.30974149315023	8.56456603976306	8.00004124744653	0.422298903686828	0.00112053917563985	0.0061556595260471
18587	chr9	122463295	122466381	7.95349598094434	8.19282686148173	7.66640857618882	0.40064163976356	0.00112059664168253	0.0061556595260471
7642	chr17	12729144	12740250	9.41835579422765	9.23267420676275	9.58284141442891	-0.293175323300218	0.00112125861185113	0.00615605714759361
12464	chr4	45486481	45495815	9.2774814115693	9.44816799260489	9.08385656875792	0.301881383341439	0.00112131774905059	0.00615605714759361
14599	chr6	34592874	34606644	9.75671103227694	9.95629638465108	9.52501266885674	0.347182234733082	0.00112974664846212	0.00620053835776823
12161	chr3	142916253	142922438	8.34468721699826	8.55490988653962	8.0985198211683	0.36320083593212	0.00113100679064551	0.00620565998255599
15977	chr7	75418227	75437872	10.6836615620552	10.4736550303192	10.8669469367815	-0.322864764650632	0.00113214773720709	0.00621012482787669
7445	chr16	92290041	92299368	9.44919212532835	9.59770816984731	9.28361411602362	0.268694845375902	0.00113369500610791	0.00621681523285814
5275	chr13	107957491	107966788	9.67704153812894	9.50565536817017	9.830212501809	-0.273391761952429	0.00113483129798796	0.00622124875924711
9941	chr2	31239909	31252655	10.910096435688	10.7461076827326	11.0573328807797	-0.265297007071933	0.00113908506544512	0.0062427650756809
9000	chr19	7047060	7060854	9.71238834824479	9.53511617603513	9.87024235660974	-0.282121135451474	0.00114180664100668	0.00625587420313678
11210	chr2	172610323	172617570	9.02416337957734	9.22527371484351	8.7904061234415	0.349567440219993	0.00114264927930901	0.00625817637167459
16386	chr7	120737476	120754515	10.2798692870148	10.4107269002711	10.1359476157529	0.239108235323508	0.00114295203983671	0.00625817637167459
18510	chr9	118703782	118715050	9.66766111304102	9.50997406358723	9.80979854719863	-0.259120936505377	0.00114321605356424	0.00625817637167459
4091	chr12	84443240	84451061	9.0066458237791	8.74918556554564	9.22504348390298	-0.371987151586377	0.00114427242815956	0.00626215294522499
2573	chr11	35060950	35072117	9.29674842403231	9.11025712757103	9.46186893746848	-0.296795755150308	0.00114880675638727	0.006285155211725
12813	chr4	109240286	109260710	10.3674630733426	10.1996396947565	10.5177826614322	-0.269494489137268	0.001149266429989	0.00628585809070931
1379	chr1	193160071	193169700	9.48900568238494	9.32934917629604	9.63274103027256	-0.260246539403113	0.00115029046829051	0.00628964644128077
17155	chr8	94867009	94877260	10.5029653462938	10.3126729379729	10.6710578374265	-0.298059597792043	0.00115224319609727	0.00629850910677711
7487	chr16	93962665	93973565	9.40241427722389	9.57020679435352	9.21250634133396	0.299520302582134	0.00115523137022431	0.00631302510091773
15175	chr6	100213088	100222226	8.46112003044039	8.1279707325767	8.73158704200079	-0.444418987614212	0.00115688770716129	0.00632025670530057
6495	chr15	74483608	74491100	8.9827988404661	9.15460458062947	8.78773206165883	0.305608200880421	0.00115722561639119	0.00632028344560819
11884	chr3	103529263	103541296	9.33472451251888	9.51414206340806	9.12978222735754	0.31695725589598	0.0011586869764904	0.00632644422520461
1381	chr1	193337487	193345678	8.47588324821117	8.24913097004167	8.67178959401714	-0.338968584171533	0.00116021942797677	0.00633298950922382
1373	chr1	192906439	192912424	8.54703106062092	8.74337004098053	8.31969867751966	0.34035240079985	0.00116111922728648	0.0063360787276222
785	chr1	133968859	133978940	9.09008302374547	9.30377387143201	8.83914331710793	0.366486034827588	0.00116175866308454	0.00633774580818667
3715	chr12	16873152	16892806	10.2008439059144	10.0350115070792	10.3495645376149	-0.266371259793292	0.00116473519176312	0.00635215781737706
4221	chr12	102968270	102972283	7.68475134234393	7.91456893977582	7.41125706645317	0.390962247026531	0.00116611278523611	0.00635784388135481
2273	chr10	122064208	122074465	8.70592799459332	8.91326113259395	8.46371594238543	0.357487985591596	0.00116671253724618	0.00635801873911056
6878	chr15	102351943	102377346	12.0205129671604	11.7908987218075	12.2185507876059	-0.344778748916187	0.00116681486212772	0.00635801873911056
2223	chr10	118651501	118656744	8.62886701167475	8.8371878918371	8.38530499595205	0.361810423376525	0.00116800474964542	0.00636267570135491
11474	chr3	51879931	51898023	10.3194658179563	10.1676505211669	10.4568156717123	-0.248511262500933	0.00116931397592758	0.00636797989931982
12457	chr4	45253375	45271776	9.87012860702436	10.0334128199277	9.68597701442691	0.289178408111619	0.0011718045662649	0.00637971281214619
8899	chr18	81565800	81577073	9.66128529366605	9.81562147795348	9.48843861283444	0.276952798258116	0.00117267616360533	0.00638262716061529
12206	chr3	149263521	149267656	7.83979949255087	8.05375143473172	7.58849940731798	0.367567473568492	0.00117332176641115	0.00638431015043498
11951	chr3	107920130	107940281	10.2799433174017	10.4139527463401	10.1321993239596	0.242970314708507	0.00117487696524209	0.00639094007547425
13593	chr5	36425084	36430517	8.60845310969178	8.80190636131223	8.38498241872921	0.337958103811283	0.0011767166416527	0.0063991132211824
11703	chr3	89154668	89160630	8.45016601352473	8.24169985478126	8.63227745937232	-0.320295304281345	0.00117744331151891	0.0064012307674928
14095	chr5	118312917	118333313	11.0341432775114	10.8894408018742	11.1656459666673	-0.23889016888425	0.0011786969204635	0.00640621101187763
3463	chr11	108860538	108876309	9.74613780406668	9.94051669886927	9.52143038086139	0.339403186177735	0.0011843094149111	0.00643396458963681
16997	chr8	72078118	72087935	8.85799532561406	8.64999184330702	9.03975373091594	-0.321102543522422	0.00118448138870283	0.00643396458963681
11325	chr3	9536312	9539065	7.37814452478484	7.62864249211623	7.07481916826838	0.416722019176059	0.00118852393604228	0.00645407604639381
8561	chr18	37723843	37765641	11.6461770334022	11.7907474796133	11.4854893138724	0.261348339983649	0.0011894660651811	0.00645734452261786
15490	chr6	142798120	142805077	8.97914140503736	8.78021443212733	9.1539334838591	-0.307458503054897	0.0011901843828703	0.00645805810883482
1087	chr1	164671764	164690911	10.130571697031	10.2627606905176	9.98503766589918	0.241298212795082	0.00119027805810128	0.00645805810883482
8775	chr18	65752502	65767665	10.1706167184466	10.3013406805588	10.0268567229914	0.23891538068301	0.00119202012137071	0.00646566158430828
10342	chr2	75359846	75365235	8.19358747832354	8.41273155730959	7.93508849936146	0.373625128177534	0.00119524760441158	0.00648131550975068
14357	chr5	142973338	142980242	8.70280195229849	8.47687259000786	8.89809405705748	-0.338737728521162	0.00119767056026293	0.00649259913259929
18971	chrX	164280156	164282623	7.1826505493674	7.45651818080674	6.8443185464927	0.445737614294555	0.00119851087223735	0.00649529921307612
16440	chr7	126046738	126049107	6.9546990073625	7.26680747797904	6.55588046702153	0.490109493970937	0.00120087986584562	0.00650628003821981
12997	chr4	127210107	127221679	9.1687149511951	9.33329991496656	8.98290671973253	0.291757918255122	0.00120347756000674	0.00651849332516206
4513	chr13	21580742	21589416	8.93359444834541	8.73079083024729	9.1113713784955	-0.31178519284345	0.00120493282553146	0.00652451357938989
13607	chr5	36943278	36955006	9.34562740234498	9.52284948582571	9.14354580046897	0.312495772008548	0.00120585420440143	0.00652753541253908
1756	chr10	59397054	59413937	9.97119537054859	9.82290353476976	10.1056552935748	-0.244769615117675	0.00120617876030215	0.00652753541253908
3710	chr12	16609284	16622999	9.65734959029973	9.81967833386175	9.47441272475391	0.289612106194371	0.00120911361927703	0.00654155284499964
933	chr1	152745738	152753636	9.03067558484375	9.18925238346085	8.8524911047592	0.282915621367945	0.00120971909855911	0.00654296345726797
8309	chr17	86217186	86222179	8.33121519299305	8.56892275420305	8.04646272891725	0.39914916242186	0.00121024171430809	0.00654341085349467
1078	chr1	164077490	164136097	12.074925517629	11.8585212253268	12.2630631313016	-0.329458742349736	0.00121049135921913	0.00654341085349467
10164	chr2	60924391	60936297	9.10008324985906	8.91704651975716	9.26249059824671	-0.289326574605093	0.00121541134284532	0.00656813549996049
13516	chr5	32450805	32457648	8.41740828740865	8.10036324067099	8.67717812161925	-0.426819380816271	0.00121724372279317	0.00657616527608642
6184	chr15	12371115	12378285	7.9841740921851	7.6303789929565	8.26806871342695	-0.457452763834331	0.00122123641612018	0.00659563908118289
12890	chr4	119048642	119051889	7.39563139281689	7.65141391156059	7.08451323482147	0.420684840637837	0.00122154335688697	0.00659563908118289
17518	chr8	127332718	127341199	8.60211720743394	8.80115877987038	8.37115177038828	0.342395675216544	0.00122282328211169	0.00660067209078436
11745	chr3	93498825	93503660	7.7961879356996	8.05010388063912	7.48783037323451	0.422702790975954	0.00122350001684905	0.00660244720494119
7173	chr16	31929693	31942454	10.2727086218638	10.0659195722084	10.4535394162919	-0.316604327309101	0.00122398226756996	0.00660317210239064
18006	chr9	62513917	62549400	11.4221722570768	11.2651505171571	11.5637690002769	-0.25600984113715	0.00122507235548489	0.00660717483226702
7416	chr16	90901124	90913167	9.47709101833908	9.66339623720057	9.2631086357171	0.325243469106968	0.0012304095635547	0.0066340747462229
16527	chr7	137422291	137425226	7.74224985210399	7.98225688765662	7.45418799096415	0.400170833167775	0.00123128425868513	0.00663690540914089
4541	chr13	24230636	24237053	8.75759566669298	8.56325342828826	8.92883930290743	-0.301538832088331	0.001235248223245	0.00665638160958743
663	chr1	119460690	119463212	7.76630721258674	8.00236092954534	7.48392702186595	0.394798370267532	0.00124264506424798	0.00669434024250992
8181	chr17	73987644	73998615	8.99861997682732	8.80507732883508	9.16924270244368	-0.301653162958567	0.00124865257171494	0.00672479488041367
10721	chr2	125425421	125429816	7.77408597247486	7.99365936175287	7.5149889802529	0.376447579252757	0.00125105749950995	0.00673583554133316
16380	chr7	119758231	119763628	8.28551696871843	8.48413721243214	8.05511896814878	0.344577751127906	0.00125292402308986	0.00674397193256452
15168	chr6	99953571	99965311	9.4055467358378	9.57070730449534	9.21900432788437	0.292162712048482	0.00125370322279296	0.00674625275457546
9054	chr19	11188010	11197623	9.24365943287632	9.05574498238554	9.40989430314069	-0.293670945311466	0.00125925613076617	0.00677421261502581
2266	chr10	121330947	121364990	11.5122356464733	11.3341118003945	11.6707644322535	-0.282858133220839	0.00126286725824281	0.00679171371328714
8961	chr19	4929474	4956939	11.0650463700808	10.9334621757612	11.1856258572869	-0.221472021163487	0.00126736128423815	0.00681395178854276
15958	chr7	73789561	73797346	8.6194969834208	8.82183216029848	8.38408234791762	0.348308764943039	0.00127053729959016	0.00682909300734119
3246	chr11	97334135	97357405	10.7850864992405	10.6256670528823	10.9286297183867	-0.259300310405444	0.00127273289078922	0.00683895739928898
4236	chr12	104070797	104077707	8.47374119575108	8.73840141184993	8.14937094498165	0.430288914967953	0.00127573737649529	0.00685316152519224
15277	chr6	118139140	118178954	11.6925813927717	11.8316694099569	11.5386393299814	0.2523097194803	0.00127619194543732	0.00685366353493347
11264	chr2	180418294	180427932	9.00215019771518	9.21274990839438	8.75546530173814	0.361939983757263	0.00127737165057169	0.00685805843173978
12209	chr3	149355428	149362726	8.7356721324171	8.93729088915859	8.50122731393119	0.34659563481455	0.00127905896377303	0.0068651753601381
5703	chr14	54713720	54720184	8.51174991840625	8.29078962337398	8.7033199679001	-0.336158871634129	0.00128636991798662	0.00690246386018323
5801	chr14	60470073	60476025	8.39581681270073	8.60788904336124	8.14710776125986	0.36233875739121	0.00128972551443629	0.00691487535793859
8059	chr17	50257782	50268795	9.16711492606393	9.33439460033989	8.97786387134217	0.294616913566515	0.00128975678607328	0.00691487535793859
1841	chr10	67452363	67456963	7.76799390996438	7.50254705348057	7.99210704384253	-0.382643378829899	0.0012902105160388	0.00691487535793859
5789	chr14	59598845	59605487	8.59973771028848	8.35300146938937	8.81037481719225	-0.360063300517639	0.00129029794115641	0.00691487535793859
9668	chr2	8730595	8753034	10.3686602005	10.1666242989711	10.545847148178	-0.311883020404559	0.00129050469033239	0.00691487535793859
5910	chr14	66123573	66146748	10.8262895198766	10.9607418777355	10.6780068871687	0.244023516281213	0.00129100342791155	0.00691541281584076
17852	chr9	53415407	53425174	8.72787654218583	8.50650030152282	8.91975901462988	-0.332795766069299	0.00129147480379712	0.00691541281584076
18405	chr9	107487371	107498811	9.38673956863795	9.56914744197498	9.17788472544158	0.319476593159561	0.00129169811012991	0.00691541281584076
13592	chr5	36388882	36404233	10.6454542881072	10.7808693911806	10.4959996101047	0.245471103269972	0.00129448975353724	0.0069284041264476
8328	chr17	86929544	86946612	10.5991996475439	10.4603503043322	10.7258510876169	-0.230999035381711	0.00129488638345774	0.0069285730678445
3432	chr11	107002311	107010862	9.19277227747932	9.01834566090398	9.34836657695916	-0.278813716911391	0.00129753493125784	0.00694078789750354
2693	chr11	54088273	54132290	12.4452922562996	12.2716084138324	12.6002953872021	-0.27716394195602	0.00129796887811791	0.00694115281425747
16838	chr8	35356139	35383391	11.1970044631703	11.0293114443502	11.3472194809592	-0.268997747947809	0.00129838682376733	0.00694143197979725
13864	chr5	97113076	97126083	9.93497212382385	10.1312816478591	9.70767925062546	0.341131900570801	0.00130805830938721	0.00699116830578989
17352	chr8	119853858	119861666	9.49616173017737	9.32519933472505	9.64899420207693	-0.273470549800181	0.00130858593859144	0.00699201929294113
2659	chr11	51507063	51511756	7.84324743030913	8.08456074831677	7.55329982791239	0.402678929881497	0.00132356891952109	0.00707008570886314
12212	chr3	149418639	149422097	7.43231235755976	7.71566202950986	7.07936470084343	0.452483434052609	0.00132498839279299	0.00707567661981377
12616	chr4	63602540	63618383	10.6036496164665	10.4321410917183	10.7569182783146	-0.273431141401382	0.00132862811062108	0.00709311755597118
5841	chr14	62315314	62326343	9.57730088413366	9.40382472899324	9.73213862036503	-0.275458003217814	0.00133016648737934	0.00709933345443545
2767	chr11	59783389	59790816	8.97567995422314	8.76687519872745	9.15804963642486	-0.319053611602544	0.00133788236792429	0.00713850701738407
1661	chr10	42277943	42284691	9.30565652869274	9.08405576219333	9.49770758029709	-0.333077455852292	0.00134452881253937	0.00717195400033299
15184	chr6	100497532	100505310	8.57456464892535	8.26014336286459	8.83257272714644	-0.425378909408408	0.00134669160967988	0.00718147234057728
9869	chr2	27053247	27060062	8.52471689961834	8.74363153989131	8.26653734570746	0.372812965575778	0.00134932139189021	0.00719020341351738
4850	chr13	52613699	52621972	8.93021078735464	9.14035602860433	8.68414962444808	0.358431877458065	0.00135025375751983	0.00719020341351738
16898	chr8	47373419	47377350	7.4205175112928	7.69264680392766	7.08483867095548	0.442645293479346	0.00135027659693726	0.00719020341351738
12490	chr4	46647025	46665359	10.5605620476471	10.4008699895364	10.7043262042949	-0.257894640059602	0.00135028342076768	0.00719020341351738
12500	chr4	47234277	47251482	10.0277090763797	10.1934967721043	9.84036601679842	0.29358327271931	0.00135050765171162	0.00719020341351738
6694	chr15	85552606	85559775	8.35135317315859	8.56246993144177	8.10395809196446	0.360149563410019	0.00135060199005161	0.00719020341351738
1016	chr1	159870113	159900608	10.9933737149313	10.8495243519603	11.1241715570984	-0.237433198463534	0.00135282929549226	0.00720004127850466
2256	chr10	120808667	120814894	8.72324062120766	8.94216782214263	8.46504358346114	0.372747787647371	0.00135365985760514	0.00720244195051527
1045	chr1	161939301	161949861	9.604614827867	9.38317982839318	9.79654142221492	-0.333701700221904	0.00135928648163226	0.00723035261628328
13295	chr4	150969905	150982984	9.81793361499644	9.95424173754589	9.66739022362305	0.246926586843986	0.00136330934908744	0.00724788622289178
280	chr1	54566107	54578442	9.51779733683877	9.3412798743402	9.67505279498573	-0.279953948242535	0.00136334653120415	0.00724788622289178
12663	chr4	89096762	89105906	8.89320189343394	8.69774658039166	9.06530885501008	-0.30382841290511	0.00136930849393874	0.00727754295896479
13939	chr5	106990158	107002284	9.40500556017624	9.23847880901645	9.55428427833804	-0.266850847679302	0.00137073510389838	0.00728308553664261
2245	chr10	120251382	120257541	8.28091649680657	8.49085206576409	8.03514293994285	0.361688021684819	0.001375256747593	0.00730404112914528
5442	chr14	20112709	20118070	8.40910082658948	8.19462650312959	8.59577868090305	-0.32589137084919	0.001375448811611	0.00730404112914528
10288	chr2	72220228	72227219	8.71284783048161	8.91713900995101	8.47477957309693	0.352424097344419	0.00137614048174277	0.00730429892952485
16490	chr7	130689486	130694760	8.01485952022378	7.77782243378905	8.2183913589319	-0.352952964619427	0.00137626708319621	0.00730429892952485
8053	chr17	49898353	49902830	7.81970633769502	8.03734692183723	7.56329831906073	0.372974512386716	0.00138239096565223	0.00733474926953137
4001	chr12	76492337	76510450	10.1837642099699	10.3202517049625	10.0330019585066	0.246558040638353	0.00138311455839748	0.00733653750805638
18152	chr9	72408466	72417670	8.96592794329113	8.72781163335603	9.17025448505436	-0.351086484094435	0.00138517418232591	0.00734312812074798
6194	chr15	12729136	12732376	7.47383370104973	7.70748242529457	7.19489145133694	0.394104081472103	0.00138519777539147	0.00734312812074798
7469	chr16	93214358	93228225	9.83835297966616	10.0216355369093	9.62835014836704	0.319277118579831	0.00138551777229562	0.00734312812074798
6819	chr15	99716769	99724888	9.09491739144416	8.86767346286129	9.29119042322001	-0.338936264042207	0.00138687930865039	0.0073482921269893
3743	chr12	25135938	25140519	7.98679381698551	7.72161143252491	8.21071855313621	-0.378215022920835	0.00138733864513495	0.00734833145493487
12952	chr4	123750865	123757144	8.99574808052339	8.80444913658583	9.16462521978953	-0.296455038637536	0.00138803380784654	0.00734833145493487
3660	chr12	4869679	4874918	8.0099775801144	7.75030461725132	8.2299641665456	-0.374328028838312	0.001388048277883	0.00734833145493487
11439	chr3	38067667	38078757	8.70358713681562	8.45655082600711	8.91444274867814	-0.363842804811097	0.00139833724090346	0.0074007368921101
17347	chr8	119693167	119725968	11.5314183689882	11.6522584805477	11.3995237117158	0.221522247764161	0.00140190022649098	0.00741644181678829
4271	chr12	107708226	107713092	8.46321157481625	8.65853768650511	8.2372366739235	0.340317867590453	0.00140208616042133	0.00741644181678829
2148	chr10	110794053	110802505	8.61589324832436	8.80733398619169	8.39510505144749	0.333958183927338	0.00140504838351714	0.00743003991941258
7887	chr17	33255885	33272145	9.49011715815356	9.28452192417465	9.67003474560403	-0.31577722293492	0.00140793040996562	0.00744320647652856
8964	chr19	4996234	5000719	7.64983610958727	7.89147976764258	7.35941096879439	0.402866357792101	0.00141184095087749	0.00746180156132103
9958	chr2	31933342	31968916	11.5713281572306	11.4390740283313	11.6924699056176	-0.221738196685718	0.00141230849957534	0.00746219460285091
18485	chr9	116047906	116052332	7.99587265492532	8.21519205161039	7.73712951637318	0.374363390998244	0.00141619140628456	0.00748062808234753
16508	chr7	132471775	132476228	7.82638044795513	8.059988704304	7.54749592818197	0.389293921032678	0.00141709946539809	0.00748334189031452
10216	chr2	68824922	68831448	8.86884761805852	8.68058760136662	9.03535277771105	-0.293996025090131	0.00141861712750866	0.00748800905649831
8117	chr17	64580509	64587691	8.69153486323145	8.89195063194687	8.45871598174818	0.347148737116807	0.0014187723571931	0.00748800905649831
17444	chr8	123687012	123698176	9.32485070056373	9.51589201739626	9.10459385787767	0.329641492818611	0.00142137082806889	0.00749861712389181
2525	chr11	32065462	32103532	11.603796101997	11.4506561840029	11.7422290890851	-0.249644439933503	0.00142157249653631	0.00749861712389181
14881	chr6	67531786	67541121	9.67904743692471	9.45850976532911	9.87029988605939	-0.330172040310448	0.00142358216271311	0.00750613352426438
5457	chr14	20889818	20896786	8.53673566092092	8.30307838551877	8.737772029816	-0.344523394414994	0.00142378843391916	0.00750613352426438
18196	chr9	78060435	78065601	8.33786105778937	8.53851969821138	8.10471417205355	0.347834625179901	0.00142521859787284	0.00751158671730872
3439	chr11	107773038	107776568	7.44177952957105	7.71667261255721	7.10187862376376	0.442314348025862	0.00142598969008753	0.00751356422214639
6555	chr15	77652103	77696332	11.5039726810159	11.3321408249922	11.6574994455513	-0.273921330572278	0.00142696796039448	0.00751663195124254
4195	chr12	100175268	100182700	8.60210961918772	8.37723317900292	8.79661490853214	-0.333707464968813	0.00143093055479654	0.00753541370684891
9288	chr19	36820156	36831677	9.80137610715955	9.60018294563832	9.9779147778848	-0.308313868681885	0.00143605980819493	0.00756032707343454
11320	chr3	9394366	9399508	8.08277233999685	8.28615012058035	7.84594430560443	0.352062472643042	0.00144018697078866	0.00757834016594271
11481	chr3	52012844	52028567	9.8349808833214	9.68147935704988	9.97370924102491	-0.249500402025547	0.00144027993985749	0.00757834016594271
4008	chr12	76609880	76617512	8.62696329171992	8.82644305268878	8.3954072989874	0.342184104388644	0.00144397894298478	0.00759530980111452
429	chr1	74178555	74183007	7.77013722864882	7.51147091350539	7.98940146812579	-0.374182257321598	0.00144430544666327	0.00759530980111452
8681	chr18	56648932	56672552	10.81304575086	10.663706770066	10.9483658809151	-0.244472412865247	0.00144497614283119	0.00759673191545517
9610	chr2	3530020	3546947	10.3195792761482	10.1237654503444	10.4919640564868	-0.30277336859674	0.00144615042114372	0.00760080001187668
271	chr1	53936800	53944021	8.4189019906182	8.19292762678675	8.61422770125592	-0.334623466268092	0.0014470878587767	0.00760362139305728
2010	chr10	84506650	84513569	8.55301630901608	8.74143723191198	8.33623692362648	0.328546825319535	0.00145005887008211	0.00761712352485148
16505	chr7	132388949	132405639	10.2237830294653	10.3629672714652	10.0697230622356	0.251053288910683	0.00145843092781613	0.00765571475140097
8678	chr18	56592992	56601714	9.12018224197777	8.92856768263515	9.28930521973472	-0.297143700831128	0.00145881309132485	0.00765571475140097
664	chr1	119471172	119481519	9.08063164691331	9.28862631835771	8.83751570798201	0.354304898237567	0.00145901010769981	0.00765571475140097
8261	chr17	83620185	83637661	10.9317784262886	10.7331522315743	11.1063383245132	-0.306275007196199	0.00145901892912257	0.00765571475140097
140	chr1	37691511	37705132	9.59108654192555	9.76411504606251	9.39444141110457	0.304341974047123	0.00145944185869266	0.00765581731236265
1887	chr10	76052255	76058999	8.24673463439934	8.03068770861991	8.434602207479	-0.32813564095781	0.00146187313235404	0.00766645210802636
4706	chr13	43120767	43124559	7.64131674873831	7.88868997467225	7.342566196512	0.40664164482411	0.00146332598035795	0.00767195132077721
17129	chr8	91539414	91550324	9.53817959029383	9.32353965475871	9.7249828422464	-0.323249195966054	0.00146700409411737	0.00768911093682784
8454	chr18	24325662	24329522	8.03549827508902	8.24072816269191	7.79615349818889	0.350578381736618	0.00146759250270294	0.00769007126140228
2654	chr11	50839701	50855437	10.674810815643	10.5063717012887	10.8256240965652	-0.269349326071078	0.00147074436209636	0.00770400214019084
13167	chr4	137776112	137780857	8.03733144817419	8.29691362788232	7.72056625265566	0.42629807771915	0.0014710629514754	0.00770400214019084
3320	chr11	101258971	101277124	11.4154114586263	11.2365476094545	11.5745259662964	-0.282354898895336	0.00147226635539801	0.00770798428351225
18333	chr9	100426611	100430374	7.99170833923101	8.21199770286859	7.73161307331181	0.374026982966365	0.00147263559787214	0.00770798428351225
9764	chr2	18647058	18655977	9.7451991723402	9.57894762779521	9.89425675083208	-0.266424606571153	0.00147374306008763	0.00771165413217621
11903	chr3	104607962	104620698	9.48201899119544	9.31224712956805	9.63389956108347	-0.271610252373036	0.00147473678868581	0.00771388739772578
5690	chr14	53116241	53120012	7.48190704172046	7.71574640385102	7.20269278248613	0.394426624015857	0.00147498273704341	0.00771388739772578
494	chr1	82919707	82931998	9.40982942598931	9.21802260412106	9.57910211358825	-0.296992291751091	0.00148553926361351	0.00776523674801997
6026	chr14	77769664	77780367	9.17702022027025	8.9795127524293	9.35071578300095	-0.303663982987357	0.00148581744563655	0.00776523674801997
566	chr1	90965606	90987994	10.3994074150689	10.5460913305496	10.23610392525	0.263097519700508	0.00148641578293774	0.00776523674801997
9994	chr2	33920778	33928500	8.63079912424204	8.90171543649399	8.29696683672209	0.435194698813816	0.00148643791061471	0.00776523674801997
2996	chr11	77513507	77517856	8.2038268981821	7.94834282569756	8.4208019286915	-0.364845368725225	0.00149044965816586	0.00778405175077873
11831	chr3	100786655	100793290	8.8889524064558	8.68695029040781	9.06611337757332	-0.312117865001558	0.00149829286605258	0.00782286115675708
9856	chr2	26579481	26589159	9.23560488564268	9.02952818995135	9.41589092678209	-0.3149106692854	0.00150512770469135	0.00785638578309601
8773	chr18	65623360	65628015	7.64605280643098	7.89304240195114	7.34786223178575	0.405611889002238	0.00150684337555886	0.00786317856055311
1438	chr10	14228970	14241175	9.79674718805213	9.61090836297463	9.96135614809236	-0.29093363395979	0.00152123519031148	0.00793609749228189
4252	chr12	106306345	106312599	8.32479986828092	8.08850251716501	8.52778639466332	-0.348294944718099	0.00152544460174327	0.00795331919097228
7000	chr16	18985013	19002034	9.73162457663799	9.56451268072445	9.88137322958396	-0.269097455877536	0.00152568533595043	0.00795331919097228
7030	chr16	21304745	21327430	10.851019873938	10.7010717294566	10.9868398959483	-0.245343732705598	0.0015257935178002	0.00795331919097228
12760	chr4	107122288	107127913	8.06273319215479	7.78581967688786	8.29495814712588	-0.390238400397677	0.00153156452057076	0.00798120896098637
11285	chr2	181084576	181106295	10.4103508097663	10.5767564508514	10.2222180451699	0.293812503589567	0.00153256798626312	0.00798424589933784
14823	chr6	54350152	54354119	7.45407124901102	7.6925581856169	7.16819855094833	0.393862901416401	0.00153319490845811	0.0079853200240468
9894	chr2	28479418	28485503	8.12979535720662	8.32705634678389	7.90122532336242	0.338986975821312	0.00153438663149176	0.00798719754156935
16545	chr7	139676851	139684441	8.95584741704074	9.13363822602458	8.75302573036598	0.310527402520276	0.00153439708291068	0.00798719754156935
4595	chr13	31469032	31588375	13.5488614771098	13.3458100118319	13.7268287568148	-0.31131269539155	0.00153764724846752	0.00800192134046206
2280	chr10	122623381	122627748	8.00666294203901	7.72907783518942	8.23935959846096	-0.385823559654073	0.00154044535411997	0.00801428519074643
1636	chr10	40917170	40922370	8.17707793806103	8.36845496000941	7.95637452615478	0.329981322356858	0.00154405022110302	0.00803083835196334
18364	chr9	103997476	103999794	7.20325211266125	7.44930079804113	6.90643341640642	0.406942744808646	0.00154629060462989	0.0080402875028139
13513	chr5	32313509	32324333	9.11927164918034	8.93909303178544	9.27942548635032	-0.283974259951235	0.00154870328769276	0.00804853461819445
9102	chr19	14883690	14893413	9.99215199830629	9.80435331011212	10.1582962976835	-0.293347798400242	0.00154872482352316	0.00804853461819445
8795	chr18	67162492	67168742	8.29481414406632	8.55231392911521	7.98114837190804	0.41675318939009	0.00154990820310822	0.00805247954743797
10072	chr2	44546990	44562650	10.2550710609413	10.0407691084663	10.4416183730578	-0.323752120048963	0.00155092572329509	0.00805556083810003
13120	chr4	135639574	135662976	10.6397418269877	10.7815067446569	10.4825132112936	0.254850209653818	0.00155347833972404	0.00806661160317991
741	chr1	132229811	132242341	9.72290906098491	9.86760314110746	9.56206855984647	0.258574191448466	0.00155665751148545	0.00808090889236389
8120	chr17	64837801	64842396	7.73247646474633	7.98885022901806	7.42048202683455	0.420566696043633	0.00155970951688759	0.00809453839786974
6536	chr15	76662469	76669537	8.65073626867976	8.41507671186401	8.85325224066652	-0.345189953153438	0.00156351594177615	0.00811105539864707
11966	chr3	108356961	108362325	8.14469819130803	8.40352064813591	7.82906505282097	0.41982128809131	0.00156374686251381	0.00811105539864707
8122	chr17	65542679	65544903	7.49926986213711	7.75171663582141	7.19307893763435	0.413899543901167	0.00156482693823813	0.00811444001661789
2811	chr11	62742495	62763082	11.0378689347322	10.7970769714155	11.2441612917471	-0.352113453530222	0.00156846893934441	0.00813110406987642
10238	chr2	70031401	70037798	8.55115587614526	8.32932541565423	8.74337933975653	-0.329995046848613	0.00156920685414942	0.00813162763299563
14001	chr5	112119534	112125113	8.33177989881341	8.55832310611871	8.06291425623373	0.378767204231666	0.00156942684122783	0.00813162763299563
15620	chr7	19300892	19308478	9.4401116678676	9.25459435730865	9.60446840086343	-0.288238346725749	0.00157081781593722	0.00813661335389532
18036	chr9	63817453	63829643	10.15735802006	10.001716536477	10.2978315985823	-0.25206406455465	0.00157243255752345	0.00814275511848227
15264	chr6	115735374	115758926	10.8303578321059	10.6721587314792	10.9729110979147	-0.255001311279157	0.00157788535203822	0.00816876325595562
1109	chr1	165763650	165769348	8.44380690356448	8.22439098303877	8.63421556894116	-0.331293812455359	0.00158018410386212	0.00817843308077427
16862	chr8	36019745	36027850	8.75286232307108	8.53431542203238	8.94261651906744	-0.327659682109719	0.00158293219571388	0.00819042261244649
5155	chr13	96829175	96859604	10.891135632898	10.7158860254955	11.047384306982	-0.277507088561961	0.00158440071648039	0.00819578664433941
14062	chr5	115175024	115209893	12.0296147221193	11.8455454031277	12.1928342663346	-0.28800818285822	0.0015867057956851	0.00820547392269958
4157	chr12	91514269	91518689	7.67924613052151	7.92546773823844	7.38217547263448	0.403568488531066	0.00159210875747737	0.0082311719172332
9097	chr19	14706293	14721988	9.75666084183462	9.59730853817412	9.90014963375054	-0.258226176036131	0.0015938251245327	0.00823780148107468
11255	chr2	179903206	179906544	7.45050440544696	7.69550179153919	7.15521594079112	0.400454266653525	0.00159950371908755	0.00826490092147091
9373	chr19	42298910	42304212	7.89301126218842	8.17527919953278	7.54174337478645	0.446992039293214	0.00160008133966449	0.00826563520563209
11746	chr3	94303147	94311032	8.63221543886699	8.39282058164483	8.83748212442854	-0.348467463787206	0.00160080747294024	0.00826713606229466
3610	chr11	119031284	119039257	9.80490560277909	9.54532783938404	10.0248239133447	-0.369695493012542	0.00160368379426326	0.00827973741330859
16737	chr8	14947657	14951705	8.01646502367258	8.2193967453549	7.78024198062911	0.348468531070772	0.00160589312008143	0.0082884073405553
11441	chr3	38126905	38133185	8.1777849672111	7.94742223030743	8.37637901767713	-0.342541335593996	0.0016062364823522	0.0082884073405553
3991	chr12	76113916	76130539	9.6405246019532	9.79823591885118	9.4634324131503	0.27947518081852	0.00161738103833369	0.00834364629696525
9505	chr19	55207321	55215621	8.89712650217027	9.08846551337002	8.67647366593587	0.328622192085822	0.00161806287380962	0.00834489545707412
11147	chr2	166372891	166380976	9.03941924878479	9.22266527397568	8.8294643965803	0.31731830724053	0.00162229518773415	0.00836444997772521
15489	chr6	142726271	142732468	8.28582738488199	8.47913063615084	8.06255693176938	0.334699253311424	0.00162642367026826	0.00838345867409594
15008	chr6	86164501	86175926	9.18884759043124	9.34413919345628	9.01480138279294	0.274699416590308	0.00163316410406021	0.00841489268242467
16342	chr7	114000672	114009361	8.92141386424277	9.11646674566325	8.69580477443782	0.335026401077537	0.00163340874872504	0.00841489268242467
11711	chr3	89561496	89575923	9.56756113520181	9.7468730305482	9.36275674851651	0.310938604211985	0.00163530253644905	0.00842236277863405
9934	chr2	30794694	30807304	10.402439187223	10.1959768525726	10.5830201941785	-0.313332799161623	0.00164112397612385	0.00845005207348197
8490	chr18	32599106	32631871	11.0787152794466	10.9422575856857	11.2033740570337	-0.226482239941241	0.00164305149408603	0.00845768220945451
5242	chr13	104954438	104960038	7.81605921854182	8.02841045627879	7.56696608505179	0.361798400178294	0.00164460875615774	0.00846340281537897
267	chr1	53664846	53677686	9.31576107414116	9.13135633287225	9.47924422562184	-0.28721951972254	0.00165109602823878	0.00849448401191212
12909	chr4	119797196	119805270	8.63655405931417	8.40378348556124	8.83693405030928	-0.340823087171185	0.00165170919646784	0.0084953357289331
4190	chr12	100019272	100038554	10.2078791104092	10.346623172913	10.0543583528823	0.248723578121174	0.00165579380903068	0.00850991067504342
14411	chr5	147746457	147755285	9.62455354643271	9.81497205600429	9.40512454755124	0.327536839402816	0.00165584289344522	0.00850991067504342
4134	chr12	86517351	86520995	7.71331680739226	7.96809418131029	7.40368632257364	0.412621355482731	0.00165588809331026	0.00850991067504342
1459	chr10	18343588	18352008	9.17453811211723	9.34218851385503	8.9848122598501	0.294023732749756	0.00165740937361852	0.00851542298373196
14980	chr6	84099014	84108621	9.76368109919502	9.90080469515682	9.61214222610289	0.246753334811368	0.00166052886928635	0.00852914138300019
8971	chr19	5430090	5440246	9.15197345001784	8.98381324722743	9.30256314854354	-0.267007729092958	0.00166307688744979	0.00853991781572227
9548	chr19	57264299	57280629	10.055744303264	10.190586936375	9.90698675876882	0.242687182474042	0.00166554341730182	0.008547671243401
7888	chr17	33396179	33414971	10.1200276496725	9.94432255331941	10.2766382031839	-0.277927681733887	0.00166571879975826	0.008547671243401
15619	chr7	19276066	19293906	10.5766269248254	10.4003097359861	10.7337234543066	-0.276852788980671	0.00166593792767481	0.008547671243401
3143	chr11	87414104	87420639	8.54446057015974	8.34578089973742	8.71906175431434	-0.305139653006575	0.00166933584995752	0.00856279056657939
10620	chr2	117533536	117540765	8.59810334451675	8.77820945749974	8.39226179798317	0.310897413316851	0.00166998872637164	0.00856382492240134
4909	chr13	56041843	56047507	8.07984894540612	8.2973635476261	7.82361589765398	0.366721893153842	0.0016716708805742	0.00857013550578543
12949	chr4	123655893	123672751	10.6483022937536	10.4819642061317	10.7974294213165	-0.265219075698688	0.00167718702164549	0.00859428938593928
11846	chr3	101496066	101506746	9.17700620173546	8.97977028660831	9.35049178183215	-0.30310082094844	0.00167728794380732	0.00859428938593928
12362	chr4	33250777	33259255	8.85966504157248	8.64949563566946	9.04307441478063	-0.316188678236058	0.0016835987787022	0.00862429722563807
2100	chr10	95429268	95437246	8.77025632959941	8.94535485010929	8.57093220685007	0.306003364533752	0.00168411496864882	0.00862461359686614
10573	chr2	105039823	105056860	10.1235531609956	10.2618656590802	9.97056070471356	0.248567459840839	0.00169618055243337	0.00868406007678254
2344	chr11	3739963	3767068	11.1755159603403	11.3155360641638	11.0204310733521	0.25108215442444	0.0016978661465843	0.00868858367826494
4632	chr13	35108911	35124829	9.54467915215098	9.37482445595225	9.69662599893427	-0.272583938525607	0.00169797970718608	0.00868858367826494
11613	chr3	79358492	79388278	10.7258673832698	10.5939305640277	10.8467428805849	-0.219875698347353	0.00169940889432652	0.00869355293946713
3253	chr11	97501285	97510673	9.43158408055924	9.23870220166697	9.60169323365016	-0.299692829916084	0.00170028740064179	0.0086957032004259
18545	chr9	120342785	120351900	9.04139839387382	8.84347450814654	9.21541582253317	-0.302793019030546	0.00170315862822792	0.0087080408419013
16592	chr7	141690156	141697747	8.59482763639451	8.8212232433677	8.32617004333945	0.376814645309262	0.00170544487634844	0.00871738171511365
7853	chr17	31711878	31729549	10.3751776493359	10.2181725194232	10.5167608879515	-0.2526079095047	0.00170784912392517	0.00872606823472154
15287	chr6	119122660	119136034	9.37342353242414	9.53855779386402	9.18691469352073	0.29089790261373	0.00170806383328893	0.00872606823472154
7240	chr16	36710977	36720064	8.8698849143647	9.03417955552526	8.68444673283222	0.289648577636395	0.00170927041247079	0.00872988244302561
13126	chr4	135787297	135790320	7.50221613032675	7.75527728572724	7.19511981991598	0.410019111729248	0.00171034562494382	0.00873302384068033
5490	chr14	25733355	25741865	8.4173069140063	8.6237463753389	8.1763143818135	0.352400067574926	0.00171124011271425	0.00873524101646145
7098	chr16	25112847	25145035	10.9646648805509	10.7948342074713	11.1165925068649	-0.270185422369941	0.00171230700065073	0.00873833680165375
8283	chr17	84887326	84894227	8.44129899920462	8.2232303593114	8.63069271578886	-0.326079359841964	0.00171395613325118	0.00874440146585325
9949	chr2	31541655	31547406	8.51154143452967	8.69179264918839	8.30551025904968	0.313034541087242	0.00171518757989122	0.00874833245868192
6698	chr15	85635253	85652608	10.4235984590539	10.2396457428447	10.5867263398834	-0.285868870266326	0.00171596662122844	0.00874995446112158
13242	chr4	148877358	148900488	11.5041959522744	11.6220120133108	11.3758960849735	0.215404796861032	0.00171804676891231	0.00875820833392071
1105	chr1	165533845	165540977	7.96286938359498	8.16837637110587	7.72314741235127	0.349283007605333	0.00171964807102023	0.00876401738450403
14887	chr6	71020540	71035123	9.38362222966406	9.55063406821052	9.1947140240614	0.292541538678124	0.00172111103300376	0.00876911846855796
14443	chr5	149121682	149126148	8.30908877242609	8.51375216777557	8.07051458492745	0.350326073095308	0.00172456037787215	0.00878433478573148
553	chr1	89597847	89604502	8.24921240429716	8.5204719746152	7.91485796293766	0.430092050278437	0.00172566878740098	0.00878762219374382
13957	chr5	108005284	108026710	10.6462856781569	10.4951134854034	10.7831090179447	-0.244858502886836	0.00172624568453085	0.00878820194386025
333	chr1	61072508	61080330	8.68595025287621	8.42983955442644	8.90337674596444	-0.364566320438165	0.00172796408391966	0.00879459113668846
13194	chr4	139517322	139546753	10.9083795628571	11.059110446446	10.7400432477249	0.267980777156146	0.00172959386148387	0.00880052597777545
13764	chr5	74632850	74636935	7.68151784938751	7.92567561785525	7.38744953623871	0.396313388703254	0.0017363308304418	0.0088324371029094
4718	chr13	43769468	43778866	8.80035528053729	9.05419733199179	8.49210682185212	0.411826145153425	0.00174274817785851	0.0088593770975882
14343	chr5	142383226	142390155	8.72042484789155	8.51994803857289	8.89641193820667	-0.30823835829745	0.00174282948227956	0.0088593770975882
11068	chr2	163167013	163207295	11.789366632049	11.5947448974381	11.960827162938	-0.299603741627801	0.00174302724497573	0.0088593770975882
6215	chr15	27869675	27880521	9.44608896133422	9.59250714639288	9.28311482875524	0.262903820938126	0.00174484537096379	0.0088662437203539
16924	chr8	61533741	61540148	8.39094058394051	8.59866112889297	8.14819931695778	0.35297199310495	0.00174837022988408	0.00888100377169393
14015	chr5	113052025	113060395	8.47887713256639	8.71480864077162	8.19667197556896	0.387435315072295	0.00174868597369831	0.00888100377169393
11633	chr3	84207810	84227635	10.5623498271896	10.4248157950357	10.6879061324506	-0.227343956641562	0.00175519071062851	0.00891165449358438
18337	chr9	100582688	100595806	9.93032484470681	10.0604628060684	9.78727333519127	0.235980284194891	0.00176010693446653	0.00893422559755024
16234	chr7	104205145	104211345	8.52721136209586	8.7166340104231	8.30910434766812	0.328378922872708	0.00176071689988979	0.00893493209706104
15191	chr6	100715326	100726920	9.79086872650491	9.94933330357542	9.61282596058946	0.279923281737823	0.0017623603037259	0.00894088110248967
4749	chr13	45210114	45214372	7.74614244228828	7.98877116597475	7.45429170484375	0.395335235275525	0.00176557680800251	0.00895480551552104
6158	chr15	7202945	7242134	11.7713843627706	11.6236069822675	11.905421255014	-0.241845768695709	0.00176626067787048	0.00895588068536037
8138	chr17	70831813	70835879	8.0905586364776	7.86944112145031	8.28224679479112	-0.328531253790843	0.00176686527121936	0.00895655341412184
3018	chr11	78869026	78884003	9.79801186803426	9.63923867622246	9.94103102971491	-0.255975030132213	0.00176814188766702	0.00896063147824627
9686	chr2	9800428	9808780	8.93199066275679	9.09567040862471	8.7473356778407	0.286641363748063	0.001769225954572	0.00896373181842551
8329	chr17	87040690	87051893	9.42825456170345	9.60278486765592	9.22966669429536	0.304468165955921	0.00177002397996346	0.00896538166952938
17143	chr8	94347522	94353634	8.84647702683628	8.60169387587519	9.05569001079922	-0.354613910128324	0.0017708756949146	0.0089655646005385
8502	chr18	33957303	33960684	7.48643227413376	7.74355173783999	7.17333136922599	0.411498871602299	0.00177100488368296	0.0089655646005385
2016	chr10	84837337	84842930	8.30910179970266	8.03971532592592	8.53601435018671	-0.376428657444292	0.00177336796760254	0.00897513350856764
10361	chr2	76081102	76085790	7.8302182840822	8.05083190509925	7.56967051985039	0.368984025642227	0.00177477776865761	0.0089798739726347
16506	chr7	132407175	132414641	9.57706590234233	9.75900213887692	9.36882939644037	0.315507440956478	0.0017790555245913	0.00899911908348034
14254	chr5	136632040	136644529	9.70717481837154	9.87459772085776	9.51774036160576	0.29413304656439	0.00178191001801091	0.00901109851091174
11854	chr3	101755056	101765541	9.28984181823085	9.44009212189024	9.12210481359779	0.266247954244056	0.00178237335001647	0.00901109851091174
15241	chr6	114941752	114987986	11.9590903701575	11.8249818817975	12.0817859402756	-0.222839526912284	0.00178317148125158	0.00901273276768943
15106	chr6	91296479	91300959	7.72986862831573	7.98252902458639	7.42336300624087	0.409573836075982	0.00178471712867691	0.00901814334003172
18314	chr9	98546359	98552570	8.48159204101587	8.65825334280914	8.28023952967922	0.308926432699014	0.00178683197799576	0.00902642643342604
17698	chr9	40485857	40490920	8.43351522509918	8.18782860663199	8.6433873994755	-0.357828833300585	0.00179582433809031	0.00906838673104467
3702	chr12	16255036	16273628	9.8121959903655	9.65300465538404	9.95555427913057	-0.256402297091981	0.0017960938786025	0.00906838673104467
44	chr1	16140110	16147094	8.43586399860753	8.23265242084962	8.61395421585017	-0.30921641711318	0.00180881898979439	0.00913020627853927
3730	chr12	17668917	17677555	9.11760860301384	8.88498863433438	9.31787703934076	-0.344309199890121	0.00181573374982621	0.00916267238445935
15323	chr6	120966423	120975972	8.68119921059979	8.86040970303315	8.47652715009409	0.313427188094476	0.00181760757000185	0.00916969007736977
1968	chr10	79919120	79924080	9.03860852008217	8.8146264862638	9.23244465902419	-0.330515081505196	0.0018211112283072	0.00918492426309923
15618	chr7	19209910	19222869	10.4894443800422	10.3016426050134	10.6555910946861	-0.290422245003545	0.0018258061898783	0.00920615719386296
12757	chr4	106845092	106849630	8.70537219709004	8.49149441334982	8.89159815557331	-0.320625268838647	0.00182975969821481	0.00922364125163847
13281	chr4	150677826	150697950	10.158730949799	10.2929763912203	10.0106999907026	0.242098209470846	0.00183220201278786	0.00923350026571983
7813	chr17	29178256	29186247	8.74694688446722	8.4508656602631	8.99248914684019	-0.401841618770883	0.00183366152437117	0.00923840246112037
8151	chr17	71867118	71871680	8.13755769868464	8.40755097832811	7.80512794862409	0.429059633121979	0.00183788120103006	0.00925593103137016
16373	chr7	118313157	118318898	8.27538333160039	8.5223624270382	7.97720807856513	0.400123375923958	0.00183811602598842	0.00925593103137016
1794	chr10	61926916	61929644	7.70633087432156	7.92487291597725	7.44866979417019	0.365154978289988	0.00183879256180666	0.00925688170571052
3017	chr11	78853293	78862822	9.46055373487589	9.26904634635826	9.62959324608558	-0.293189559956762	0.00184250063567075	0.00927207504180208
14645	chr6	39549995	39573407	11.2553919628954	11.1023574011985	11.393738867037	-0.247867174766679	0.00184304895248817	0.00927207504180208
11077	chr2	163501527	163507720	8.63511948825505	8.83350594446414	8.40503617997398	0.33746240281876	0.00184327620700349	0.00927207504180208
8132	chr17	69435929	69442721	8.94458595793238	8.74291797394875	9.12148996778571	-0.306498513258035	0.00184567066465152	0.00928165965670936
14152	chr5	121841892	121848505	9.38507426168464	9.14454091921632	9.59117688467212	-0.348091797878875	0.00184829037221772	0.00929237164882654
5034	chr13	81642138	81654126	9.23732840766645	9.39680317078685	9.0580090725669	0.282341256754126	0.00185154230518929	0.00930625567007084
8870	chr18	78269013	78274205	7.60220399648308	7.82681138932776	7.3360629063141	0.372382985701967	0.00185321353345495	0.00931218947615607
14446	chr5	149229770	149240287	9.19854665421039	9.01708891616855	9.35971001564462	-0.282110447088046	0.00185694628748615	0.00932847633409203
11070	chr2	163253801	163296510	11.4706322548308	11.2672088220429	11.6488851015024	-0.308673272790366	0.00185787383010565	0.00933066616077672
7269	chr16	43494584	43520109	11.1253397842891	10.9075135587331	11.3145507060421	-0.325328142419075	0.00186105724522451	0.00934418133786135
11353	chr3	14877619	14890827	9.97704943369955	9.75017086506274	10.1730499911225	-0.334017498195658	0.00186483804896101	0.00936068800085455
15176	chr6	100287696	100357148	13.1022261550449	12.9118107569025	13.270414575553	-0.294168755755923	0.00186909133044967	0.00937955694357597
4898	chr13	55471989	55477689	8.78910872833974	8.55863048945107	8.98778856754611	-0.337712721014241	0.00187101494503468	0.00938672816331304
18529	chr9	119416711	119424545	8.57940882104475	8.78476884316995	8.33988692354332	0.347232644264967	0.00187333177130583	0.00939586778213884
9045	chr19	10859844	10871338	10.2950615635004	10.1558445156923	10.4220188292767	-0.229697456232445	0.00187405299245099	0.00939700178169809
15894	chr7	49695222	49717865	10.2874227631058	10.4227314103607	10.1380977696444	0.24301660811011	0.00187690298298387	0.0094088065805734
13038	chr4	130096044	130102838	9.04202933652693	9.21824476586204	8.84125605359203	0.306033287543245	0.00189461034948556	0.00949506464824041
13165	chr4	137748045	137753122	8.16898554222954	8.44044769042675	7.83432279847532	0.430109794438466	0.00189638713948571	0.0095014602746302
11279	chr2	180882321	180900529	11.3325702470442	11.1934437909551	11.4594521795152	-0.229463770937987	0.0018980751590742	0.00950740787650283
17164	chr8	95068946	95079761	8.96861412006808	9.16146116615332	8.7459523638848	0.329053689018112	0.00189965463866883	0.00951280880931284
2807	chr11	62629214	62633799	8.04234050611291	7.76662550016204	8.27372274224159	-0.385218779148948	0.00190059176810554	0.00951499107540886
4559	chr13	28802587	28807337	7.68944393950028	7.95015386645654	7.37099555570263	0.416588681465648	0.00190548989898702	0.00953567588038889
999	chr1	156959508	156976070	9.71024928227454	9.86085921196489	9.54206384577986	0.268361421888377	0.0019057283636817	0.00953567588038889
30	chr1	13058155	13065221	8.55068498115693	8.74899470777571	8.32070492952803	0.334724262096	0.00190910209765048	0.009550039196444
1150	chr1	171456176	171463915	9.00099193199036	9.17259374196585	8.80618808968541	0.299458683595231	0.0019108899455568	0.00955646384103358
9073	chr19	11879691	11908872	11.1668950967683	10.9821881421593	11.3306156630105	-0.287000616386107	0.00191537377566468	0.00957636430145943
2590	chr11	43330224	43349185	10.4760325860006	10.3102497345271	10.6247133754295	-0.262751645940611	0.00192511595071204	0.00962253769517089
736	chr1	132103869	132117279	9.66316369876669	9.86265553732206	9.43159142285818	0.338530999142494	0.00192754960162288	0.00963216532101124
5772	chr14	57379894	57398720	10.3704947800273	10.5086297247638	10.2177195743388	0.247516340658825	0.00192888954266623	0.00963529296115076
17792	chr9	45375904	45380788	8.92115250491709	9.08858649336826	8.73170385097173	0.292799335146983	0.00192919085580762	0.00963529296115076
13777	chr5	75562301	75565769	7.59482735346375	7.8127453342851	7.33803394179093	0.366997729916639	0.00192974606300192	0.00963553026301326
9942	chr2	31259602	31264593	8.19746343111251	7.91089590911043	8.43643325918733	-0.39178118062718	0.00193093102943291	0.00963891110142222
10349	chr2	75584330	75600124	10.3017663238371	10.1477531934114	10.4409123428387	-0.248689510498792	0.00193229844119231	0.00964320066142226
3462	chr11	108837151	108845003	8.74303808622163	8.90655323382947	8.5585926225823	0.286137254296063	0.00193492307825203	0.00965376054209917
2090	chr10	94983487	94995138	9.32462532262657	9.4734953053709	9.15860716533281	0.264764877696239	0.00193675606752274	0.00966036620381447
6963	chr16	16589180	16609263	10.6753806761984	10.519243079857	10.8162581840707	-0.25111836493172	0.00193794057655278	0.00966373468271023
15764	chr7	35498689	35506471	9.01775354676671	9.19674480905686	8.81336749834604	0.309227828090697	0.0019386150780631	0.00966455885646431
17338	chr8	119420183	119423398	7.39575028133121	7.68912855936241	7.02707509311403	0.451249744077847	0.00194411552421409	0.0096894350141962
11777	chr3	96663874	96695682	11.6470786910267	11.5051876569121	11.7762556664582	-0.232811330581522	0.00194671586328956	0.00969984782603638
5668	chr14	51091188	51098744	8.48886291026105	8.28269924725282	8.66921548272883	-0.311169986107504	0.00195118384567818	0.00971955858454754
15639	chr7	24341378	24357298	10.1994749519347	10.3591187622652	10.0199417946218	0.280866441475076	0.00195315592769583	0.00972682927098903
10624	chr2	118107898	118117058	9.28357039180954	9.44641509639458	9.09997779097444	0.286030467534356	0.00196138962072277	0.00976527114682512
11953	chr3	107959943	107979985	10.4933327750063	10.6370108099724	10.3337469923489	0.255346500763936	0.00196529341483596	0.00978156807364601
17814	chr9	48775582	48792752	9.94960557649186	10.3346617423487	9.4227989225179	0.517229298505794	0.00196569369476189	0.00978156807364601
9990	chr2	33656272	33676379	10.2407367893816	10.3841975428368	10.0814190724106	0.255099485964606	0.0019754984322557	0.00982778106049303
4853	chr13	52677603	52715649	11.6060997099419	11.4703788192981	11.7301433799921	-0.224270716473589	0.00197689362279171	0.00983214467163626
386	chr1	64997516	65004113	8.3626917894655	8.55928838754024	8.13501378203223	0.333018541309101	0.00197920692927434	0.0098410710795645
11089	chr2	163903403	163931860	11.5614965805519	11.6871031867461	11.4239021826226	0.227558553823951	0.0019892464504104	0.00988678589937207
11002	chr2	156574954	156584766	9.31583511505597	9.50105282476028	9.10328674171966	0.318362721236058	0.0019900664753937	0.00988678589937207
2233	chr10	118954590	118958236	7.87170570416549	8.07749907754499	7.63159371850247	0.348364672554343	0.00199011285694144	0.00988678589937207
3178	chr11	90023139	90036495	10.2311875633687	10.4083010134592	10.0292472502165	0.306440692675788	0.00199048468947261	0.00988678589937207
3087	chr11	83556574	83568526	9.40149969743367	9.22028331736844	9.56247269373374	-0.284447807659595	0.00199188920850093	0.0098911735447774
8330	chr17	87053087	87060455	9.33239708312572	9.47984942472851	9.16814040928725	0.263173433516666	0.00199360474193132	0.00989710290272415
8718	chr18	60934468	60941208	8.51399337004687	8.70966548439799	8.28755499500055	0.332681078672426	0.00199680720010367	0.00991040895679065
16834	chr8	35200513	35208626	8.7557121495146	8.57032073457754	8.91997009049065	-0.286783624062733	0.00200428348548735	0.00994365703287383
15708	chr7	29097506	29100888	7.49667958697199	7.74583258670544	7.19532633515176	0.402861020073454	0.00200479279121646	0.00994365703287383
6564	chr15	78289557	78299819	9.07289013976027	8.86650006224625	9.25341588959111	-0.312779338124367	0.00200507800541694	0.00994365703287383
2988	chr11	76933956	76944867	10.1425659898979	9.98862074895691	10.2816566010401	-0.249286894123107	0.00200583428015773	0.00994480898722923
9870	chr2	27064715	27125585	12.2394819552354	12.357249077437	12.1112401277202	0.214530857369269	0.00201056505535267	0.00996397943533687
14078	chr5	117349172	117357109	9.487447846722	9.30379028784317	9.65034364031266	-0.283476537311813	0.00201132004966363	0.00996397943533687
2149	chr10	110803166	110808164	8.10634358322368	8.30692136167156	7.87330591799912	0.338251733734983	0.00201239441191565	0.00996397943533687
6277	chr15	37164158	37169744	8.45253181382068	8.66934471469436	8.19727266156232	0.360349749415362	0.0020125125476389	0.00996397943533687
8363	chr18	4213567	4219870	8.35426251981564	8.14385802437599	8.53785082665083	-0.317476870475725	0.00201258674083435	0.00996397943533687
1	chr1	3668864	3673086	8.14141345444022	7.85619444986184	8.37944572449591	-0.38804113555805	0.0020128508959946	0.00996397943533687
6653	chr15	83031157	83037678	8.86226597343091	8.6404034891071	9.05451347082989	-0.326457801006256	0.00201556499642999	0.00997481305534413
8480	chr18	32363318	32392413	11.4166042974574	11.2470916534877	11.5682774200428	-0.267688657117368	0.00201673562557679	0.0099780045458347
2738	chr11	58456646	58462499	8.3166449774553	8.50012004337762	8.10638926990184	0.318819798502724	0.00201978489379534	0.00999048670819436
11556	chr3	60635464	60681144	12.0844995307716	12.2855624838537	11.8508063227714	0.3408811546536	0.00202377591364568	0.010007619349943
4137	chr12	86667617	86682903	10.1881175502292	10.031070235351	10.3297350863185	-0.251652795314258	0.00202670631479498	0.0100194996479536
8527	chr18	35712089	35723981	10.3444280361414	10.1908252701278	10.4832390648824	-0.246892275626017	0.00203315053514196	0.0100475562742382
7220	chr16	35226205	35233417	8.52035993572617	8.71053815298643	8.30125011419098	0.326246754439255	0.00203353824182364	0.0100475562742382
2901	chr11	70273740	70308081	11.4921886163936	11.3631941514077	11.6105900769972	-0.215032771236908	0.00203396971419059	0.0100475562742382
18311	chr9	97156319	97158979	7.09758510675598	7.35394514367893	6.7856110241399	0.412711975102761	0.00203669919402148	0.0100584215465349
1294	chr1	183225194	183231756	8.41346695612291	8.59398238197342	8.20709037808308	0.310488777378653	0.00204406138943794	0.0100901825470459
5713	chr14	54946028	54952020	7.9821016410328	8.28235015465791	7.60248816359497	0.455708769960629	0.00204419368214297	0.0100901825470459
13045	chr4	130570834	130577447	9.46407917432468	9.27071310896091	9.63456469476158	-0.294780451512002	0.00204597135068308	0.0100963313220526
4049	chr12	79876990	79905455	10.8395067260204	10.7025740360691	10.9645617406773	-0.225371459018602	0.00205092282411847	0.0101181347228865
8898	chr18	81434192	81470948	11.4925163502759	11.6151254635216	11.3585111562938	0.222574893431649	0.00205209070426642	0.0101212654564117
5477	chr14	24904807	24913502	8.69906075979939	8.89699601657338	8.46958445547457	0.333844165077117	0.00205609023112391	0.0101383571048326
9676	chr2	9427319	9493392	12.4001105961022	12.2129005504802	12.5657941488549	-0.28924815175456	0.00206606836865018	0.0101849120957433
1938	chr10	78360594	78370272	8.97238597039638	8.77580562042485	9.14536433490816	-0.298110919669854	0.00207051860262717	0.0102041995739447
2282	chr10	122662036	122667509	8.16075737682172	7.93803589678645	8.3536491995436	-0.330493293380122	0.00207764199687723	0.010236647834562
16323	chr7	112835190	112843262	9.02968907670491	9.20365566192805	8.83183098445352	0.298956942806521	0.00207971658168602	0.0102429145132105
18053	chr9	64528392	64536254	8.81539736074384	9.02650901179922	8.56800929748277	0.354751870931368	0.00207999328383547	0.0102429145132105
15634	chr7	19784177	19793340	9.36241038612538	9.17682981583967	9.52681675408822	-0.286912341346718	0.00208096254430302	0.0102450293458695
16823	chr8	34398024	34417204	10.4715748789838	10.3308696499712	10.5997684317395	-0.230300086465443	0.00209516961841462	0.0103122988039137
3952	chr12	72694163	72700605	8.63335102786976	8.83327674886349	8.40119357302739	0.336869099697862	0.0020966552424686	0.0103169354023364
17753	chr9	43232920	43254752	10.4064770618074	10.2588795053735	10.5403660218889	-0.23897345724776	0.00210358619779128	0.0103483491301377
14765	chr6	51306092	51341580	10.9102898360437	10.7731820144159	11.0354908834316	-0.227186979344631	0.00210412979046321	0.0103483491301377
6759	chr15	96789699	96844785	11.7880012520468	11.923294384042	11.6386951575119	0.242118504623853	0.00210468794900213	0.0103484125865574
18544	chr9	120328737	120338688	9.47509022254194	9.3053970863621	9.62690779694274	-0.26665146660968	0.00210682638615664	0.0103562439738065
1288	chr1	182579608	182587414	8.79779941377124	8.99080917199621	8.5749206086182	0.328840685974968	0.00210814324040754	0.0103573995157225
15946	chr7	68409051	68414062	7.75218423678948	7.96695539533694	7.49975241047958	0.356543996415716	0.00210859181847681	0.0103573995157225
1410	chr10	7042695	7075980	11.2378642803975	11.0397502543783	11.4120286212806	-0.301425415792494	0.00210874333881041	0.0103573995157225
14133	chr5	120707074	120745909	11.2779335766177	11.1396842474482	11.4040856688385	-0.227444503870765	0.00210924438212063	0.0103573995157225
4423	chr12	118566457	118570745	7.48927724922104	7.72479114908245	7.20766994052867	0.386487476841203	0.00211062022078491	0.0103614746948466
14451	chr5	149319712	149323654	8.77948961625864	8.96703779616935	8.5638651687139	0.323841063107342	0.0021114430188386	0.0103628334767359
3576	chr11	117534036	117543630	9.38413890643059	9.58099639067295	9.15611074232498	0.333846029869345	0.00211538522829666	0.0103794974787597
1843	chr10	67529681	67536228	9.37855932307578	9.18886171678611	9.54618767610252	-0.290366957662151	0.00211623023666009	0.0103809598504967
425	chr1	74091458	74109669	11.1286755793162	11.2583562960469	10.986176445896	0.233060556277693	0.00211712971963419	0.0103826886172965
5574	chr14	32697678	32710714	9.10859049591252	8.84265157967623	9.33305399325004	-0.374206107046702	0.0021183104565759	0.0103857954418378
6692	chr15	85470469	85498437	11.2495209411945	11.3632660489345	11.1260344203121	0.207727585021554	0.00211948481688726	0.0103865030931096
15833	chr7	45644109	45651514	8.79590110105943	8.97237807595234	8.59478809683973	0.308374488486716	0.00211954931659274	0.0103865030931096
17789	chr9	45305418	45311514	8.89209158398135	8.65470695923478	9.09587945064031	-0.343764883177639	0.00212158766317615	0.0103938080174032
5348	chr13	113311347	113318661	8.90997251935751	9.10106141822109	8.6896523957571	0.324388917226261	0.00212891780638497	0.0104270273670659
14125	chr5	120379064	120384884	8.11535216184681	8.34453320241261	7.84275970131245	0.376640762814591	0.00213085462890418	0.0104338209499413
17767	chr9	43928737	43939629	9.04536709846812	9.20214224485493	8.86945474760989	0.275688606682331	0.00213172742271459	0.0104354023099562
2636	chr11	49757384	49766594	9.06698321998303	8.89504233775711	9.22059699241582	-0.270861954627684	0.00213484190632359	0.0104479537235986
216	chr1	43286995	43300617	9.81387418451585	9.66157163883523	9.9516226684173	-0.246951075068933	0.00213550053660869	0.0104484827750184
9850	chr2	26277239	26282033	7.71892336301772	7.9819805438577	7.39696110494693	0.416007556358789	0.00213811253987465	0.0104573524890741
1023	chr1	160866550	160905527	11.6463235414205	11.491043477939	11.7865026970995	-0.249360773264234	0.0021384153543441	0.0104573524890741
3748	chr12	25534315	25540731	8.29625805739538	8.06291194447499	8.49706416926344	-0.338520509158498	0.00214051329495954	0.0104649154624001
8190	chr17	74467048	74483735	10.095773553668	10.2382062011275	9.93772301525024	0.253371137892622	0.00214503063258868	0.0104842998650272
9880	chr2	27655870	27689699	11.2467700923134	11.1092190855049	11.3723405424191	-0.226567579434965	0.00214603172451573	0.0104843386948022
14190	chr5	125201656	125205201	8.1096719089101	7.8278668314642	8.34532398652142	-0.382381371022397	0.00214614341268279	0.0104843386948022
2455	chr11	21469972	21480223	8.96813093335452	8.78894097338709	9.12750339109044	-0.278234102275504	0.00215437003402177	0.0105218190621974
7868	chr17	32497016	32504934	8.66685918181556	8.45893707089522	8.84855547686506	-0.309875375669291	0.00216081810037119	0.0105505960192809
6419	chr15	59876714	59899413	10.3898104531076	10.2499995716016	10.5172613183849	-0.230085128431209	0.00216502330350856	0.0105672049808355
7574	chr17	5357412	5366548	8.77493273189275	9.00391856370884	8.502616632626	0.376502646771724	0.00216533327206224	0.0105672049808355
17678	chr9	35541467	35559260	10.5562742215814	10.400010964119	10.6972540013167	-0.249838838394895	0.00216942926739246	0.0105844725104991
1060	chr1	162296927	162305106	9.10099419102882	8.8984887235999	9.27854206132411	-0.304798308965257	0.00217142369721193	0.0105914804290376
7999	chr17	45744179	45753312	9.13093355391007	9.30316866252566	8.93531289245799	0.297705721177296	0.00217391584366205	0.0106009118183099
9785	chr2	19666886	19681101	9.84080294823032	9.67012344707186	9.99340935747379	-0.269137244887198	0.00217479816064428	0.0106024901851702
10663	chr2	120055065	120061154	8.3581970961432	8.58831061311152	8.08428326100425	0.376830056258805	0.0021771725409751	0.0106113399217171
7278	chr16	44462342	44495176	11.3387793382442	11.4767101280379	11.1862538588451	0.246142047524474	0.00217944294361417	0.0106196784664579
955	chr1	153550920	153557001	8.51322761954243	8.28863191806031	8.70752295222184	-0.327040425889521	0.00218681388024555	0.0106528595054364
4301	chr12	109506998	109512982	7.75873150007262	8.29859561105001	6.88613875745352	0.517901447426743	0.00218873283770887	0.0106584739234208
2211	chr10	117567186	117575296	9.4809950129886	9.29069048659526	9.64909695659983	-0.29101860033555	0.00218908959131114	0.0106584739234208
14780	chr6	52071755	52089915	10.246481253731	10.3917519969282	10.0849277496381	0.257913269616092	0.00219222777356719	0.010668986181488
15417	chr6	128599629	128603514	7.72305755195903	7.96438109268342	7.43309517564845	0.392402923462252	0.00219237294419112	0.010668986181488
1672	chr10	43038513	43049790	9.55049071685039	9.69919786103088	9.38467509127388	0.261674911073627	0.00219808201004752	0.0106940267799774
12874	chr4	118254746	118268288	9.89108239916717	10.0546010989238	9.70663241448157	0.284945817042167	0.00220308511479985	0.0107156208082487
15144	chr6	98529721	98532966	7.44478143142918	7.70534903831473	7.12654564444662	0.412992513714824	0.0022039017965716	0.0107168465788195
12366	chr4	33716003	33722892	8.76427959373593	8.56175435380311	8.94184265722064	-0.308936286265731	0.00222265592486686	0.0108048044114381
7106	chr16	25332341	25358616	10.4460320594552	10.3158616400393	10.5654234191105	-0.217530542084295	0.00222312878585098	0.0108048044114381
3883	chr12	54182949	54210573	11.3522819676657	11.189884426115	11.4982346863006	-0.25806480108656	0.00222639857992192	0.0108179259212335
2155	chr10	111123703	111129062	7.92498529030311	7.67999563737413	8.1343490057488	-0.346822217936476	0.00222921597147121	0.0108288430823015
3297	chr11	99586810	99598566	9.03317533004539	9.21383987783287	8.82660374086091	0.308346462321521	0.00223015015489553	0.010830608953368
6730	chr15	91569589	91574482	8.55693092192211	8.73572041134967	8.35280802197051	0.307303120369124	0.002246197440706	0.0109057511453464
2619	chr11	46611055	46622812	9.34461253744961	9.18391162418567	9.48919366122686	-0.255350675740772	0.00224899065908479	0.0109165201326778
1803	chr10	62377488	62383905	8.5844231276285	8.75193095506275	8.39487990585067	0.290668492668306	0.00225017753711122	0.010918269758731
3004	chr11	77892877	77963946	13.1030719897139	12.9622980589845	13.2313225591685	-0.230617891104014	0.00225050167533355	0.010918269758731
2595	chr11	43632255	43636062	7.98767297712721	8.22692419666539	7.7007003042714	0.386760467318991	0.00225172303693905	0.0109214034035436
16245	chr7	105560951	105571851	9.69190556778735	9.84529224509674	9.52024921847874	0.270732034760268	0.00225710996116655	0.010944734275161
14835	chr6	55093443	55100537	8.79957618814734	8.96639168745727	8.61091921881654	0.290783453337339	0.0022642647715227	0.0109760361461209
7203	chr16	33814759	33832467	10.3192728577205	10.15152835446	10.4695291766624	-0.26492788787923	0.00226472193204117	0.0109760361461209
8287	chr17	85029304	85033663	8.4313299141521	8.64325497963136	8.18282337968284	0.352243511452995	0.00226849449521522	0.0109915131541204
6651	chr15	83011104	83020158	9.28310284500238	9.44773564030493	9.0972336304362	0.284755158075306	0.00226978066050336	0.0109949380182984
2622	chr11	48754846	48766000	9.65860741963533	9.80726084472401	9.49285859634252	0.262895206312063	0.00227106952509038	0.0109983742068615
1779	chr10	61068643	61081266	9.84128115804348	9.9760411029548	9.69262425759779	0.24075290729827	0.00227437227846311	0.0110115590492223
3037	chr11	79979070	79987297	9.53003483084031	9.37919781682345	9.66658358807156	-0.244103939718887	0.00228051846306994	0.0110371724091927
4270	chr12	107656516	107695203	11.355027578544	11.4813173539926	11.2166128555024	0.227814109646742	0.00228082565935264	0.0110371724091927
2290	chr10	126923132	126935088	10.6037460540488	10.4367518129302	10.7534002450182	-0.263462692171332	0.00228240471089311	0.0110419982177008
17258	chr8	109979214	109988198	8.78596879978417	8.98377634489805	8.55666422664958	0.33213701334472	0.00228758900519341	0.0110642588505519
1326	chr1	185184887	185197485	9.60380336494572	9.76760563206855	9.41899238435388	0.284395321950989	0.00230019531413069	0.0111223966539838
1049	chr1	162010776	162026028	10.0134959415464	9.87082744106228	10.1433168905783	-0.233359179940535	0.00230619426759593	0.0111485636792418
250	chr1	52275613	52301025	10.8683883590857	10.6930408100537	11.0247148636915	-0.273178045881157	0.00230839526522027	0.0111563620419189
6278	chr15	37178045	37188119	8.93310436138607	9.09940214558936	8.74510948831202	0.286517730500356	0.00231043664662559	0.0111633852129091
4645	chr13	37237834	37246556	8.76752077296304	8.54072690108204	8.9634581489151	-0.328154757468394	0.0023132975499784	0.0111722250291914
9030	chr19	10166096	10179789	9.60789321549968	9.4517484510112	9.74877655774915	-0.252399950321264	0.0023134435093905	0.0111722250291914
5504	chr14	26535615	26548752	9.54459827074409	9.38246993857421	9.69033354871782	-0.256222532386079	0.00231515660273494	0.0111758565015756
11937	chr3	106906849	106933043	10.524600741672	10.340766389307	10.6876355611803	-0.283297096949944	0.00231537318953556	0.0111758565015756
6630	chr15	81291260	81298551	8.68083668311585	8.49258019122553	8.8473390863784	-0.287824492321257	0.00231616177626485	0.0111768203284339
13265	chr4	150230345	150232670	7.52802479094914	7.2467988487714	7.76327214547699	-0.379388589975082	0.00231773135018218	0.0111815514222439
13479	chr5	30275614	30283135	8.73489869716629	8.54722916388221	8.90094193216327	-0.286244481841676	0.00232308032706434	0.0112026898647011
7776	chr17	27380701	27404807	10.4999758191148	10.6839691906498	10.2890388855371	0.314328373263885	0.00232329349847007	0.0112026898647011
12349	chr4	32858934	32876954	10.5349183819778	10.4053395029606	10.653811978433	-0.215968750589968	0.00233052556039834	0.0112329261984045
15134	chr6	97251924	97261109	8.85195018219941	8.65453557288164	9.02557394842427	-0.297258399379505	0.00233074784600437	0.0112329261984045
9617	chr2	4350307	4354080	7.38304207369824	7.61710586899328	7.10350747270286	0.385087990831716	0.00233320007951282	0.0112418898982163
3019	chr11	78891244	78915804	10.628124793333	10.4874619196504	10.7562831922192	-0.231045938726368	0.00234021317448862	0.0112728187407664
5511	chr14	26839302	26850446	9.38609478647018	9.54787172074686	9.20385862684157	0.282263521383517	0.00234288934120758	0.0112828461828923
5417	chr14	14517185	14522063	7.97488319946048	7.746928397014	8.17168603434194	-0.332969327608746	0.00234573903083759	0.0112937039741924
7351	chr16	57283864	57291932	8.11336438033287	7.88901572457612	8.30747489530446	-0.327220825900188	0.00235350824282594	0.0113282355923392
10143	chr2	58965056	58978999	10.0430648413323	9.87581900984171	10.1929210107692	-0.26260431464876	0.00235571928505661	0.0113337789423751
17963	chr9	59512724	59545342	11.1378545410306	10.9986383888456	11.2648110620763	-0.227854533708872	0.00235585425616049	0.0113337789423751
479	chr1	80246677	80258558	9.36492159133899	9.16212395110302	9.5426939297064	-0.30411948539769	0.00235712466608134	0.0113370169887374
7069	chr16	23131748	23188013	12.4596510888159	12.2762442137205	12.6223496988492	-0.283196035154371	0.00235924641503153	0.0113443470258129
7669	chr17	15692104	15703575	9.26146038446233	9.1039658580114	9.40344140340909	-0.25206158697086	0.00236053171450349	0.0113476523327157
17561	chr9	14101739	14113770	9.17225408384211	8.97302572969986	9.34727872275759	-0.304881431416652	0.00236882369397232	0.0113846302577616
2712	chr11	55310951	55317663	8.60048982312854	8.78149123417419	8.39347753666274	0.309871022294926	0.00237338078725748	0.0114011648286306
1046	chr1	161952416	161968703	10.3279809775313	10.1861903425764	10.4570747462985	-0.232683227845601	0.00237346552705198	0.0114011648286306
6723	chr15	89129425	89156504	11.880517181855	11.6684115366557	12.0653987557099	-0.315365648990708	0.00237668449382389	0.0114137386154564
15521	chr6	146436528	146449264	9.49152836713735	9.64003408955911	9.32596319047794	0.261161246047108	0.00237775625192146	0.0114143661385891
3790	chr12	32032960	32061598	11.0120626482862	10.8448890727249	11.1618608166694	-0.263818643300183	0.00237801800474111	0.0114143661385891
18382	chr9	106517933	106523788	8.45627512909318	8.64178999414905	8.24333517012922	0.318549487094332	0.00237967501739623	0.0114194316447947
6284	chr15	37260942	37264239	7.45764106103591	7.69294279122296	7.17633733340585	0.379487036535193	0.00238948732056255	0.0114636197818394
2281	chr10	122653965	122659466	8.192332296855	7.95504327494767	8.39604974455088	-0.343678791760575	0.00239208139154365	0.0114731647030849
15873	chr7	48838346	48849771	9.24448269115495	9.40223672487209	9.06733662585603	0.27441662301679	0.00239559919404932	0.011487134184907
15436	chr6	131405218	131416855	9.2853156141592	9.44822350160513	9.10164267756366	0.281861962954343	0.00239792138832529	0.011495364998491
8974	chr19	5533899	5567555	11.8561698806065	11.7222564179851	11.978702205633	-0.221000570768265	0.00239981358871089	0.0115015308333697
12028	chr3	122041650	122045118	7.87374879661499	8.09055994697123	7.6184920724963	0.359253611937754	0.00240467950627322	0.0115219420221054
5310	chr13	109858400	109865847	8.98234069041569	8.78275088915174	9.15764412564545	-0.299506815565433	0.00240639448755363	0.0115272491113782
2300	chr10	127350412	127362598	10.519614354183	10.3670965249	10.6575388888793	-0.244528354486453	0.00240825838583692	0.011533266693111
4888	chr13	54884812	54890054	8.45509947506429	8.66305814099809	8.21203275753401	0.347256648939855	0.00240914265962478	0.0115345909528301
2190	chr10	116982782	116992293	9.37492055438801	9.51235894996749	9.22299705804765	0.24459717459431	0.00241487331755963	0.0115591124070528
7643	chr17	12848729	12854827	8.28747362357149	8.48565159358149	8.05767084958353	0.332458337910165	0.00241572725580124	0.0115602843136288
7803	chr17	28861353	28880438	10.1813311893549	10.3259229509332	10.0206171312753	0.255395889647626	0.0024214577824495	0.0115847863002543
18222	chr9	83324185	83328139	7.27829705845579	7.51936738905502	6.98870054716142	0.387863224493191	0.00242333079484331	0.0115908253919685
3898	chr12	55510567	55519074	8.9174679407012	8.73596233475555	9.0786690499919	-0.28050579106815	0.00242455216914716	0.0115937454316563
7981	chr17	44395853	44415065	10.3050795676373	10.1496109504781	10.4454123410729	-0.248248984696278	0.00243051613156835	0.011619336438548
1780	chr10	61148847	61186102	11.8710347863832	12.0013132218588	11.7278134989415	0.233365679713605	0.00243225634915307	0.0116238619232801
17756	chr9	43347047	43352448	8.74600689407423	8.94755625556243	8.51165595565858	0.337267092361055	0.00243318991076888	0.0116238619232801
13464	chr5	29402418	29434571	11.3221931329885	11.182691393105	11.4493870836099	-0.228426743630234	0.00243388323483186	0.0116238619232801
5463	chr14	21695735	21704053	8.83204543784346	9.03477668573124	8.59609415464682	0.340786018806625	0.00243391260251409	0.0116238619232801
8163	chr17	73321097	73341057	10.2060289378043	10.3470545911275	10.0497093091565	0.2506201128272	0.0024367683264156	0.0116345725954822
3493	chr11	113208414	113233583	11.070233610968	11.1863784543899	10.9439133178105	0.211044019248142	0.00243777919335563	0.0116364716576198
14297	chr5	138879540	138884009	7.67268525853206	7.94019010209189	7.3440254259726	0.416869393916785	0.00243874601987689	0.0116381595954849
6311	chr15	38647350	38660609	9.82796061513987	9.67459448733872	9.96657839176495	-0.245735480323538	0.0024445065597392	0.0116598644249588
16654	chr8	3472275	3488682	10.4529260146994	10.5793459107446	10.3143549505601	0.227568856389166	0.00244452292254128	0.0116598644249588
3729	chr12	17593320	17602000	8.81929937604602	8.63795651654721	8.98037213697523	-0.281324926184512	0.0024460028203028	0.0116639918408359
13486	chr5	30522739	30532136	8.93189397425521	9.12149452528506	8.71355095358106	0.321105705597725	0.00244668107655618	0.0116642954413363
6466	chr15	66649919	66662683	9.29635453428941	9.0867289340067	9.47934980404218	-0.312586103011169	0.00244822040576205	0.01166870293344
13749	chr5	73352333	73373068	10.7976093654037	10.6440940777491	10.93634896109	-0.245288795988607	0.00245344993766904	0.011690692032895
7880	chr17	32874941	32878858	7.99449048136673	7.76918617880316	8.18931561977215	-0.331998161411752	0.00245540514199595	0.0116965260026801
16900	chr8	47984986	47995618	9.93726105255931	10.08305505089	9.77506002871919	0.258109066748111	0.0024559068507656	0.0116965260026801
4300	chr12	109437891	109462283	11.4129660329117	11.5536722658194	11.2570388371317	0.249615149810111	0.00245811677407861	0.0117041139626788
13783	chr5	75797139	75801947	8.24790874401618	8.45858681610703	8.00111625439349	0.349229303803979	0.00246028554607738	0.0117086923530793
10957	chr2	153453909	153460929	8.34496026252545	8.11423112716034	8.5438264130771	-0.33466449874493	0.00246034809689048	0.0117086923530793
5957	chr14	73034481	73044869	9.05083076579407	8.88503866817485	9.19951899046718	-0.262105638742933	0.00246092912147285	0.0117086923530793
16454	chr7	126591176	126597862	8.92371735873152	8.74650527105697	9.08152373541802	-0.277247052394378	0.00246169206738442	0.0117093869039822
1626	chr10	40517586	40523726	8.38007428134054	8.17224940503835	8.56169634973439	-0.312439124641411	0.00246785900183968	0.0117357795028602
4980	chr13	69801761	69809039	8.65494432050361	8.86353502942249	8.41101314471487	0.347455783845632	0.00246927769004599	0.0117395844888234
2958	chr11	74514502	74534322	10.8289752350402	10.7056706838013	10.9425659468897	-0.207097974587825	0.00247834566053881	0.0117797451268134
11188	chr2	168351924	168357770	9.07614213739057	9.22105289835086	8.91503380052589	0.256486477703219	0.00248725371537485	0.0118191257546568
14097	chr5	118381350	118394541	10.1016581564427	9.93811367374419	10.2485364392116	-0.256968507783984	0.0024884487483359	0.0118218445042971
9738	chr2	13683318	13703833	10.2971202628592	10.1190541022181	10.4556033672599	-0.27548925592804	0.00249806018596718	0.0118645356029708
6854	chr15	101359246	101368536	9.09103713628743	9.29810763564783	8.84918366873717	0.344673664707172	0.00250057583286873	0.0118735123172419
8807	chr18	68178373	68190752	9.93607327546942	9.75318542809858	10.0983634325642	-0.281144002122332	0.00250887943969777	0.0119099607018569
10420	chr2	90639752	90669215	11.5522616785139	11.377091239613	11.7084474334423	-0.272530064739006	0.00251467844586922	0.0119345041820835
2531	chr11	32214335	32226574	10.8027603460634	10.6043366701457	10.9771638650294	-0.298915309729253	0.00251567663562294	0.011936256716872
742	chr1	132253688	132260909	8.39370110640833	8.60378000444311	8.14773095675545	0.347246432262832	0.00251640281943773	0.0119367180980027
956	chr1	153650605	153655350	8.02925314857213	7.75356589472982	8.26061585697712	-0.376198648842399	0.00252311004184935	0.0119655435992651
11867	chr3	102192647	102196440	7.93432115896353	8.16600034229364	7.65818403007944	0.372116885649568	0.00252736501691354	0.0119797377902963
2368	chr11	5478623	5484469	8.24839759876052	8.03215808579029	8.43641071309844	-0.319963101361368	0.00252736551516657	0.0119797377902963
12105	chr3	135774502	135795801	10.0639251757464	10.2282875395836	9.87840068893347	0.284797769403589	0.00253279815456324	0.0120024909302012
1767	chr10	60474294	60477072	7.64072840131987	7.9034046177961	7.31933742377931	0.414262079748813	0.00253781120035186	0.012023244825631
12564	chr4	57633989	57642993	9.18245625369775	9.35988623365174	8.98010419315166	0.302533660032451	0.00254225702046369	0.0120413017198354
6807	chr15	99039439	99049761	9.52910026693136	9.33279251689847	9.7018675984835	-0.294796705018951	0.00254369851225405	0.0120451232694784
7980	chr17	44340125	44362258	10.5253599377014	10.398373579621	10.6420675658784	-0.211371729422824	0.00254520359349244	0.0120473329233853
3293	chr11	99458603	99464305	8.27808747334127	8.46374162044915	8.0649639067958	0.31541246296755	0.00254543469217425	0.0120473329233853
5833	chr14	62026125	62041254	10.1426604169611	9.98294180134687	10.2864460930302	-0.252820032507026	0.00254859998855752	0.012059306702277
10636	chr2	118695907	118717344	11.5305459414337	11.3726352307439	11.6728650415479	-0.251064165376663	0.00255819763733208	0.0121017031303404
18602	chr9	123244837	123251055	8.27234578582709	8.48264008166536	8.02608010546555	0.349764670402476	0.0025591039116957	0.0121029736207507
1190	chr1	177318372	177325499	9.23636796289704	9.40318403522116	9.04771026044897	0.289631108047037	0.00256075988245153	0.0121077881935843
12091	chr3	132945524	132958619	9.78001350681861	9.59488037016302	9.94406872511805	-0.283710714203432	0.002565808304428	0.0121286365653148
601	chr1	92274468	92283882	9.35797618817	9.50243011876623	9.19743242696699	0.257057339252449	0.00256782219924255	0.0121351338444782
17448	chr8	123755742	123770363	10.0620070017563	10.2228176715148	9.88099637337615	0.278997125118506	0.00257142523233121	0.0121461358298444
11478	chr3	51972088	51978771	8.45707974824513	8.63758558929649	8.25071570293825	0.307731112563629	0.0025720294065064	0.0121461358298444
18356	chr9	103208238	103224935	10.3013092649539	10.4671540442131	10.1138932876034	0.2873831201461	0.0025720701775723	0.0121461358298444
16835	chr8	35210345	35217491	8.53627974795008	8.74582136933827	8.2910462982667	0.345166375931453	0.00257359248777639	0.0121503014491314
2746	chr11	58907744	58926683	10.6846664260261	10.5465140011702	10.810737836168	-0.225802556841199	0.00257632020315712	0.0121586285114291
13781	chr5	75742577	75747101	7.99351507926423	8.19194326446105	7.76337560998282	0.332485239457528	0.00257663754006891	0.0121586285114291
388	chr1	65021366	65027449	8.22484501727937	8.42602723993798	7.99099057902383	0.335276585806358	0.00257855519357482	0.0121618521915798
1670	chr10	42964185	42996713	11.6428421056395	11.5001761253997	11.7726609681836	-0.231791065788264	0.00257860230881064	0.0121618521915798
13709	chr5	66352925	66356594	7.63482422761538	7.8570524788321	7.37201962856865	0.368162772008782	0.00258049211334399	0.0121677415699765
13082	chr4	134226572	134231903	8.26641110174398	8.48645115527796	8.00666358026564	0.359526917726586	0.00259077858540021	0.0122132108227299
10486	chr2	93905009	93913425	8.5679475340087	8.80930209745033	8.27794032196767	0.38754145456899	0.00259268150930791	0.0122191463534032
14219	chr5	134739416	134753199	10.4232926588513	10.5536752479407	10.2799454671014	0.232966010196816	0.00259486983712881	0.0122240198375077
4946	chr13	62954259	62961881	8.93574146739673	9.09161115091823	8.76096860979383	0.272621147559264	0.00259500373704191	0.0122240198375077
9466	chr19	47339358	47348098	9.31618908626354	9.49195724433935	9.11599643562198	0.301725098221306	0.00259832755083257	0.0122366398479532
9090	chr19	14131731	14153189	10.1989438774412	10.0419147885161	10.3405465955798	-0.24989320311977	0.0026006064248571	0.0122429783958476
3386	chr11	103993931	104006980	9.47732856785147	9.31315243397646	9.62471601619988	-0.258501907665871	0.00260138976103917	0.0122429783958476
18142	chr9	71602746	71610369	9.14044254686275	9.29021918224117	8.97329579479633	0.26233486484148	0.0026016087186076	0.0122429783958476
4504	chr13	21215288	21222495	9.58254794068842	9.35510798144774	9.77896711653032	-0.329149110148082	0.00260919077955018	0.0122756152218847
16290	chr7	110720251	110724222	7.32367952344115	7.61145526946826	6.96382519580182	0.433582190979313	0.00260985145427659	0.0122756804834487
11151	chr2	166721654	166729239	8.92791167110869	8.74351936410386	9.09138505249548	-0.282582684248843	0.00261456352079621	0.0122947970914745
3435	chr11	107691344	107720125	11.1045289436704	11.2487952243947	10.9442169745479	0.253799724509686	0.00262232837112265	0.0123280206695095
9780	chr2	19361390	19370862	9.43995367415813	9.28130159315469	9.58287457796314	-0.251301563975132	0.00262323943033576	0.0123280206695095
12331	chr4	21915988	21934679	10.7468669379831	10.5951204842427	10.8841604498304	-0.24333999777061	0.00262357740050312	0.0123280206695095
14920	chr6	72277253	72281315	7.81962627505676	8.03562838151353	7.56549102207566	0.355028541694788	0.00262519539072587	0.0123307423411611
4973	chr13	67379574	67385627	8.36892504471044	8.56175806091336	8.14628200093667	0.325203903136697	0.00262545601984466	0.0123307423411611
3389	chr11	104094972	104111240	10.0678894552677	10.2327783538006	9.88169364205541	0.284484911228102	0.0026288663830646	0.0123437048699117
18280	chr9	95438872	95446582	8.61946932197745	8.43358576076206	8.78411336941693	-0.283248955169949	0.00263491306260113	0.0123690366102169
9932	chr2	30733311	30744445	9.58423106944878	9.42128674269463	9.73062520130628	-0.256731087977887	0.00263557795100586	0.0123690692784939
16738	chr8	14953267	14961283	9.50723598022187	9.29979957579536	9.68856141013348	-0.307608888642188	0.00263631456521692	0.0123690692784939
6012	chr14	76668415	76807748	13.6463628008685	13.4594765799235	13.811792744251	-0.28606689122372	0.00263687519367649	0.0123690692784939
10472	chr2	93307651	93316102	8.71719530386138	8.92683423898492	8.47182846831455	0.345864944468086	0.00263938690143365	0.012377791945221
14345	chr5	142487205	142491180	7.90772584297502	8.16088039568905	7.6004918137197	0.397935305237926	0.00264233390506612	0.0123885511818799
15019	chr6	86822069	86827116	8.32726335133179	8.11398526327335	8.51303469206827	-0.313856657133031	0.00264366746640706	0.012388720367192
9592	chr19	60458966	60475050	10.0676003516359	9.9120297875981	10.2080161676829	-0.246799271819877	0.00264367550909572	0.012388720367192
8738	chr18	61631189	61637300	8.54097932845224	8.32789516799883	8.72660358529657	-0.314185985390277	0.00264832768855777	0.0124074577144256
10162	chr2	60882761	60896164	10.2586762844133	10.0327447026788	10.4539700466331	-0.327362420855142	0.00265110579813838	0.0124174079325934
8142	chr17	71146760	71154270	8.72160353205393	8.47788883533648	8.93003602524533	-0.345890848251044	0.00265343269147109	0.0124252403285048
12933	chr4	121217198	121225425	9.11818922185047	8.9278270614339	9.28633611988161	-0.289778771081003	0.00265419940580983	0.0124257648058374
15503	chr6	145471471	145479803	8.88471358219537	9.09037260791721	8.64478458057742	0.340760654794372	0.00266234749485618	0.0124608367706228
11997	chr3	115829109	115841116	9.43362891213851	9.23999929970382	9.60431919839531	-0.29257890731001	0.00267855948400515	0.0125336243705458
4222	chr12	103034020	103041978	9.09515522128464	9.2868407495174	8.87404120760353	0.323750082720615	0.00268057184687003	0.0125399489972261
13881	chr5	100212545	100218973	8.60861065105425	8.78895971738024	8.40245157137718	0.306016269975865	0.0026817335142152	0.0125422918596082
13296	chr4	150994552	151004443	9.97512216066625	10.1066167593385	9.83042948258687	0.234815255776963	0.00268339699016843	0.0125469799153502
2012	chr10	84528062	84546529	10.8691470308081	10.7200673736435	11.004254238028	-0.239390704526984	0.00269382545532771	0.0125926387479469
3727	chr12	17568136	17573356	8.0864812889485	7.84295536720921	8.29477578065895	-0.344409046584438	0.0027003534443001	0.0126200462987864
2132	chr10	99363465	99375088	9.24781685883018	9.05110987715699	9.42089323108161	-0.295949367289419	0.00270507278862766	0.0126389897723693
2623	chr11	48841289	48851265	9.40426515990871	9.25086210334216	9.54291309843941	-0.24413405201409	0.00270882381165839	0.0126534007190413
13677	chr5	63807865	63819299	10.1089548582752	10.2839786983441	9.90972753957194	0.300106058237358	0.00271746538324791	0.0126906435798873
2821	chr11	63095884	63122588	10.3926071642221	10.2425684355122	10.5285014886562	-0.24199935477879	0.00271903510392242	0.0126948504888914
787	chr1	134111839	134118820	9.23381078017782	9.05706527770009	9.3912471529922	-0.271843684051342	0.00273460741377918	0.0127644156680066
11618	chr3	79646203	79668553	10.2957157174958	10.4624856130927	10.1071170916591	0.287598795096443	0.00273783475289263	0.0127763377858739
6236	chr15	31645620	31651203	8.08568965117949	7.85537296266696	8.28424949600866	-0.330660334530723	0.00274961554824859	0.0128281596583604
4638	chr13	36566142	36628675	12.1563621324593	12.0218704198409	12.2793783600192	-0.22107937949735	0.00275140748403351	0.0128333651116913
14559	chr6	30166277	30188247	11.7838775625012	11.5801985317377	11.9623265614731	-0.304009154846702	0.00276422145434901	0.0128899653518648
17848	chr9	52282304	52290463	8.90226782405714	8.71874282571564	9.06505935543282	-0.278716879997435	0.00276590678128616	0.0128934777843287
15848	chr7	46096287	46101147	8.54135406092034	8.73534151645473	8.3171698576378	0.328111057939803	0.00276633339679574	0.0128934777843287
8616	chr18	39936820	39948622	9.53849788722933	9.37235452079006	9.68746851939473	-0.260040232366475	0.00277371692891819	0.0129247173076205
9796	chr2	23049896	23057301	9.09503542823169	8.83541972586625	9.31498094907868	-0.35813791796192	0.00277832927843855	0.0129427475423994
2416	chr11	17019152	17032457	9.79030823776165	9.61652624047732	9.94538952072651	-0.268488324259653	0.00277898374178954	0.0129427475423994
7650	chr17	14928097	14935155	8.7178482653001	8.87832893588402	8.53725575477541	0.278163471048733	0.00277963217149586	0.0129427475423994
15746	chr7	31117528	31129016	9.90909123745544	9.74739613840877	10.0544764385951	-0.25340487425267	0.00278211560508042	0.0129511336936034
4472	chr13	17679396	17693146	9.8757826383476	9.69972344478095	10.0326743754102	-0.272647218253397	0.00278831095702698	0.012976790989067
7620	chr17	8848049	8864446	9.67684495352126	9.83707361840936	9.49657159505283	0.276888490281242	0.00279002228057441	0.0129815721654871
11447	chr3	38267952	38298078	11.4048765599204	11.2281776578417	11.5622759666508	-0.273759780265035	0.00279800537633048	0.0130155254993569
14118	chr5	120241146	120256693	10.3676483827374	10.5138216330666	10.2049777120736	0.256990124620211	0.0028026603102957	0.0130339843247004
6840	chr15	100898095	100916986	10.8961426489523	10.722187293363	11.0513619385865	-0.270012846670832	0.00281397557986024	0.0130834009138088
7926	chr17	35487863	35497580	9.60407048498081	9.38797897990951	9.79197175038729	-0.315433753041403	0.00281744351442751	0.0130963165467352
11429	chr3	37717421	37727279	9.5430299726648	9.34345982728756	9.71831824982935	-0.297054813230828	0.00282359354864748	0.0131216899999463
3809	chr12	33023539	33066151	11.8079769023786	11.6737609499552	11.9307624073068	-0.220032512728539	0.0028247652526002	0.0131222845272323
15615	chr7	19069091	19093233	12.0488516761051	11.8475760819349	12.2254537876359	-0.301099641790688	0.00282510430361301	0.0131222845272323
5397	chr13	119753147	119756670	7.63498368824542	7.34676214441704	7.87510145054932	-0.379118796704324	0.00282664236787488	0.0131262161732071
17737	chr9	42681848	42687917	8.28044689685043	8.48838210129555	8.03741225082781	0.340367248393788	0.00283274088757087	0.0131509382425748
8348	chr17	87658350	87662216	7.99580060641399	8.19399105758719	7.7659810407321	0.332699084941653	0.00283335194024387	0.0131509382425748
6144	chr15	6106907	6114590	8.35643324320172	8.15570712515127	8.53261235248746	-0.301015845285626	0.00283794139669798	0.013168035640908
3372	chr11	103321807	103326264	8.3901987535962	8.16934777885887	8.58168666481006	-0.319564659850678	0.00283842319442303	0.013168035640908
15391	chr6	127403074	127445038	11.6439415206159	11.7538958205389	11.5249105808101	0.200194079204655	0.00284045172797848	0.0131742261352159
9080	chr19	12595180	12603499	9.03628581872773	8.84129111150161	9.20803566765977	-0.293136248514932	0.00284287183039953	0.0131801443888404
17771	chr9	44241027	44254351	9.79290105858707	9.6294532849392	9.93970134993181	-0.257897802783417	0.00284311666199024	0.0131801443888404
1050	chr1	162026526	162038898	9.4787626795768	9.30632756426848	9.63277072439772	-0.266110652457219	0.00285500193215314	0.0132320101759058
6747	chr15	95767782	95771283	7.63961971879869	7.86451357650345	7.37307599959696	0.362228537805723	0.00285980298651239	0.0132510256057175
12883	chr4	118575721	118577515	7.07726438749715	7.35428349101437	6.7341017384419	0.424568608225324	0.00286557331852528	0.0132745218482527
7626	chr17	12039841	12045140	8.32267238295951	8.1111078474101	8.50714287947443	-0.309578801248565	0.00287358062433884	0.0133083666835839
6826	chr15	99910222	99922772	9.39218930727447	9.5811636293275	9.17467674361023	0.317148779605817	0.00287813834597863	0.0133262229002997
17210	chr8	104827601	104859906	10.2411993598713	10.107251152357	10.3637607708639	-0.220855553522612	0.00288683426905467	0.013363226242046
3024	chr11	79260506	79266480	8.72112653216529	8.53268691041239	8.88777212684414	-0.286040425318568	0.00289187549441352	0.0133832979781698
1341	chr1	189934276	189941421	8.45915350026491	8.6445463652906	8.24637433322333	0.31643067981904	0.00289333365615282	0.0133867819259202
17663	chr9	33247512	33280593	11.1842068135488	11.0240979159863	11.328308650576	-0.253301062511465	0.00289444343225156	0.0133886526689501
8987	chr19	6205980	6211000	8.0699695315229	7.83400413400185	8.27271119298457	-0.334987147217082	0.0029027587969162	0.0134210042079626
16687	chr8	11393106	11398769	8.72951648998789	8.8894971440228	8.54955710099114	0.276909222667822	0.00290285169259109	0.0134210042079626
5063	chr13	91735419	91745506	9.64378697219615	9.46245468624856	9.80485139350373	-0.27659679875759	0.00290768445942108	0.0134368353062528
13830	chr5	90898649	90908962	9.52013820847155	9.67598072753502	9.34539951144086	0.270362625320881	0.00290769179634229	0.0134368353062528
6740	chr15	94511980	94517656	8.41312618884097	8.61667911583142	8.17606048217418	0.337646546230724	0.00291470368565761	0.0134656375504464
15072	chr6	89198685	89202920	7.25633940102161	7.48435381619712	6.9853972154143	0.36918304520148	0.00291534352151242	0.0134656375504464
5056	chr13	90909683	90918997	9.10073223125619	9.27556925272654	8.90174702458551	0.298696260962023	0.0029199413138333	0.0134831383676026
4173	chr12	98526359	98590535	12.4420155991304	12.2655293411303	12.5992462973156	-0.272762457474018	0.00292055333943907	0.0134831383676026
4798	chr13	48568683	48593819	10.5849869754555	10.7116861424935	10.4460802598016	0.226905595174756	0.0029235772507751	0.0134938163041004
7116	chr16	29837958	29845907	8.99960754779101	8.80850893840372	9.16832859324088	-0.290912138841087	0.00292716653942972	0.0135070979216719
15984	chr7	78625853	78641109	9.72349619010606	9.57339727580913	9.8594398775448	-0.239472226624986	0.00293633894329292	0.0135461295101498
15864	chr7	47039512	47059789	10.545525246611	10.3968377888949	10.6803102981977	-0.238021625560974	0.00293841665473932	0.0135499327320867
16294	chr7	110847080	110862556	10.0007288857023	10.1212177713865	9.86925258964443	0.216751957349343	0.0029389154820775	0.0135499327320867
14516	chr6	22495674	22510033	9.9965472219862	10.152965976338	9.82108357077329	0.272282389562928	0.00293930518246488	0.0135499327320867
13253	chr4	149962795	149974835	10.034172590963	10.1586210678382	9.89796688241279	0.223396814244807	0.00294069546755532	0.0135530498491337
17307	chr8	115750290	115758285	8.98611990155214	8.80914922443047	9.14373486552054	-0.273671198517358	0.00294238394027674	0.0135575394033776
6306	chr15	38424969	38434035	9.1751392361512	9.01833568266406	9.31655856278688	-0.248948007040399	0.00294682173134365	0.013574691659993
648	chr1	106123638	106133375	8.8379075216425	8.65136803827884	9.00306579841624	-0.286854757105424	0.00295195594501135	0.0135950429217109
8772	chr18	65567127	65623118	12.0021924433181	12.1449492673987	11.84374256285	0.251050716604189	0.00295326446008643	0.0135977695749589
15995	chr7	79095709	79100382	7.89670369265364	8.11703881868304	7.63654458048419	0.357053972443845	0.0029624449403793	0.0136367311480618
4904	chr13	55855420	55859675	7.42121856307006	7.67172723874242	7.11787748687718	0.395085312351412	0.00296330466829992	0.0136373810134976
2293	chr10	126999789	127012392	9.75383850486594	9.93823868189886	9.54236649654974	0.31157971511167	0.00296944746275067	0.0136623377928594
8275	chr17	84558234	84583632	10.6135658145972	10.7408794023272	10.4739201322328	0.228113239384409	0.00297308491171471	0.0136748404962996
11934	chr3	106644355	106652522	8.9002002189505	8.68063313385528	9.09072265770217	-0.319105846017886	0.00297360591855359	0.0136748404962996
16529	chr7	137471948	137484867	9.43107364025044	9.61890759112489	9.21507119857201	0.315358554233424	0.00297576925743786	0.0136814740157251
2286	chr10	123197503	123211469	10.167054001066	10.3271338242257	9.98696908353721	0.277085318498599	0.00297832857637289	0.0136899244492567
9034	chr19	10334256	10347173	9.77390628530279	9.95538034197008	9.56627526528317	0.306259104902998	0.00298111884764181	0.0136994321088121
10625	chr2	118246272	118263735	9.93927930035535	10.0734180242293	9.79137811113916	0.237871897532506	0.00298569972158945	0.0137160995513392
11671	chr3	87201977	87212086	9.05218778530176	8.87961577164539	9.20630499727661	-0.267930303606345	0.00298619122957656	0.0137160995513392
13590	chr5	35889817	35900660	9.74791098512977	9.58689274579259	9.89274886472874	-0.252219089948723	0.00298841957789077	0.0137230135903191
12976	chr4	125272509	125279938	9.13973197864982	9.29440127450658	8.96646728015937	0.267831563090244	0.00299612514240772	0.013751163101205
16876	chr8	40631754	40635762	7.59053884818084	7.80845043545355	7.33375432119316	0.35504332190616	0.00299622467023538	0.013751163101205
13026	chr4	129932001	129937631	8.94138115842259	8.75999357184638	9.10248919549578	-0.277009016944047	0.00299676834332086	0.013751163101205
10614	chr2	117193471	117205637	9.58045023936465	9.73676269304605	9.40512037284468	0.269641215955147	0.00299744779754915	0.013751163101205
10821	chr2	131163476	131174822	10.3748489815897	10.2198111523939	10.5148307315643	-0.246653142961893	0.00300115610663935	0.0137648481749416
1281	chr1	182238679	182247394	9.09099444716341	8.91741883833287	9.24591139005135	-0.268669942674632	0.00300836129259722	0.013794561239962
13016	chr4	129112770	129129908	11.0303493096515	10.906986493068	11.14398946185	-0.205293025714869	0.00301094318126702	0.0138030653713205
5889	chr14	65153291	65173350	10.5122950857616	10.6274832823845	10.3871056990786	0.207841060621184	0.00301507171234932	0.013818653955247
13696	chr5	65229520	65234958	8.19895977586173	7.98333481320756	8.38650834529473	-0.313953417637017	0.00302103944056711	0.0138426623714445
1026	chr1	161259143	161288575	11.1936908350371	11.04520487872	11.3283103097845	-0.238151793710316	0.00302212685185699	0.0138443025636963
16561	chr7	140386886	140389849	7.41448180051474	7.64032027003422	7.14660905667043	0.36441893665134	0.00302563872255505	0.0138570456842115
5637	chr14	48088775	48099966	8.91491834948196	9.08343427319951	8.7240829230126	0.289705982345636	0.00303381532161635	0.0138911413724866
3826	chr12	35772108	35779539	8.50768474417468	8.28920278737449	8.69739000209487	-0.319277063223895	0.00304314160443856	0.0139304834806173
11700	chr3	88649556	88663020	10.0491883343933	9.90550394128982	10.1798497895728	-0.232458283914412	0.00305352333475602	0.01397249146362
10728	chr2	125712226	125732230	10.982497221629	10.8314762726986	11.1191966749793	-0.240702469123984	0.00305379074719931	0.01397249146362
5625	chr14	47108478	47126278	10.2200460063785	10.3576790895366	10.0678845467436	0.242357325756749	0.00305624975973987	0.0139803721836835
1492	chr10	20219032	20228204	8.88658278781705	8.67348869386597	9.07221457954194	-0.315508830493889	0.0030641673478113	0.0140132125527978
9347	chr19	41159746	41163392	7.25412606427807	7.51964804732551	6.92845854274132	0.406564496145223	0.00306792431923203	0.0140270141302589
11923	chr3	105912035	105928124	10.2672601199335	10.1144414080075	10.405430625095	-0.242669490990008	0.00307201804852417	0.0140423483966619
18444	chr9	110776947	110787447	9.57451446858888	9.4243815352492	9.71048605610232	-0.239769903837405	0.00307577109810992	0.01405556566798
7652	chr17	15122134	15129040	8.58798826157888	8.75282371820749	8.40186061167339	0.284281955381521	0.00307639073632904	0.01405556566798
6649	chr15	82974082	83004792	11.3705500812787	11.4818301032757	11.2499638293884	0.201622085753614	0.00308761592232477	0.0141034567003133
11894	chr3	104269876	104275403	8.06566799939803	8.25836408360713	7.84320756690068	0.322251846454192	0.00309318148318199	0.0141254791552722
2131	chr10	99355972	99362824	8.52118249619085	8.3198018510672	8.69786544645399	-0.29672676069306	0.00309435536791077	0.0141274405887848
706	chr1	130460905	130467274	8.17381719517022	7.96030975165202	8.35976244509893	-0.310297968234336	0.00310414647829281	0.0141687340095044
13662	chr5	52887324	52896087	8.89488471674583	9.05366949005812	8.71643753877052	0.273289099947816	0.00310861125439723	0.0141857016102921
16293	chr7	110784360	110804653	11.1977525170691	11.3177105571989	11.0669081121307	0.215907872623912	0.00312073859821559	0.014237619676811
2452	chr11	21371023	21383230	9.51316789772808	9.2944570172054	9.70304564162242	-0.31695377831242	0.00312189062363667	0.014239452570536
722	chr1	131099024	131103026	7.94903966819862	7.70962922398192	8.15431780630106	-0.336447066111674	0.0031231730054787	0.0142418790175349
1477	chr10	19139797	19156014	9.95677259536897	9.73031076153044	10.1524622175196	-0.32520069700708	0.00312493026282095	0.0142448091361075
8764	chr18	64980921	64986244	8.2767107529611	8.45501944241666	8.07321456189259	0.303745840464499	0.00312531667857905	0.0142448091361075
7409	chr16	90504439	90510331	8.2532268259894	8.49247561790248	7.96625764928235	0.377022796726442	0.00314122113526793	0.0143138621671669
8700	chr18	57869384	57877471	8.96105130722288	9.11738400890201	8.78569595930482	0.269420928785262	0.00314715421836374	0.0143374555713695
11643	chr3	84793408	84807269	9.91464702522804	9.74947373893398	10.0628374459816	-0.257148764020137	0.00314899533660908	0.0143424004064084
3066	chr11	82594583	82606696	9.44092598974044	9.60024089975517	9.26180879534707	0.273517687746349	0.00315093055079088	0.0143477713348033
11108	chr2	164604979	164608167	7.73219928091644	7.95419702036997	7.46971724838498	0.357300702633899	0.00315646370128683	0.0143695189701902
18380	chr9	106498854	106502379	7.29114345870618	7.56545951588296	6.952125728138	0.414792884314783	0.00315960288993212	0.0143790101039547
7839	chr17	31246802	31255331	8.9018047637517	8.72781590624346	9.05705072008052	-0.268405643193193	0.00316006381493204	0.0143790101039547
13178	chr4	138389240	138430404	12.0528730446195	11.9266122411324	12.1689675995268	-0.209249152495026	0.00316088790458901	0.0143793124499508
4689	chr13	41127851	41145229	9.95627595928849	10.1000268435772	9.79660028039274	0.250259106242061	0.00317707986732617	0.0144495084596174
909	chr1	151853653	151862926	8.73274007728018	9.1247500945165	8.19275837921872	0.488210493837933	0.00318198109492321	0.0144659197485057
13998	chr5	111493444	111506806	9.74983916173744	9.89513066021243	9.588259983331	0.252393140331211	0.00318221270614949	0.0144659197485057
15640	chr7	24431943	24458135	11.0322750674208	11.1757190214506	10.8729780725698	0.251767217426622	0.00319275801476068	0.0145100469895715
9973	chr2	32917947	32925446	8.79815605055309	8.6052217646362	8.96830595145601	-0.290241505613618	0.00319344887904738	0.0145100469895715
482	chr1	80793613	80810096	9.99073871591278	9.83246967055807	10.1333487623805	-0.249708597632783	0.00319466958636895	0.0145121192148627
14571	chr6	31298048	31310296	9.33058458207909	9.18100820972851	9.46609956611287	-0.239189895346229	0.0031977833193511	0.0145195529061328
5524	chr14	27618992	27626764	9.71484471126227	9.56325886779367	9.85200675888659	-0.241144646172335	0.00319783608976422	0.0145195529061328
2026	chr10	85335980	85341409	8.16292237295474	8.36322474728477	7.93025658895955	0.328168012964911	0.00320323736473394	0.0145362348179869
11868	chr3	102200740	102208743	9.09072503231605	9.25085485941828	8.91057681225363	0.275714146489011	0.00320334770905676	0.0145362348179869
18396	chr9	107292325	107304976	10.234845360511	10.3933358295175	10.0567699002877	0.27340652174855	0.0032038079057716	0.0145362348179869
18759	chrX	73753249	73759804	8.49833840251097	8.67333329069734	8.29914860940606	0.300247366628115	0.00320726596220576	0.0145484466292311
18203	chr9	78503016	78507247	8.33831090041096	8.12737708686932	8.52230189907244	-0.309207262958967	0.00321196117997654	0.0145662631385364
13615	chr5	37236421	37250136	10.4875061122596	10.3637760523072	10.6014577994214	-0.205496933373907	0.00322235809160866	0.0146099221740661
16969	chr8	70477001	70503525	12.3132404414796	12.1308542356371	12.4751355781865	-0.27830758537218	0.00322460771678471	0.0146164843604367
18459	chr9	113710286	113719653	9.72315795663895	9.86333986190332	9.56787451865146	0.247037754556902	0.003225345724301	0.0146164843604367
15422	chr6	128915787	128921693	8.40431900861929	8.19421902543137	8.58767553231556	-0.308840623200821	0.00323611944037909	0.0146618073189197
4774	chr13	46348234	46354186	8.7528928403064	8.56031529575859	8.92276531358948	-0.288372870342825	0.0032395609256021	0.0146728937890813
9125	chr19	17005490	17015461	9.65122657471708	9.44980718234862	9.82793933910225	-0.298645112490148	0.00324072758765688	0.0146728937890813
2083	chr10	94611850	94623735	9.79379839784148	9.92520586107347	9.6492112328877	0.23456596731383	0.00324088575603714	0.0146728937890813
7130	chr16	30193179	30208145	9.70848354955498	9.88077186212636	9.51279422903756	0.29316191553649	0.00324316534141167	0.0146797126197596
11458	chr3	50380412	50387558	8.66352117748072	8.84906206105308	8.4505469229122	0.310654696156109	0.00324930147037781	0.0147039801159515
7239	chr16	36639689	36653099	9.61658235714537	9.44017396717786	9.77375126487336	-0.268928509211695	0.00325187450758878	0.0147121159188385
18004	chr9	62449907	62456442	8.13114226155767	7.85965237408858	8.35954411504395	-0.364420385053158	0.00325690317862801	0.0147283114201793
11365	chr3	19879103	19889536	9.11076989765105	8.93767491121707	9.26530397360357	-0.266039365204675	0.00325700632438446	0.0147283114201793
11157	chr2	167162903	167173927	9.36698583573677	9.56323066739666	9.1397797280893	0.324846248511794	0.00326573902644292	0.0147642832260267
12727	chr4	102548973	102556585	8.97999191066282	8.75700121953789	9.17308552818988	-0.318597208449674	0.00327194913913614	0.014788836082797
1169	chr1	173311385	173315322	7.41750163358937	7.65280173641915	7.13620023402941	0.36964658889467	0.00328330532481438	0.0148366313713458
4562	chr13	28853215	28859592	8.31917008441997	8.51631511986649	8.09075580243508	0.327126845592007	0.00328641241336068	0.0148471366801172
8315	chr17	86340317	86355569	9.97158042839182	10.0971316814422	9.83405245910238	0.223773707591998	0.00329287680939371	0.0148706694969704
992	chr1	156347513	156361200	9.4071714340919	9.24926429383743	9.54948763456683	-0.251493976520733	0.00329318846597644	0.0148706694969704
3328	chr11	101592673	101612678	10.3620391133949	10.2229575931109	10.4888836754087	-0.224226455727953	0.00330480273414551	0.0149182101713708
9159	chr19	24534963	24538577	7.51797790103562	7.75821577051173	7.22958311285928	0.37460381756204	0.0033052886754104	0.0149182101713708
13332	chr4	155129228	155154146	10.3933736270611	10.2125648875995	10.5540249775213	-0.276437160156218	0.00330741640631097	0.0149242643783585
12191	chr3	146546197	146553547	8.88511441681628	9.05204693957675	8.69630771331322	0.285771261305102	0.00331543836791865	0.0149569062953953
126	chr1	37179588	37193478	9.71770981036953	9.87526313026927	9.54081686359935	0.269522859477221	0.00331716321121169	0.0149611313178676
18174	chr9	74931190	74947269	9.88263247734599	10.0163794602176	9.7352074678201	0.236372930680707	0.00332244703726514	0.0149814023093978
13634	chr5	38682402	38688762	8.49638263093738	8.66685785159045	8.30302981981288	0.289904751799348	0.00332843451254639	0.0150048357752062
18227	chr9	83895561	83901638	8.50793347798412	8.6754323325933	8.31840174856561	0.287088602242406	0.00333105260051763	0.015013072264361
1583	chr10	33901844	33907850	8.48789512543779	8.24820389424335	8.69337953495677	-0.335348633448331	0.00333214014224351	0.015013928372559
11507	chr3	54659873	54666437	8.61628310295658	8.40188928834051	8.80289998869494	-0.309809291917435	0.00333282471329317	0.015013928372559
16004	chr7	79466380	79471279	8.64822414714492	8.41918191913638	8.84583654237316	-0.325650029577718	0.00334233759564808	0.0150532095936889
14669	chr6	42368374	42380237	9.64035719684722	9.77311752845388	9.49413024036249	0.236320884840647	0.00334956044456043	0.0150821607775356
6190	chr15	12623440	12629789	8.51563104860829	8.69625092856441	8.30911787774127	0.301994431700271	0.00335071915634447	0.0150837995418078
14004	chr5	112172502	112187389	9.8157630088195	9.95832396592243	9.65755443410324	0.248500062353962	0.00335385311868152	0.0150943273273551
18113	chr9	69661270	69700711	12.0331937724231	11.8683036535332	12.1811562700933	-0.257689194686941	0.00335523756050267	0.0150969781082931
5193	chr13	98605290	98613007	8.63600292869698	8.82706505662142	8.41571840925087	0.315326730207418	0.00335627419809259	0.0150980630494428
17250	chr8	108710366	108724178	10.530461086883	10.6774216474052	10.366814567408	0.25639481480369	0.00336263912998037	0.015123110911824
12200	chr3	148885007	148892906	8.97491320284197	9.17467549996168	8.74297620694096	0.329332840522445	0.00336618752829548	0.0151354828475527
14002	chr5	112139151	112145252	8.23458306413542	8.44334165789407	7.99042211799212	0.338523714768457	0.00336776242458111	0.0151389775121092
15068	chr6	88971234	89006260	11.3242427543075	11.440764267261	11.1974767294165	0.20985948925264	0.00337239685677426	0.015156220683097
18556	chr9	120737065	120743224	8.66618177463265	8.82165473866384	8.49190766607553	0.269532504717995	0.00337787854306738	0.0151772625163058
7879	chr17	32844588	32870182	10.8040418449904	10.6555867012438	10.9386359968543	-0.237253143085969	0.00338358232857318	0.0151992920743172
17006	chr8	75195643	75204070	8.80091825815666	8.96070980098131	8.62119819243515	0.273907016883754	0.00338614166546853	0.0152071894625952
7583	chr17	5611261	5620756	8.7284133115718	8.92245939976259	8.50415075767579	0.321058926352328	0.00339087044196524	0.0152243131615992
3266	chr11	98382458	98392029	9.60355431234949	9.40116885505336	9.78100995897367	-0.298423082537386	0.00339155888335747	0.0152243131615992
14623	chr6	38394803	38402564	8.21820109790519	8.00099378834993	8.40694507570104	-0.313806055357571	0.00339306673068616	0.0152274801328192
837	chr1	136073953	136099529	10.6387651887617	10.7905965307414	10.4690548479017	0.262574944661424	0.00339954395307662	0.0152529420060145
1197	chr1	177698066	177701531	7.63850443650424	7.85840692056001	7.37894873903473	0.359243940477928	0.00340084486916842	0.0152551724821431
8077	chr17	52346790	52357281	9.1160630692419	8.94571400789097	9.26840532089125	-0.264314770494739	0.00340250994017116	0.0152590350081542
10405	chr2	84900363	84913616	9.17442648839883	9.32464310813493	9.00673147271414	0.260793428244254	0.0034042124145918	0.0152630634104743
2098	chr10	95383955	95389835	8.65565876314893	8.81865177769895	8.47187757648245	0.277101601577632	0.00340560760429446	0.0152657124992689
12522	chr4	48087175	48126004	11.6869698782274	11.5054228636468	11.8482036398923	-0.276457414150104	0.00340859417432913	0.0152754920506712
16704	chr8	12693750	12705778	9.46153901172319	9.61426744044627	9.2907068280616	0.262634131275802	0.00341123833633865	0.0152823819901072
10152	chr2	59763891	59772593	9.10609637479973	9.29098868118481	8.89397659736318	0.309493290556995	0.00341174205659329	0.0152823819901072
8973	chr19	5520874	5529504	8.72009542939065	8.50599602145178	8.90648931285874	-0.308790890651729	0.00341531673748547	0.0152947844173518
14697	chr6	48623434	48629357	8.18572638980239	8.38886482553333	7.94922303452378	0.336069279828452	0.00342127301369764	0.0153178439554063
3305	chr11	100331252	100366480	11.9748082564986	11.8210089907483	12.1137797142581	-0.24378262057682	0.00342791366915961	0.0153439560205142
16558	chr7	140214596	140221855	9.06614024219834	9.22951007821269	8.88187970420344	0.27961552574969	0.00342980954421829	0.015348822291846
11189	chr2	168446989	168454526	9.01107242848193	9.18839078482286	8.80886559354337	0.300640816600508	0.00343291671291546	0.0153566598743445
4615	chr13	32713204	32791647	12.4440001062579	12.304289718098	12.5713674667816	-0.226310267853431	0.00343317918999123	0.0153566598743445
10626	chr2	118265473	118269345	8.03994692258813	8.22434142280024	7.8284823834465	0.311187210174586	0.00343709032527328	0.0153705318763811
3494	chr11	113236055	113243045	8.98422578474671	9.14130662159369	8.80792836824615	0.269945360855321	0.0034430427160237	0.0153935236059868
15883	chr7	49300276	49310473	9.07273343954779	9.26206852068445	8.85474256714872	0.313896084446627	0.00344830391564955	0.0154134149823629
16044	chr7	81651074	81655934	7.9830653601293	8.17432168663738	7.76252253031008	0.316268052368241	0.00344963063471219	0.0154157145788092
15282	chr6	118372122	118377159	8.17523273648196	8.37597672027931	7.94197056158238	0.328432881061897	0.00346063643995691	0.0154612568253159
2937	chr11	72544062	72551163	8.64386723581881	8.44155868341478	8.82126377653776	-0.298726426113379	0.00346671831551986	0.0154847839280422
18360	chr9	103470632	103482816	9.41359706375592	9.56563221274282	9.24363199188466	0.263120694250423	0.00346879921116724	0.0154904329949984
1689	chr10	43719780	43727476	9.69390220874884	9.47241942952781	9.8858646785187	-0.317939432483094	0.00347759447617396	0.0155260563545767
11629	chr3	83871256	83878507	8.41960896281646	8.21577040755783	8.59818035376466	-0.303496579955662	0.0034797532622444	0.0155298884417833
7937	chr17	35800276	35805010	8.27972301238395	8.08261181802187	8.45311212659228	-0.294655385895901	0.00348008933784206	0.0155298884417833
5818	chr14	61099119	61114129	9.977748028993	10.1083288940736	9.83416109921339	0.232145331706533	0.00348241363483805	0.0155366075165941
12188	chr3	146368553	146371895	7.53939339932391	7.75025517000489	7.2923486291301	0.345068292054214	0.00348710460935717	0.0155521513751431
6994	chr16	18696415	18706593	9.64588770075661	9.77622235930922	9.50259845150713	0.231131498993937	0.00348753655369667	0.0155521513751431
18273	chr9	94438091	94447436	8.59505969583387	8.37925958127275	8.78274069980069	-0.312017311734547	0.00349108835555244	0.0155643330749424
4523	chr13	23269107	23279146	9.65544085937	9.47974332552232	9.81204540625297	-0.269423165631667	0.00349322598475428	0.0155693788343616
6851	chr15	101232520	101240429	8.44053748834662	8.19070154878406	8.6534279558836	-0.344202934395925	0.00349386081751125	0.0155693788343616
14730	chr6	49977108	49987019	8.69837812023954	8.52148721128398	8.85592982396994	-0.270742811425885	0.00350249040141382	0.0156041702648904
9314	chr19	38286419	38295601	8.80999559198088	9.00464824342509	8.58492205292905	0.322003625395535	0.00350414743777419	0.0156078888104943
13097	chr4	134693197	134714366	10.9233143616809	10.7653693899741	11.065661285357	-0.247979783295021	0.0035050449929363	0.0156082235853914
11052	chr2	160511806	160520576	9.00941078357464	9.20891910953353	8.7778162785946	0.326591103907431	0.00350732429215968	0.0156137445626791
6693	chr15	85515355	85527848	9.72241938850713	9.87406951712638	9.55293547169477	0.26155632133912	0.00350793017626132	0.0156137445626791
385	chr1	64986783	64993253	8.28269869731264	8.48282825893217	8.05026617906043	0.327811724657849	0.00353192759910543	0.0157168707862654
11470	chr3	51710215	51745097	11.4848311282302	11.3613065121506	11.598608554068	-0.204394239691818	0.00353655177105539	0.0157337590395828
12250	chr4	5641791	5647855	8.55644570608743	8.37089604564882	8.72082782199256	-0.281934160451929	0.00353977487344873	0.0157444076220256
4637	chr13	36546909	36552767	8.49197088727651	8.30020467341418	8.66121195743047	-0.286796237029105	0.00354387304726346	0.0157589424939112
4483	chr13	19403868	19414638	9.49035069876942	9.32104852534587	9.64185533613195	-0.262762212323046	0.00354472110686304	0.0157590212900336
6047	chr14	87566135	87570489	7.98876691596479	8.20840159557106	7.72958451385122	0.352337047696101	0.00354733992681757	0.0157669706021243
11000	chr2	156432096	156444090	9.77648192822303	9.92479044743486	9.61116187913564	0.25653868979782	0.00355355088315074	0.0157908785322683
17807	chr9	46388329	46393890	8.5013423479602	8.67809727440576	8.29986815748658	0.296817916344614	0.00355795015854565	0.01580672660558
9002	chr19	7080815	7094944	10.3609016248205	10.4813301973934	10.2294971480218	0.215101348102845	0.00356004330235577	0.0158123243237562
18312	chr9	98288372	98293012	7.49555419476893	7.72626535554413	7.22079237621073	0.366151196790957	0.00356687467108543	0.01583895984617
2748	chr11	58961263	58966378	8.66765782892375	8.47376966311409	8.83854893651611	-0.288949135456422	0.00357245392881127	0.0158598812667183
4225	chr12	103075565	103079854	7.6976956312088	7.91462307811536	7.44227757706196	0.345960138875006	0.00357325740536843	0.0158598812667183
13679	chr5	63954904	63958214	7.56824422303768	7.3014913122216	7.79328686361502	-0.360777565492451	0.00358214120839641	0.0158940769689436
16976	chr8	70874686	70894379	11.1958811506324	11.0591504814374	11.3207676708381	-0.221635319372268	0.00358263666542708	0.0158940769689436
6791	chr15	98418043	98431695	9.75213073747778	9.92534997173362	9.55523913445914	0.291825159858544	0.00358414417597584	0.0158970489170006
7280	chr16	44575932	44588368	9.46832672240398	9.6401899882934	9.27318575766318	0.291790127838055	0.00358546756187679	0.0158992030039392
16068	chr7	83718965	83725046	8.50324609708405	8.67980750577098	8.30202339165012	0.300003245559529	0.0035882115333749	0.0159076539808274
13876	chr5	100084020	100094660	9.27494079609747	9.43105599811878	9.09985912165081	0.269660941246169	0.00359054524598414	0.0159142826304374
4661	chr13	37744837	37753272	9.34386261661396	9.19083146466264	9.48220673458093	-0.241746254707767	0.00359411982498022	0.0159264067612187
665	chr1	119483665	119494161	9.69677814014541	9.83672964412161	9.54177741894826	0.24388568031858	0.00359860158678756	0.0159425442380115
13571	chr5	35311153	35316418	8.47510868032587	8.63918399088969	8.28994994885911	0.279024330050135	0.00360347422154743	0.015960405426079
10431	chr2	91115329	91134622	10.6240281887218	10.774004560071	10.4566325926126	0.259313093375634	0.00361214634694671	0.0159950829488338
9275	chr19	36227710	36235793	9.19281903001842	8.97367326163892	9.38302431447728	-0.314464099771163	0.0036241270578803	0.0160443917498274
7105	chr16	25299316	25330806	10.9540628850591	10.8143882681332	11.0814005189739	-0.226678920108058	0.00363284313623591	0.0160792280509845
4454	chr13	10020977	10028069	8.87901905682874	9.05400484598075	8.67984105695941	0.294717041935705	0.00364334896792346	0.0161219678391745
4023	chr12	77620183	77624305	7.5107918128787	7.73757417304924	7.24158896432312	0.359731174712278	0.0036443188051007	0.016122500373428
8182	chr17	74010224	74024621	9.74198439150063	9.59253219674889	9.87739745627973	-0.237385611524524	0.00365383175211772	0.0161608186491359
14223	chr5	134919072	134931343	9.83512029029211	9.99152010547336	9.65968047659952	0.269101576460748	0.00365638033579126	0.0161683230179362
14339	chr5	141070702	141083516	9.32798379645986	9.50751073889588	9.12289871216845	0.301142419852075	0.00366381328260718	0.0161974172584677
10343	chr2	75416334	75427426	9.31440975203463	9.45914249268133	9.15352146983157	0.251414426927724	0.00366644634492017	0.0162052829949324
12610	chr4	63313450	63319976	8.49005188329105	8.6808411478209	8.27013017219898	0.314335858784699	0.00366920390119957	0.0162136951899573
10887	chr2	144492033	144504981	9.63897323663789	9.77410527108023	9.48986334619825	0.237516320752876	0.00368197821699097	0.0162663558147746
3242	chr11	96998401	97025696	11.8807133702301	11.6897908325642	12.0492971947822	-0.286072106895379	0.00368621639554513	0.0162811427091755
11378	chr3	27861488	27865808	7.96776628695111	8.16096515723018	7.74463514499953	0.316578454968858	0.00368704101185711	0.0162811427091755
12169	chr3	144635347	144641336	8.03022113747225	8.2453947973196	7.7772326976313	0.346587068512097	0.00369161884563492	0.0162975654969307
9775	chr2	19215470	19235617	10.4422582420527	10.298344049637	10.5731096734393	-0.230006734511913	0.00369491628263267	0.0163083293321129
11694	chr3	88427463	88439960	9.49164079143763	9.33137403699274	9.63587046175427	-0.25149608327083	0.00369619290018139	0.0163101709027069
4519	chr13	21960192	21973774	10.2938639853915	10.1139459046621	10.453812001996	-0.273430809825184	0.00369925279465769	0.0163166210125665
9774	chr2	19158150	19194348	11.2920581477792	11.1243491184087	11.4422860096204	-0.259484532962081	0.00369937405643468	0.0163166210125665
14631	chr6	38934581	38941756	8.60423738658736	8.79304988043065	8.38693929084158	0.312045556253093	0.00370166285093593	0.0163229226877121
15810	chr7	44713672	44720588	8.37531499594865	8.55434114022473	8.17088344648291	0.300540211854568	0.00370486778874975	0.0163332603397634
16651	chr7	145203972	145210258	8.73682081356464	8.91040875029842	8.53945254061097	0.29518757754653	0.00370763832166869	0.0163416785199605
5191	chr13	98529851	98539173	9.0031256536394	9.14932390472607	8.84042401356951	0.253182399537588	0.00371003328038097	0.0163484378055144
2822	chr11	63122816	63146818	11.5543210582879	11.4207912181729	11.6765321561272	-0.217334970474675	0.00371401326370839	0.0163621768179948
18197	chr9	78185742	78192779	8.9198202879269	8.73288436022041	9.08528916668728	-0.280066059429103	0.00372355454697553	0.0164004042114292
5725	chr14	55323674	55333615	8.90453617604585	8.73239653296707	9.0583085383142	-0.264125072432161	0.00373507411033075	0.0164473251832871
3446	chr11	107892237	107899619	8.81972322930694	9.0368384145192	8.56404467348228	0.347929325262112	0.00373637906138591	0.0164492549770455
11253	chr2	178117541	178120184	7.70528704526827	7.94521564693303	7.41733827810969	0.373850775440669	0.00376103000255177	0.0165539398001925
9728	chr2	13311910	13318771	8.34195538526131	8.1318860800977	8.52528855323493	-0.304777814112598	0.00376505271003856	0.0165678032422495
15642	chr7	24470862	24473308	7.42296805742479	7.65881313866827	7.1408866638432	0.371577173147182	0.0037664892436605	0.0165702826507725
13001	chr4	127327041	127331632	8.15852036392918	8.37045303492277	7.91000336456116	0.341325875361012	0.00376951230054542	0.0165797390387141
13542	chr5	33562585	33567821	8.08282307662397	8.28305781343279	7.85024859880649	0.324325528660967	0.00377375764351726	0.0165945658749569
8767	chr18	65220330	65263090	11.5130534240173	11.6311823940096	11.3843823556297	0.211567845855503	0.00378172404348824	0.0166221947682748
16391	chr7	120805863	120818407	9.56177931340066	9.70397977739073	9.40401467077927	0.247745522873634	0.00378179234993469	0.0166221947682748
17291	chr8	115400576	115406835	8.38490135998391	8.17288769927684	8.56971307298093	-0.306840407221321	0.00378331248992547	0.0166250261047223
12558	chr4	57051585	57066126	10.0433490917651	10.1707020081024	9.90365608508333	0.225890093690007	0.00379488641455999	0.0166720252921144
10661	chr2	119882088	119892459	9.39450218636103	9.55613392100196	9.21245030503175	0.276016832396975	0.00379595509706827	0.0166728608625917
3555	chr11	116799109	116830497	11.2393200027731	11.1019077758602	11.3647747997458	-0.222248503519245	0.00380006359829934	0.0166870446626847
9968	chr2	32788185	32808376	9.88250731843351	9.66222459813237	10.0735680935413	-0.31668440000083	0.00381090618018547	0.0167307861193014
10958	chr2	153476571	153486688	9.41952048217014	9.24096986036935	9.5783871320724	-0.272779966882099	0.00382591782817486	0.0167928063045631
16708	chr8	12869455	12880857	9.57628650920914	9.40948052036107	9.72578952843045	-0.258895947799311	0.00383136564385015	0.0168128297236144
12482	chr4	46207942	46213172	8.02205559807778	8.24738982382031	7.75489256225096	0.357643121180063	0.00383257470913836	0.0168142476663747
4451	chr13	9782237	9803031	10.5761231733919	10.3679163645953	10.7580367494884	-0.303397268220093	0.00384725377281666	0.0168747467886035
7134	chr16	30268164	30292037	11.1931168603292	11.2994715573599	11.078293292498	0.192998913218744	0.00384859920025486	0.016876747740674
18749	chrX	73410539	73416748	8.22249791619024	8.41370605766324	8.00201918654041	0.319102281563893	0.0038559395490534	0.0169050304230733
7985	chr17	45123295	45130610	8.74612598198159	8.5560915316485	8.91401722422447	-0.281188205506121	0.00385812841245082	0.016910720355636
13554	chr5	34189517	34194925	8.35163529610185	8.55193433197294	8.11897401904132	0.32821056440538	0.00385963141700282	0.0169134021388355
6988	chr16	18346039	18357777	10.778875893876	10.6041497922627	10.9347083967829	-0.266863510221473	0.0038629030848795	0.0169201971175109
3986	chr12	75794205	75801750	8.67820635133635	8.85847706795162	8.47214968599092	0.301851112452662	0.00386296507245771	0.0169201971175109
9394	chr19	43532152	43560359	11.1873215216426	11.3022460916004	11.0624434955585	0.206550534584252	0.00386815057047772	0.0169390008484302
9058	chr19	11282398	11292751	9.10871453827221	8.9141995144274	9.28009226826852	-0.287347962491021	0.00388314612077721	0.0170007451502262
15299	chr6	119802464	119807812	8.11290242312975	7.8783154687424	8.31462623043001	-0.331957212497385	0.0038842138034904	0.0170014976421689
1170	chr1	173316689	173327315	8.84159352183177	9.00020349654639	8.66336714195733	0.273144606683051	0.00391892961672448	0.0171464987729659
9966	chr2	32576576	32583598	9.24754742529621	9.06241636626384	9.41160101260608	-0.277688219345129	0.00391914809405797	0.0171464987729659
11660	chr3	86876603	86890426	9.32026613532599	9.15529934436873	9.46829035475912	-0.256949215815157	0.00392707861240663	0.0171772355346544
10742	chr2	126567384	126583421	9.83900897637523	9.69114334352876	9.97311845706272	-0.234546628383003	0.00393070772416813	0.0171891479025316
17563	chr9	14126851	14131959	7.94924278509844	7.73068488532393	8.13900526869878	-0.313786750872959	0.00393909340501403	0.017221850664308
17998	chr9	62210028	62233429	11.0629500640465	10.9328075613476	11.1823179410845	-0.213427062896353	0.00394688573534095	0.0172519448113855
10189	chr2	62304919	62318834	9.76685803299143	9.58272903084955	9.93012449000411	-0.277149745199718	0.00395497583148619	0.0172760166976265
18073	chr9	66066947	66084742	11.1805999085909	10.9972088421051	11.3432860817914	-0.27652808671228	0.00395502166773342	0.0172760166976265
17443	chr8	123675481	123679591	7.83855158465385	8.06534870222345	7.56932792372527	0.35719448809598	0.0039551236920379	0.0172760166976265
6483	chr15	73304637	73332304	10.875461222214	10.7187774449552	11.0167831330742	-0.24645032034065	0.00395761323987222	0.017279468093302
15658	chr7	25158439	25182783	11.1833770363056	11.0681969413167	11.2900375151395	-0.193290932060591	0.00395773474901648	0.017279468093302
5685	chr14	52351948	52365018	9.50728150356127	9.65915833377815	9.3375143156161	0.261802517687387	0.00396361470515172	0.0173001278839787
12960	chr4	124474325	124485575	10.0140690263346	10.1579448685327	9.85423912546111	0.250250677759995	0.00396428980280433	0.0173001278839787
2299	chr10	127335822	127347721	9.99513858792326	9.78377933982894	10.1794530579368	-0.305296756324683	0.0039681533755203	0.0173130075664367
3385	chr11	103761570	103817543	12.5528051519891	12.6705150917458	12.4246311354474	0.210507887263258	0.00397173213744489	0.0173246389879491
16064	chr7	83543514	83563843	10.2645487069777	10.3945895563226	10.1216145463339	0.22984668839397	0.00397880694652878	0.0173515112679618
8323	chr17	86724616	86731918	8.4087282666822	8.21478362026805	8.57966323489089	-0.287307993859197	0.00398427098210284	0.0173698621610888
5349	chr13	113319700	113335439	9.95497899790116	10.0977611583637	9.79649789797499	0.248647713235477	0.00398484534745669	0.0173698621610888
10413	chr2	85196416	85201629	8.43428883205518	8.63106186306577	8.20637403577679	0.322087259718142	0.00399143410380918	0.0173945873378173
817	chr1	135363158	135380025	10.5791930983817	10.4608848358171	10.688530498575	-0.197202400610053	0.00399377604515919	0.0173982076242715
11725	chr3	89907268	89909524	7.49739389883727	7.73386072966617	7.21442175786512	0.369058743290935	0.00399409824642767	0.0173982076242715
2445	chr11	20941203	20951100	9.47469008991946	9.2819280557843	9.64470605073489	-0.288355465886945	0.00400058443170249	0.0174224625812945
13645	chr5	44239981	44251869	9.64245389656342	9.49941358465861	9.77258259196925	-0.229622516644029	0.00400252577836661	0.0174263997549402
4156	chr12	91424613	91435216	9.23113655714085	9.40912522985826	9.02805723209938	0.298616772792926	0.00400332488179246	0.0174263997549402
12993	chr4	126997923	127008042	9.97528274663567	9.79973549470784	10.1317679182318	-0.266634045484946	0.00401179262933413	0.017459255288267
13150	chr4	137267966	137286268	10.7822338011402	10.9252856786404	10.6234202803381	0.24816173692256	0.00401476093747488	0.0174681677744924
1118	chr1	166222347	166236888	9.56380173139996	9.71204811549679	9.39855890194641	0.254670170848688	0.00401778939074386	0.017477337805851
7449	chr16	92367513	92378614	9.48049558012909	9.63554023464178	9.30675958771831	0.26638633772505	0.00402724394533336	0.0175144506962608
15403	chr6	128017866	128042933	11.6441103610214	11.7608609337779	11.5170731540283	0.209039559270503	0.00403923993174715	0.0175596389417477
10878	chr2	144203360	144209691	7.96933303534771	7.66607228129594	8.21978699302022	-0.387666392157559	0.00403948488432849	0.0175596389417477
8157	chr17	72879700	72886136	8.95610803357404	8.74014797234284	9.14390995054459	-0.309778899129792	0.00404054140548962	0.0175602096026534
5795	chr14	60075182	60094946	10.1255172316547	10.2446640359327	9.99563749698058	0.21261999772798	0.00404711693678883	0.0175847601518579
10891	chr2	145672512	145678271	8.82841432123462	9.01250546061098	8.61734882466792	0.304506698917554	0.00406088960671389	0.0176369618139935
7192	chr16	32814812	32820255	8.15942230742062	7.95186667276686	8.34083879693401	-0.303292676779669	0.00406098967949585	0.0176369618139935
6107	chr14	119095466	119102474	9.01981250435703	9.20526093366531	8.80696010937468	0.307387307515134	0.00406481610712506	0.0176495412713628
13584	chr5	35750074	35776153	11.3178051674916	11.4258631689132	11.2009935411842	0.195693215692316	0.00406803614528743	0.0176594826169739
10888	chr2	144507764	144526887	10.3172911779314	10.1746580006454	10.4470828825954	-0.228843158510679	0.00407485477439623	0.0176850374487231
2602	chr11	44408455	44421453	9.79914092128289	9.92958599217513	9.65571818984256	0.228686454426619	0.00407944708537732	0.0177009204923128
11545	chr3	60003345	60028812	10.4635645137953	10.2593418704369	10.6424304905627	-0.298368165551359	0.00408865555672298	0.0177368214425247
13209	chr4	141326739	141333004	9.04300402492807	9.19464595706687	8.87353034801328	0.260907333455723	0.00409807283928951	0.0177736116126315
16326	chr7	112921138	112935340	9.79673605776831	9.94010928301148	9.6375263010854	0.24726059209268	0.0041034450879345	0.0177928454018526
13825	chr5	90479596	90489214	8.75375272655193	8.923019089778	8.56195402758273	0.28633092002275	0.0041261849870675	0.0178873606371754
11675	chr3	87308597	87351039	11.4175425390672	11.2474634604068	11.5696688824401	-0.261072732094155	0.0041384414215613	0.0179362441658245
15504	chr6	145505231	145510425	7.92883159040186	8.12823806644932	7.69737439459182	0.325609004285731	0.00413935135920286	0.0179362441658245
4639	chr13	36638835	36654631	10.3420024187972	10.1893967233577	10.4799987933949	-0.240090168907201	0.00414617851383239	0.017958254284225
5577	chr14	32767141	32779859	9.51797437603343	9.34359712187925	9.67352940526936	-0.26837511942605	0.00414632331911449	0.017958254284225
15931	chr7	67456694	67478317	10.3651402660406	10.2351689443872	10.4843641329605	-0.211944339566944	0.0041494177163999	0.0179675562034118
17723	chr9	41477775	41481418	7.55736409768758	7.77204431121028	7.30505798676777	0.343681724567042	0.00415044530750244	0.0179679063620184
5461	chr14	21488463	21500292	10.387610520245	10.1741084049863	10.5735517305628	-0.30736209465582	0.00415285109194867	0.0179702567263696
3459	chr11	108645686	108649241	7.28589897564745	7.53347493648564	6.98685234739508	0.378755326693698	0.00415288192222231	0.0179702567263696
6648	chr15	82946776	82972152	11.3885889987917	11.506891685776	11.25971177549	0.210671507792746	0.00415599809997978	0.0179796416547792
1873	chr10	75440296	75471383	11.120034689415	10.9479624655856	11.273753262758	-0.262981029386725	0.00416409500994952	0.0180083030370367
1633	chr10	40715611	40743561	10.6873789829427	10.8170152999841	10.5449334661483	0.227874877398538	0.00416452089306888	0.0180083030370367
13848	chr5	92999943	93010952	9.7576568451963	9.91856885797117	9.57651776895504	0.273992667277297	0.00416554686420984	0.0180086364318539
13017	chr4	129130901	129145474	11.1782378156795	11.0091214560204	11.3295936691995	-0.259821649017911	0.00417404748207849	0.0180412769670616
11461	chr3	51213597	51223892	9.85391984695844	9.71781898587233	9.9782808008413	-0.219960887321028	0.00417622615675208	0.0180465838408465
891	chr1	151026498	151035136	9.22910815554825	9.39920842525247	9.03623770140583	0.286756117921036	0.00418875303163948	0.0180944467349557
14506	chr6	17602232	17607821	7.76995622243498	7.50000365797604	7.99726995315176	-0.360170536505946	0.00418920907073057	0.0180944467349557
14617	chr6	38086301	38091815	8.25451857914966	8.42406536626176	8.06235963112742	0.286875488991283	0.00419353677184248	0.0181090180643455
10890	chr2	145178536	145184883	8.13694005268225	8.36333396250765	7.86828485153759	0.354423218044835	0.00419767279112745	0.0181227092604859
88	chr1	33703043	33717470	9.86921976308474	10.0082993712617	9.71528800303579	0.241844090825208	0.00419884696256714	0.0181227092604859
8886	chr18	80357637	80374044	10.7729511357308	10.9114536265781	10.6197261423851	0.241308701950185	0.00419957191251473	0.0181227092604859
18052	chr9	64509105	64515029	8.18342001329018	8.37465570508883	7.96290463427178	0.313452233151581	0.00421422249469917	0.0181817978465323
7373	chr16	78212063	78221789	8.76302567611668	8.91569601707455	8.59226618107683	0.26224701469872	0.00422811978797728	0.0182376103309138
15470	chr6	136853290	136861691	9.70523289664761	9.45958075511122	9.91507992897257	-0.336576167801319	0.00422910628083434	0.0182377205416848
680	chr1	120337473	120347644	10.589459129609	10.7612231729986	10.3944461192765	0.288800899850715	0.00423138583560796	0.0182434056733311
14433	chr5	148788941	148808032	10.1278147743684	9.96444667726184	10.2745508031321	-0.254206370737409	0.00423382410570244	0.0182497723602377
8174	chr17	73572920	73605917	11.1087396483345	11.2156966582979	10.9932136556621	0.19362442959273	0.00423824882522163	0.0182646967424798
17385	chr8	120993703	121000267	8.42252997076912	8.65717118347854	8.14217064423895	0.365310795002598	0.00425044429205699	0.018313094714858
5373	chr13	114399595	114412844	9.51884403708793	9.71753766625867	9.28834723052671	0.324221406020224	0.0042582253058829	0.0183424553064801
16444	chr7	126208521	126231953	10.925940753264	10.7912285055971	11.0491414394833	-0.217932752949972	0.00426150899144445	0.0183494576981767
6533	chr15	76299731	76315623	9.9246355677382	9.77933308618701	10.0566335298756	-0.230718114472929	0.00426178457945956	0.0183494576981767
10341	chr2	75313417	75323894	9.25198634591967	9.39524368714481	9.09291950204261	0.247634600710022	0.00426515953834967	0.0183596207413097
9657	chr2	6264212	6278213	9.77914096535768	9.62325686390087	9.9198121120704	-0.242983721963689	0.00426607974441096	0.0183596207413097
16296	chr7	110900981	110915085	9.90404824620118	10.0385773757834	9.75567221526992	0.234717478910838	0.00426771059262822	0.0183601119236063
10142	chr2	58924061	58942907	9.76298598436295	9.61808068797717	9.89465613333472	-0.230583107676529	0.00426812865835666	0.0183601119236063
15073	chr6	89212158	89217193	7.85721960544344	8.04229005249274	7.64486522275102	0.308069407294787	0.0042694078242875	0.0183614527752442
1924	chr10	77739460	77744561	8.14875382232652	8.36899174635892	7.88873031753685	0.349505005183833	0.00427153403315206	0.0183657674530245
17349	chr8	119735129	119740604	8.56849351532745	8.73640008482232	8.37843942162734	0.280487288090119	0.00427234645160984	0.0183657674530245
8888	chr18	80550763	80572376	10.2725287780564	10.1075642628822	10.4205511655472	-0.254868306806008	0.00427911918287209	0.0183907162526561
575	chr1	91325816	91352151	11.2166767383817	11.3469989582974	11.0734025253173	0.229088901136167	0.00428014146468396	0.0183909451795872
4077	chr12	82144148	82159620	9.95783949650147	9.8233585600698	10.0808467093781	-0.216696615714832	0.00428428468021197	0.0184014002272166
16195	chr7	99984943	99989850	8.19962861353608	8.0052698500127	8.37088507565067	-0.289809832645802	0.00428456889235558	0.0184014002272166
18957	chrX	159409876	159421234	9.63494524505478	9.42705174402792	9.81661970089012	-0.301043306999255	0.00428548337658977	0.0184014002272166
1001	chr1	156996701	157002578	8.50186221841425	8.66558713409908	8.31714972619692	0.279108572072451	0.0042866575431924	0.0184022785596581
15110	chr6	91619798	91625504	8.07570085624467	8.25255625295726	7.87409606953961	0.296948806057313	0.00429758503423017	0.018445017269257
9801	chr2	23572476	23588249	9.7958964460766	9.64103205048657	9.93573682161251	-0.242769251374233	0.00430110566674091	0.0184559539789906
4667	chr13	38094526	38098040	7.61829762394736	7.82282582390794	7.37990723482634	0.33255997931711	0.00432374995154276	0.0185489263856985
477	chr1	80227519	80234276	8.43336634063849	8.23412518390845	8.60840085673407	-0.290205281032251	0.00433146095435616	0.0185778073339493
13856	chr5	93258578	93261521	7.40367499073651	7.65599436644808	7.09767168738901	0.385625035679262	0.00433367433616087	0.0185789596614813
11936	chr3	106894809	106902139	8.72776846049197	8.55418838535118	8.88268896019729	-0.263797080041466	0.00433368746621938	0.0185789596614813
7582	chr17	5603532	5611088	8.49538188988397	8.6712723613167	8.29503049730766	0.29082042466572	0.00433934814941801	0.0185990263161257
16809	chr8	33815448	33826214	8.92956697739158	9.09971175267488	8.73663928387908	0.28493884510944	0.00434209637339241	0.0186066035381834
13948	chr5	107342965	107352408	8.89914431373191	8.72049465834018	9.05808933963581	-0.272527947215913	0.00434529174020053	0.0186160929880961
15031	chr6	87291511	87302256	9.04407786661317	8.8847533565926	9.18754412709952	-0.248708026867332	0.00434729315469778	0.0186204641803225
14579	chr6	31612714	31615097	7.40769865701861	7.62258125805087	7.15511275546489	0.345538906134753	0.00435179799707436	0.0186355537424355
16403	chr7	121872159	121891655	10.0876863807385	10.2393692633466	9.91816154292349	0.259919570411372	0.00436562553138386	0.0186905497315891
18555	chr9	120692830	120699121	8.29418358244546	8.48044564440863	8.08025815506934	0.305020504902588	0.00436728856123101	0.0186934527748316
1221	chr1	179914881	179919081	7.70610184976194	7.91296175295424	7.46453580095455	0.331367829794991	0.00436938620876389	0.0186958642994273
12841	chr4	116138294	116146914	10.0052806348865	9.80583665713821	10.1804716064256	-0.291854021180961	0.00436988605311384	0.0186958642994273
13717	chr5	66717773	66734720	9.79682969301548	9.97655777124314	9.59148198199855	0.297817957594555	0.00437080720251642	0.0186958642994273
9772	chr2	19112930	19138805	10.636450324865	10.4935179133933	10.766489726574	-0.228017403109806	0.00437339589423522	0.0187027220992993
15945	chr7	68375217	68380180	8.45332736868274	8.63941216123583	8.23963584676116	0.305543399982806	0.00439501695741345	0.0187909499515093
4894	chr13	55170409	55175655	8.95985091934827	8.7921872222907	9.11004241384122	-0.256225374002821	0.00439754874292722	0.0187975399982017
16448	chr7	126322779	126329598	8.86432671665814	8.65767427651651	9.04505307946357	-0.299561722960184	0.00441012513306294	0.0188470535691064
4831	chr13	51849458	51855652	8.99224349173756	8.79984586064575	9.16197600517184	-0.285187947097589	0.00441687008351986	0.0188716292920134
15074	chr6	89231788	89241460	9.16535841910793	9.31637525199752	8.99666529597797	0.25902045542564	0.00442891064139981	0.0189188150040799
17233	chr8	106382161	106415379	11.1950822767207	11.3046370016011	11.0765195021616	0.196862353087667	0.00443654256669858	0.0189464584152062
4238	chr12	104634654	104640908	8.75588937996579	8.96428083477189	8.51223082494123	0.33393632865453	0.00443737855817438	0.0189464584152062
7604	chr17	7813438	7837010	11.1857117380407	11.296974519582	11.0651457322702	0.199480008994721	0.00444707030008033	0.0189817290476334
5060	chr13	91432585	91441181	9.4144887208082	9.20732653763591	9.59560466957228	-0.298770921783776	0.00444763944753811	0.0189817290476334
2426	chr11	20155164	20159906	8.31759361787429	8.12377491975204	8.48843077540882	-0.284101240886243	0.00444874208552004	0.0189821663761432
15025	chr6	87154053	87177465	10.8256400883083	10.93573047355	10.7064496387681	0.198159283119798	0.00445532247576547	0.0190059710648579
5307	chr13	109750197	109754354	7.98632991889621	8.16732147600077	7.77933052710241	0.300436662969814	0.004477632261815	0.0190937889619286
7268	chr16	43481837	43489185	8.48320691602162	8.25397575474448	8.68095985871168	-0.321431245755603	0.00447792057903705	0.0190937889619286
11655	chr3	86038446	86042027	7.77450683897212	7.98001861749322	7.53477834459782	0.331835643326879	0.0044811650223681	0.0191033313026784
8204	chr17	79072879	79100846	11.4166094255528	11.2129593670776	11.5950361935501	-0.296525802463953	0.00448320228232384	0.0191063919107929
15735	chr7	30814374	30821237	9.24083139377589	9.08274467402336	9.3832934191028	-0.244555452377556	0.00448389638920236	0.0191063919107929
3779	chr12	31072770	31075990	7.94226813949559	7.71183421704187	8.14091506422288	-0.322451722697938	0.00448545184155809	0.0191087296298386
10579	chr2	105420788	105428454	8.78481714077856	8.93681031348132	8.61490454016819	0.259655261671896	0.00448671686571549	0.0191098293075436
551	chr1	89486216	89492833	8.26914558022191	8.49673985415468	7.99879692593935	0.353809343604302	0.00448931649928779	0.019116611586265
11425	chr3	37333398	37361608	11.5082067206432	11.3264015168642	11.6696440370737	-0.273216439993966	0.00449284138472352	0.0191251682786373
2567	chr11	34836083	34850237	10.060384791988	9.92878788919858	10.1809749495993	-0.213591428898709	0.00449334134329753	0.0191251682786373
10397	chr2	84586795	84605344	10.341594252235	10.4718781700721	10.1983663380351	0.228525541156517	0.00449793379077946	0.0191404227388348
11430	chr3	37729525	37738513	8.95431096154499	8.7804746949873	9.10943545026732	-0.264142940476243	0.00450151500554881	0.0191513681439836
7073	chr16	23255529	23270330	9.57980321380933	9.40981506009924	9.7318568270783	-0.258793347886758	0.00450785826423378	0.0191740569244493
1590	chr10	34222859	34230696	8.8573956023382	8.65549066618973	9.03448184898331	-0.294313723227312	0.0045168828048424	0.0192081377443657
708	chr1	130540452	130544508	7.7973124340819	8.0244470014333	7.5276127273655	0.356462461698289	0.00452047211761355	0.0192190950538055
1659	chr10	42139840	42145779	8.42054892057611	8.61708731833713	8.19294900831629	0.320340561301273	0.00452827650990942	0.019246018204364
8125	chr17	65629300	65633197	7.73423205268003	7.9341652830144	7.50206446632113	0.322754215384853	0.00452883277837029	0.019246018204364
8618	chr18	39988475	40022401	11.0616872344127	10.892240307802	11.2133077538955	-0.259377977828273	0.0045337125213523	0.0192624423422309
927	chr1	152582052	152589345	8.76491281092141	8.91489494199825	8.59751003782156	0.257387719422461	0.00454083687988522	0.019288393720533
6882	chr15	102723449	102742781	10.8282892073445	10.7079767534742	10.9393360404225	-0.199352353982397	0.00454303038227451	0.0192933930689613
3552	chr11	116692037	116700319	10.3150911148811	10.1613183287579	10.4540409560928	-0.239888039282053	0.00455236829113061	0.0193287243394559
1033	chr1	161542158	161561845	10.0808171346424	9.90733080721195	10.2356629727137	-0.26367413250892	0.0045539677969392	0.0193311909680405
10683	chr2	121583754	121595385	9.1397684186361	8.96436644018588	9.29613817215048	-0.268835805005238	0.00456913139715264	0.0193912220005725
13760	chr5	73934978	73938255	7.56099564523223	7.76505527115062	7.32324196900284	0.3278779339243	0.00457909261799041	0.0194291524249586
13836	chr5	92319269	92333057	10.1866791661773	9.98552552563166	10.3631874189785	-0.293711937638521	0.00458115866671502	0.0194335740580207
51	chr1	17094024	17101463	9.66250209034095	9.51177909830339	9.79895741290061	-0.237687166542701	0.0045829247663616	0.0194367215957043
4114	chr12	85456164	85473742	11.2920882964135	11.0679905670968	11.4860110338238	-0.315947949099371	0.00460817417758822	0.0195394409554171
12433	chr4	43720702	43739766	10.4756581397831	10.6187603399934	10.3167825818831	0.246587479577657	0.00461404094916433	0.019559947101673
17995	chr9	62088321	62145478	12.3771780443011	12.1972180000627	12.5371592160253	-0.271070947186485	0.00462436569613334	0.0195993382194986
7525	chr16	95751650	95779231	11.3766704618492	11.223164949544	11.5154020746946	-0.240530349936876	0.00463192292458876	0.0196269848595155
11107	chr2	164571516	164596042	10.5219841551942	10.6677826307272	10.3597775886209	0.249549295208455	0.00463476411221132	0.0196346401976916
15290	chr6	119261671	119265680	7.99665561172734	8.20745785315298	7.74969260377473	0.336936000734653	0.00463582792184373	0.0196347641438679
12798	chr4	108675874	108679066	7.56155858171302	7.76705311679621	7.3218535646526	0.330666351082811	0.0046375273446746	0.019637579534712
12837	chr4	115105618	115114918	9.09618470070504	9.24248673105107	8.93335449240319	0.251112578883852	0.00464608618885023	0.0196694333656454
1960	chr10	79644927	79657216	9.9439475444727	10.0594214283665	9.81842060200065	0.20614641424971	0.00465521843881809	0.0197036999889225
14076	chr5	117084044	117088961	8.12556904372633	7.8994832146436	8.32097798557919	-0.319515357133864	0.00466861093755921	0.0197559792606324
7634	chr17	12481478	12485687	8.15246179449553	8.36030353847977	7.90955489528623	0.335871598094775	0.00467171310327881	0.0197646997296319
1765	chr10	60405575	60416566	9.21841514559144	9.02383123469146	9.38984632888644	-0.288752676315726	0.00467634045358816	0.0197798674991419
17816	chr9	48813679	48817392	7.32182698292924	7.53453177895055	7.07224688625901	0.339648600144896	0.00468620125258837	0.0198158726387383
9898	chr2	28696521	28709376	9.69360578532593	9.51208840547002	9.85481617898903	-0.273669801619058	0.00468694094922263	0.0198158726387383
5938	chr14	69998359	70019265	10.8350326232925	10.7209685971028	10.9407354176805	-0.190335636398216	0.00469064134210407	0.0198271006752323
17418	chr8	122155581	122175084	10.0256630779023	10.182525761979	9.84964047827061	0.266456294830123	0.00469692555913362	0.0198492429718987
10345	chr2	75516051	75526374	9.23907826812389	9.38388991857198	9.07809245134424	0.249454097327531	0.00469864286171274	0.0198520798914617
13466	chr5	29504486	29509496	7.89777723439737	7.62532253016152	8.12686097829486	-0.358615879543663	0.00470703845956299	0.0198831255116951
3096	chr11	84129684	84157539	11.1295017766584	11.0029915324132	11.2458071661768	-0.206848907035791	0.00470816325285551	0.0198834513520126
3022	chr11	79178219	79184277	8.15253395435178	7.89010377634751	8.37449462939297	-0.350543572086799	0.00471366390029844	0.0199022529841522
1123	chr1	166319782	166327905	8.73519922161428	8.91600193420132	8.52844690873316	0.296865410899691	0.00472062608545152	0.0199272158531549
9113	chr19	16505563	16514744	9.04845610177651	8.89222440675111	9.18941019529908	-0.244105887557227	0.00472596237142375	0.0199453057254283
15518	chr6	146111990	146127917	10.0288072900499	10.1665437778223	9.87651941170295	0.238937343814578	0.00473752349826871	0.0199842468126388
15593	chr7	16616064	16628889	10.102406289474	9.97013363503603	10.2235635791113	-0.213040984532936	0.0047383352630018	0.0199842468126388
2695	chr11	54250506	54260533	8.93657581130887	8.7671593197208	9.08817196778148	-0.260338034331689	0.0047383482089085	0.0199842468126388
7023	chr16	20817380	20829661	9.25375092501959	9.41735666417176	9.06919015184131	0.275823528169946	0.0047420793681771	0.0199955397308672
17973	chr9	60766750	60772281	8.14131357074438	8.35113633558024	7.895694705513	0.335036121790138	0.00474777033183416	0.020015089544176
14725	chr6	49724651	49733994	8.94656893683378	8.74141049583468	9.12615206688205	-0.298886140409952	0.00474951457313514	0.0200179962432893
15180	chr6	100438364	100449130	9.97354135747738	9.82086773270002	10.1115932660627	-0.238595194441092	0.00475980230650724	0.0200569023035526
12281	chr4	8220922	8249318	10.835302300142	10.7001052179266	10.9589083269051	-0.217886176618018	0.00476105993452146	0.0200569232016902
18450	chr9	110998024	111045281	12.0891918152174	11.9549799018506	12.2119739401517	-0.216683957449518	0.00476192085709552	0.0200569232016902
8884	chr18	80301433	80304643	7.87226004230173	8.06544057360099	7.6491533738765	0.315708356044128	0.00476925857168579	0.0200833721837197
4747	chr13	45176713	45198707	10.3961852835699	10.5405199887221	10.2357888018629	0.24792908686673	0.00478406559574718	0.0201412557545887
4620	chr13	33183615	33199002	9.64660887434644	9.47079378813968	9.80330678249054	-0.266655840528882	0.00478570241949977	0.0201436784696576
2120	chr10	96894949	96898751	7.36265723702839	7.60232839622676	7.07507957119364	0.371580763433232	0.0047932642866716	0.0201710339017163
13643	chr5	44011952	44018965	8.4851084650178	8.64689223587237	8.3028636277945	0.271795435156044	0.00479547633059534	0.0201758690486298
4166	chr12	98366535	98377719	9.12894056833965	8.97856441009746	9.26511159727765	-0.237078443944761	0.00479929779255298	0.0201874718095884
1432	chr10	13477070	13496758	10.4552418888434	10.293505554026	10.6006604190006	-0.249305415822744	0.00480068966440522	0.0201888520143467
1505	chr10	20799516	20812446	9.28639667496907	9.12802602948507	9.42908919085369	-0.245621147024135	0.00481739512876767	0.0202546172239436
4644	chr13	37217867	37230171	9.19908118468989	9.02731959174183	9.35255186981097	-0.261730753286292	0.00482180918197675	0.0202686858172175
2732	chr11	58230136	58261867	11.2882748741817	11.1624113978497	11.404033457628	-0.205462789489029	0.00482360439313374	0.0202717422004618
12529	chr4	53157221	53164099	8.95649246053458	8.75811319203987	9.13086168414982	-0.288278461264386	0.00482644921792501	0.0202792073736991
9549	chr19	57288351	57296771	9.10953904950828	9.26324303619129	8.93748510767939	0.263046132667235	0.00483089982905957	0.0202927039271596
8979	chr19	5931843	5938795	8.60330603835677	8.4080284429831	8.77527523749426	-0.286384659325531	0.00483179983386027	0.0202927039271596
8684	chr18	56890907	56901743	9.12254934371071	8.95796241502151	9.2702677122986	-0.251289931595744	0.00484168307108167	0.0203255842546201
14768	chr6	51494287	51509442	9.71843494652007	9.56826752797792	9.85443481519816	-0.236339254628781	0.00484177071579839	0.0203255842546201
17350	chr8	119748070	119757329	8.82328247361314	9.03116779906029	8.58031600734027	0.332638184716621	0.00484802183192531	0.0203473255966631
5922	chr14	67205376	67209336	7.60254883874149	7.81907681485402	7.34768481255094	0.341115480571557	0.00486173370824205	0.0203973825927706
2387	chr11	6283928	6289937	8.14592147564182	8.34929582629474	7.9090980949589	0.327786919812303	0.00486209804782625	0.0203973825927706
15925	chr7	66458424	66466367	8.53058929710361	8.72611353180409	8.30434904020399	0.31517398770039	0.00486355651172449	0.0203989920521589
11782	chr3	97109845	97117640	9.1775274557394	9.00902796810193	9.32838912312455	-0.256581546514986	0.00486549199349036	0.0204005548722129
5260	chr13	107263494	107268249	7.91941622051753	8.12567624514629	7.6786683342028	0.32794970288291	0.00486653470791452	0.0204005548722129
5376	chr13	114799627	114810918	9.23383236875598	9.38824618276801	9.06088829077501	0.263048454443205	0.00486715382588019	0.0204005548722129
576	chr1	91400063	91413244	9.54556104359051	9.37942206339183	9.694528150141	-0.254487956065945	0.00487069130781614	0.020410874438296
14695	chr6	48504119	48518745	9.75361593008094	9.59704143806919	9.89484894483948	-0.24297101687424	0.00489377428773078	0.0205030777498548
7185	chr16	32552288	32573904	10.5204250051037	10.3864956769311	10.6429706118068	-0.214985877887904	0.00489794160765249	0.0205128596254224
15703	chr7	28677938	28694007	10.0332305115302	9.90193763932167	10.1535653486977	-0.212015955863306	0.00489970915911904	0.0205128596254224
13358	chr5	3224982	3234731	9.04403693959519	8.86693868748481	9.20175306402381	-0.268870608284594	0.00489997133035668	0.0205128596254224
13933	chr5	106780253	106797006	10.0466036134461	10.188286659053	9.88947571741625	0.244357671251599	0.00490043234847279	0.0205128596254224
728	chr1	131686783	131701004	10.1339643342194	10.0052497542322	10.2521299731864	-0.20920271703674	0.00490235629043824	0.0205141708714541
8497	chr18	32902912	32938770	11.248868988458	11.1077811836977	11.3773799840083	-0.22496543827758	0.00490290737514705	0.0205141708714541
17613	chr9	21358905	21366486	9.01426605538312	8.83941226854145	9.17020008915868	-0.263394318499131	0.00492752429574518	0.0206118219677129
11363	chr3	19632966	19644775	9.30480306929837	9.16017212512982	9.436246687939	-0.22928187302627	0.00492841815108706	0.0206118219677129
200	chr1	40555601	40584013	10.983764236264	10.8598186348481	11.0978987004234	-0.202761095970557	0.00493935008148036	0.0206496837882636
18489	chr9	116350412	116360736	9.34163067901869	9.14020359347949	9.51834936275633	-0.290117914700135	0.00493964721000667	0.0206496837882636
4039	chr12	78894987	78917624	11.2231066032151	11.0821401079954	11.3515169586701	-0.224457826228092	0.00494413044184462	0.0206638739607507
13439	chr5	24962669	24972772	8.97345047994716	8.77698119646863	9.14634287098846	-0.287468415168542	0.00494774427103658	0.0206719479484788
8619	chr18	40023767	40078767	11.6368062952964	11.5178011520845	11.7467385843023	-0.196622480844678	0.00494824066230777	0.0206719479484788
8985	chr19	6185748	6189273	7.67626378110361	7.88558142890215	7.4313372462271	0.32969153500434	0.00495236175755449	0.0206829861428905
11559	chr3	60721553	60730927	9.74316894871189	9.94451107709769	9.5090982984962	0.32351850472545	0.004953062438455	0.0206829861428905
15636	chr7	19962984	19968942	8.51206812869025	8.70089516357908	8.29475076425434	0.30514235782839	0.00497144907227364	0.0207524030025156
13550	chr5	34047841	34065008	10.1015767936172	9.97027783065548	10.221916746682	-0.212992481751263	0.00497187293600497	0.0207524030025156
17281	chr8	114945866	114949447	7.51827595311889	7.72635858214433	7.2750397593818	0.332004393660691	0.00497592922618657	0.0207647671028573
15238	chr6	114421833	114427610	8.26711807210904	8.43835081934575	8.07278986299369	0.28356098512808	0.00497723278766959	0.020765641036971
17546	chr9	7946466	7952355	8.25968958723987	8.43953217102061	8.05419232648506	0.2954134251868	0.00498038300518044	0.0207742173747955
5381	chr13	114937308	114945432	9.32061989868397	9.51349085739389	9.09792624796677	0.313871326490771	0.00499175361848679	0.0208170713964537
9077	chr19	12458518	12466401	8.92305169651871	8.73589256103114	9.08869538476892	-0.274662068173805	0.0049952094451671	0.0208269068672729
9685	chr2	9777377	9796633	10.3286370691996	10.449134257275	10.1971508863584	0.212218200623109	0.00499822708905277	0.0208349114700489
17646	chr9	31431132	31438162	8.30693571846614	8.53325532023156	8.03838523827987	0.35366511252579	0.0050052226715375	0.0208594907955885
7549	chr16	97470038	97477468	9.09543754071552	8.92494640707672	9.24789338001868	-0.257300442176035	0.00500876858058905	0.0208668311554102
3615	chr11	119166995	119207168	11.8196615780899	11.6945754145679	11.9347623880849	-0.20465059516902	0.00500918292555187	0.0208668311554102
2522	chr11	31950242	31963992	9.85252903859104	9.70654935300233	9.98508554524167	-0.230360107703734	0.00501523450080361	0.0208874556925064
585	chr1	91648891	91653841	7.95830491011441	8.20164391316563	7.66542476976155	0.368807338238442	0.00502772149340399	0.0209348675347333
17709	chr9	40726573	40732183	8.80363970947527	8.60266107213527	8.98001325065522	-0.29131330147569	0.00503120109953037	0.0209447610590013
13156	chr4	137462632	137491090	10.8482476616126	10.9914388358924	10.6892624059623	0.246324064681034	0.00503717292199572	0.0209650230014379
17828	chr9	50733731	50750511	10.0613594537612	9.8785714194499	10.2235710320752	-0.271944091624291	0.00504372720445603	0.0209861720846498
16037	chr7	81240794	81253353	9.6216869836802	9.77652435048228	9.44821129237477	0.261358018983468	0.00504446583329851	0.0209861720846498
12871	chr4	117879166	117884465	8.21039239458674	8.00132066837781	8.39296561106821	-0.298747591464503	0.00505106487231361	0.0210090204277098
7265	chr16	38701408	38711836	9.26790393243566	9.39853079566081	9.12426137531006	0.22848648674249	0.00505403394110779	0.0210167638405532
17455	chr8	124150566	124155695	8.18144045552818	8.36960927631694	7.96499485430977	0.305938842073962	0.00505909511196783	0.0210332017809502
3765	chr12	26172227	26180704	8.84698723748494	8.67127259616816	9.00360537213987	-0.262356097123635	0.00507493343931669	0.0210926058064651
16419	chr7	122957444	122965258	8.48509241807373	8.29502579894453	8.65300876066899	-0.27893266723462	0.00507560623416019	0.0210926058064651
16854	chr8	35860387	35867834	8.98658180249132	8.79498552614832	9.15569054190281	-0.281987507588025	0.00508224120779083	0.0211125080177779
6586	chr15	79249399	79270141	11.5819400035409	11.4612476104264	11.6933104020985	-0.198467994794588	0.00508358514653275	0.0211125080177779
12566	chr4	57702628	57705300	7.20815537710458	7.45019705209936	6.91715450906171	0.367643272252982	0.00508373263297566	0.0211125080177779
7640	chr17	12697924	12707828	8.68175241544249	8.48497480006774	8.85488344865028	-0.286017940047805	0.00509154656274668	0.0211403330156135
8571	chr18	38131090	38135856	8.4288750222533	8.62582186915711	8.20072688310089	0.315678831933495	0.00509327920281225	0.0211429015726539
8873	chr18	79543191	79555840	9.48336848647047	9.6220767640778	9.32989154852854	0.239848760658987	0.00509693752256442	0.0211514210353415
14722	chr6	49690264	49697062	7.85669500790891	7.63472893895224	8.04902023886008	-0.31619490308746	0.00509756045184953	0.0211514210353415
9887	chr2	28090700	28101363	9.07519416656545	9.25579702478689	8.86870325628299	0.297379017103506	0.00510480365327237	0.0211768455815205
8052	chr17	48599420	48602687	7.13393999282749	7.41836268856269	6.77932291194384	0.401228167501393	0.00510671724782241	0.0211801544244802
11292	chr2	181484184	181492452	9.42945179817852	9.59831223729267	9.23817428998135	0.281329737652079	0.00511664481270493	0.0212166925716248
16919	chr8	60870775	60879385	8.8370575466756	9.00858922141642	8.64234411326997	0.284190140809851	0.00512123908708205	0.0212311045508367
4155	chr12	91414823	91422934	8.80748771344359	8.96653630116871	8.62870718172698	0.268992209703163	0.00513513329317868	0.0212840565126093
17757	chr9	43357039	43360076	7.45631704823697	7.70102422781437	7.16145051534062	0.367803972681485	0.00514082648774157	0.0212999044227059
18541	chr9	120137330	120171728	11.4796015251699	11.5812104684586	11.3702903787807	0.183613652702258	0.00514120144161525	0.0212999044227059
5248	chr13	107101268	107104976	7.45733264724722	7.19959752269624	7.67592791463411	-0.344687179022295	0.00514489679635055	0.0213105622649361
3677	chr12	8896097	8901793	8.41764289207227	8.58571174622594	8.22738078555355	0.281584074961043	0.00515325938384772	0.0213405432786484
9059	chr19	11294827	11313229	10.153628953906	10.0033382022063	10.2897299575023	-0.23473909874735	0.00516064563821573	0.0213664689283805
14750	chr6	50940423	50946704	8.34560776915177	8.53917169882391	8.12198930113012	0.311280477760617	0.00516389064829783	0.0213752411371962
11713	chr3	89583862	89595489	9.45314083349108	9.60325044104691	9.28557920003443	0.254370080372527	0.00516887950853386	0.0213912263830057
1490	chr10	20175335	20186570	9.59330457324289	9.42733299110365	9.74213711250982	-0.255373123084813	0.00517845790764517	0.0214215788999384
8750	chr18	62170359	62185383	9.65016669055298	9.43940517210411	9.83402664002123	-0.299244575772902	0.00517847115195308	0.0214215788999384
16388	chr7	120771244	120774563	7.37423430794769	7.5968429302178	7.11089716636498	0.347702999417305	0.00518307554262741	0.0214359535244118
1706	chr10	44897698	44905849	8.79751715859557	8.62355671453307	8.9527404985997	-0.263845039165361	0.00518521638085172	0.0214401354449204
14274	chr5	137460719	137479149	10.2357680641999	10.3524829401981	10.108773124504	0.207119315753656	0.00518769506381366	0.0214457121795076
11466	chr3	51576065	51602547	10.8162938299116	10.7034735296576	10.9209277752716	-0.188117610694747	0.00518928655215604	0.0214476196588348
8298	chr17	85870768	85876572	8.70110016098575	8.86166422946296	8.52040200355273	0.271881018308243	0.00519478124158175	0.0214656549497017
16598	chr7	142180170	142187871	8.91396662624248	8.7511234487133	9.0602791243182	-0.25039955234674	0.00520787381588062	0.0215150712127989
4463	chr13	13390254	13401348	8.37855552358562	8.58682547262393	8.13506316977907	0.330071015341081	0.00520936271304494	0.0215152977960961
7316	chr16	49156824	49170323	9.8808585053546	10.0430757680099	9.69806325104132	0.272987096913863	0.00521019593607975	0.0215152977960961
10176	chr2	61350672	61356528	8.51373255258542	8.30556733911197	8.69561438790135	-0.300955234740659	0.0052135022164616	0.0215220376083233
11240	chr2	173834536	173863458	10.7271555218616	10.8769825554072	10.5599459877841	0.255102787804195	0.00521409604947944	0.0215220376083233
12037	chr3	122898659	122903196	7.73696511729308	7.96934686377152	7.45982842695738	0.359658058322128	0.00521580736471031	0.0215244200858528
472	chr1	79866227	79886918	10.0512277839246	10.1886638289166	9.89930716023118	0.236720976852971	0.0052295127601686	0.0215762875380956
18130	chr9	70799893	70806542	8.26487634519742	8.47790354143456	8.01485195259035	0.333017919577924	0.00524424262101035	0.0216323583360477
1259	chr1	181485884	181489899	7.74872916828139	7.95970130777039	7.5015327875499	0.331890201885532	0.00525036209555972	0.0216485466798547
17821	chr9	49794598	49801826	8.8901859165997	8.71928466550082	9.04296953440727	-0.260058283182838	0.00525044840968288	0.0216485466798547
1827	chr10	63207112	63213654	8.60528265186935	8.43595227092441	8.75680987239693	-0.257957554542341	0.00526388321995753	0.0216992266793167
16788	chr8	26271995	26275253	8.13536091415076	8.32777165462031	7.91328088357995	0.313089638760726	0.00526561529751158	0.021701653144728
15604	chr7	17028481	17043149	10.1258971692948	10.2415773725866	10.0001263579901	0.205478006135822	0.00527684418554926	0.0217432101167042
14942	chr6	73124124	73132030	8.6661058949024	8.82983983768985	8.4813819094688	0.272886587327219	0.00530050017765417	0.0218359437533532
43	chr1	16090215	16094953	8.99089510226943	8.82252614262927	9.14165215277058	-0.255293213033656	0.0053075514392582	0.021860247127969
15259	chr6	115444414	115477992	10.8924632408804	10.7763025094386	10.9999640563248	-0.192790058697252	0.00530919439344958	0.0218622695580993
673	chr1	120034619	120036734	7.10725548176954	7.35628626341572	6.80608121181959	0.374405344364893	0.00531366175388272	0.0218759189646291
138	chr1	37674341	37678807	7.97393213198206	8.18314850682864	7.72914433607625	0.328334203283275	0.00531745553101776	0.0218847592177778
13567	chr5	35105188	35122941	10.2414568230443	10.3561679091154	10.1168308446992	0.203865717929622	0.00531943920458065	0.0218847592177778
14597	chr6	34510744	34519036	8.83931984430135	8.99531510841658	8.66438904437261	0.263655688725784	0.00531986561374838	0.0218847592177778
5969	chr14	74999434	75010575	9.55555918559442	9.36330038566247	9.72518367706416	-0.280726402895725	0.00532042146745492	0.0218847592177778
7927	chr17	35497624	35507355	9.68598486793453	9.48646754321952	9.86123240948252	-0.288539118459061	0.00532795336115011	0.0219109917315857
11876	chr3	102950100	102965056	9.58217871191676	9.72103677403561	9.42851834261928	0.238917253758292	0.00533619739981558	0.0219401409122833
16667	chr8	4482473	4489383	8.52576991423217	8.69767073677501	8.33058051228225	0.282904595851588	0.00533926233637149	0.0219479878453529
1771	chr10	60655542	60659092	7.76405581621645	7.99053931436	7.49527434265129	0.346592089358924	0.00534798662930767	0.0219747589505441
12187	chr3	146335332	146351081	10.3409479076224	10.4721934435994	10.196556784493	0.229135185668291	0.00534809060501414	0.0219747589505441
5116	chr13	95033932	95053744	10.0909621157175	10.2314988210096	9.93524311918688	0.240834596095466	0.0053576478095763	0.0220092635883006
17219	chr8	105348413	105351676	7.77370436446566	7.49209025484848	8.00922301655474	-0.356539570784601	0.0053759136738755	0.0220795207999314
13135	chr4	136605313	136620726	9.9125304807495	10.0594105991493	9.74898372173517	0.250547649302988	0.00537849612346114	0.0220853478855839
12484	chr4	46256955	46317133	12.0956012619547	12.2102058307299	11.9711010118425	0.20333043277545	0.00538329751950366	0.0221002819862989
8136	chr17	70792535	70803648	9.59478535326942	9.72353810810466	9.45340606046266	0.224293309611535	0.00539039575847406	0.0221246369161071
10161	chr2	60730719	60740395	9.43877238330704	9.23393828999319	9.61810704089069	-0.293770415609182	0.00540645605439743	0.0221857577203046
16210	chr7	101027669	101036449	9.1351330103913	8.96261805489091	9.28920472461698	-0.258491625255145	0.00541070513290095	0.02219839444819
2039	chr10	86649831	86655754	7.86889932096561	8.07353098831943	7.63036827138459	0.323229767825866	0.00541757914044923	0.0222217926316373
1966	chr10	79837052	79849168	10.146225944696	10.0013077035512	10.2779067801042	-0.227475423008633	0.00542637394105736	0.0222530576982126
8560	chr18	37719857	37723732	7.80401179250784	7.99973430049403	7.57750589296512	0.313317014276739	0.00543400347542131	0.0222795316396675
4097	chr12	84680070	84683359	7.87959114412885	8.07072712495901	7.65920839987966	0.308893985108604	0.00545808930159935	0.0223734507246337
8412	chr18	12546780	12560268	9.21365725797897	9.06472807728022	9.34864088153612	-0.234974877421124	0.00546069541236302	0.0223792999851518
12504	chr4	47368339	47375739	8.36716915607902	8.17576535917788	8.53612797780895	-0.28284819069829	0.00546639082580834	0.0223978047243127
4358	chr12	113172155	113181060	8.95034098526726	8.79596958431438	9.08977932758822	-0.239612948716191	0.00547835339397245	0.0224419747602424
10850	chr2	132353351	132359470	8.53183654659761	8.6915107817142	8.35226489995491	0.266776294321276	0.00548057771626302	0.0224462417947682
11602	chr3	69505992	69511653	7.99340421971633	8.17993374595242	7.77912574933455	0.304404989450935	0.00548798572271841	0.0224717326928744
4055	chr12	80578626	80591102	9.18904645886252	9.37528717738528	8.97514919750177	0.302743195975632	0.00549168179466381	0.0224786051317879
8335	chr17	87184001	87189350	8.5916119325775	8.76721363081098	8.39163526882809	0.288324103585568	0.00549286643400236	0.0224786051317879
17520	chr8	127485272	127487925	7.38846420508291	7.59773817993308	7.1435975028315	0.334047177228623	0.0054932172717863	0.0224786051317879
11955	chr3	108001829	108008218	8.69862814552287	8.85742913016582	8.52016048702094	0.265199677224289	0.00549599939999319	0.0224851417573768
9751	chr2	17707133	17741574	11.5867549908578	11.4204350968584	11.7358674980082	-0.253384052728602	0.00549892485892489	0.0224922618313654
7440	chr16	92023890	92039755	10.6370303982741	10.496664626559	10.7649421568246	-0.223117775737172	0.00550370937847964	0.0225069813174241
10237	chr2	69887945	69895302	9.63063754137528	9.40876592621285	9.82289189126938	-0.309459850164076	0.00552611131547746	0.0225937239673517
5176	chr13	97875782	97882541	8.49261151173223	8.68652494092632	8.26852621896453	0.311669884653546	0.00553211359155553	0.0226133930334121
15991	chr7	78942781	78947378	8.06377181312704	8.28844687080726	7.7975356367473	0.344592824600186	0.00554286538584961	0.0226524638583203
16502	chr7	132359447	132363777	7.47267898800534	7.67833112780725	7.23275936405601	0.328861712941966	0.00554425451541613	0.0226532629597595
13893	chr5	100878506	100914740	11.6027809519516	11.7574903873816	11.4294658681036	0.261560877046206	0.00554559336139452	0.0226538563077715
18011	chr9	62738414	62747407	9.10904155693089	8.94085906186416	9.25964912835928	-0.252877482130298	0.00554878661795804	0.0226620230734292
10262	chr2	71116843	71126568	9.74507260394415	9.52154673449619	9.93856718396886	-0.310948467400693	0.00555347700099297	0.022676299484046
4662	chr13	37754986	37833917	13.2772219811069	13.0425451931351	13.4790121738091	-0.321761995229093	0.00555934708780093	0.0226953857559419
15131	chr6	97031083	97037028	8.30631954737574	8.46716842970716	8.12526048862589	0.270934392804004	0.00556240957880095	0.0227030046013039
7545	chr16	97294406	97304078	8.97584840467425	8.79548982831304	9.13614436823713	-0.26916653563921	0.00556424217169233	0.0227056014140075
1014	chr1	159843436	159851357	8.55383849446409	8.37888977424449	8.70984800551754	-0.263758156517862	0.00556545454511553	0.0227056667695072
8875	chr18	79591099	79602119	9.51263065484845	9.67177315874771	9.33373141810967	0.268831242464788	0.00557325539570671	0.0227318462760307
8801	chr18	67733725	67751132	10.4347252740702	10.2913995786072	10.5650900816559	-0.226175707598147	0.00557426695656498	0.0227318462760307
120	chr1	36736239	36745808	9.59013129993421	9.44353457523635	9.72319631194166	-0.230243907231741	0.00557652953602595	0.0227361877689015
4263	chr12	107477746	107483583	8.73492102035111	8.89242103151515	8.5580952874043	0.267521224749485	0.00558163423610972	0.0227521125788502
3537	chr11	115736019	115741597	8.21859551967638	7.99869447403791	8.40936923837067	-0.307662323818923	0.00559181838715249	0.0227887311938516
16543	chr7	139366253	139388248	10.7439193146569	10.8497461076831	10.6297108729961	0.189883578254969	0.00559849967312053	0.0228110616780066
16741	chr8	15036199	15041088	8.50651994066594	8.32711217952518	8.66606461859343	-0.269624276089207	0.00560058264218969	0.0228125151750915
4256	chr12	106989682	106995333	8.25762300365433	8.43141051859144	8.05999659329102	0.285033730894671	0.00560126037809823	0.0228125151750915
11976	chr3	108740478	108764816	10.5051556623666	10.3854928178975	10.6156489066171	-0.19689365495414	0.00561670293442787	0.022869779812552
10053	chr2	38651055	38659612	9.56398118886822	9.41544253760394	9.69864396794291	-0.234194320221935	0.0056177308333483	0.022869779812552
14764	chr6	51273488	51278262	8.23551888798152	7.99488455968222	8.44169560500784	-0.323930847777996	0.00562167155052222	0.0228809145094062
2381	chr11	5991788	5996328	8.16354883956007	8.35383813404866	7.94429149088093	0.308220444201347	0.00562612964354164	0.0228916917364437
11628	chr3	83819209	83832804	9.78134287290326	9.90673886801699	9.64400119687211	0.218804575979583	0.00562673175354391	0.0228916917364437
8154	chr17	72782772	72796267	9.9395949592859	10.0722358490589	9.79351291342135	0.229020011349508	0.00563925016232596	0.022937704421514
14349	chr5	142542559	142551646	9.76076945387413	9.88296016147257	9.62726395828462	0.21443278928961	0.00564360648046852	0.0229505051195226
1064	chr1	162379189	162383080	7.60641742100281	7.80124662225347	7.38110768214101	0.313738717015005	0.00564628205128839	0.022956466806213
1042	chr1	161894072	161907437	10.1921012013605	9.98064288581094	10.3764909713963	-0.299693510787342	0.00565026547358141	0.0229677422195549
12802	chr4	108744024	108750600	8.495312182844	8.32035279924808	8.65133017131354	-0.261939948350954	0.00566375336692308	0.0230176392185938
6837	chr15	100818088	100829335	9.71947536718542	9.87689130797125	9.54275562218366	0.264176306252027	0.00567513184142196	0.0230589439559724
3958	chr12	72969380	72994304	10.7898405036425	10.899074572782	10.6716532243338	0.194852146994036	0.00567792037143563	0.0230653362006586
8860	chr18	77854560	77858983	7.85838887470556	8.04269018603137	7.64704693743175	0.299580701280453	0.00569293916546104	0.0231213979074011
11022	chr2	157558414	157565483	9.0253687961241	8.85196831067294	9.18014626112159	-0.261527808708327	0.0057025067227955	0.0231553006187282
17742	chr9	42792969	42829847	11.3621904701939	11.4861627256308	11.2265550784242	0.216938137860856	0.0057183331504952	0.0232145978317109
1261	chr1	181582998	181590866	8.91122677327287	9.07259828385952	8.72950504677352	0.267502003186751	0.00572012282626799	0.0232168971599102
6357	chr15	53518601	53525234	8.28499079653814	8.06308047333791	8.47727419512685	-0.311320225127536	0.00573363665097651	0.0232625494076504
3482	chr11	109626328	109647814	10.9313493560812	10.7839733077372	11.0650560464614	-0.230649956001475	0.00573382191522148	0.0232625494076504
10564	chr2	104733453	104752218	11.0764470855043	10.9158455660617	11.2209477664396	-0.246279488177851	0.00574286000151129	0.0232906907716288
11861	chr3	101976648	101981010	8.19206281932637	8.37016428905919	7.98883658488125	0.289366871612365	0.00574321264614695	0.0232906907716288
8037	chr17	47948740	47965268	10.5336065713166	10.4044423570215	10.6521510158899	-0.207643650099657	0.00574844668015514	0.0233054628421785
14399	chr5	146966000	146979265	9.44252489791099	9.27640526376964	9.59147645406958	-0.250646230061004	0.00574931118747457	0.0233054628421785
7990	chr17	45334821	45342838	9.11635976289901	9.25898409489809	8.95807311907768	0.243670495126443	0.00575588642809913	0.0233271339993366
3741	chr12	25096308	25109679	10.3749775804591	10.1969360716166	10.5334411619821	-0.265096343544687	0.00576560259061828	0.0233615225378617
5481	chr14	25270595	25280800	9.50903171034331	9.65132444483145	9.3511534640558	0.241834367784469	0.00576769572295496	0.0233650153950826
10448	chr2	92175123	92178275	7.70261362558404	7.4630899184888	7.90797497711584	-0.321957538650492	0.00577045879577784	0.0233712201205864
10962	chr2	153555064	153577063	10.7277867288158	10.6023215337162	10.8432083626052	-0.204999535846392	0.00577203742960625	0.0233726260670999
7337	chr16	50698659	50715283	10.1082454431002	10.2567469158558	9.94268554965395	0.252301741364197	0.00578666563167459	0.0234268615664573
18593	chr9	122746781	122762499	9.85813226111208	9.70554217311767	9.99611587554908	-0.236793770348613	0.00581304068836221	0.0235286200094746
5166	chr13	97220797	97228721	8.92738134923215	9.0676124220803	8.77203756652407	0.241340955830664	0.00581474581085645	0.0235305033569818
11645	chr3	85131669	85141145	9.26602997899756	9.40468555636616	9.11261756953812	0.2392945691412	0.00581864525571841	0.0235388782094912
7503	chr16	94994096	95000402	8.55749271484978	8.36696242198786	8.72577073758061	-0.280144526618038	0.00581929588276162	0.0235388782094912
6557	chr15	78152422	78157330	7.88995831758013	8.09905773428424	7.64533071986969	0.331428298703355	0.00583251857754739	0.0235873364762992
8780	chr18	65879927	65890940	9.36589335325984	9.50192351957711	9.21568898902211	0.235388929273399	0.00583404427014904	0.0235884802307539
2808	chr11	62637999	62648552	9.26237280894664	9.10209786551982	9.40660911005102	-0.246940488587072	0.00584617528218972	0.0236324942876845
8650	chr18	46948191	46953956	8.32683990264887	8.49224206897168	8.13998914135744	0.275776015194563	0.00584933204824511	0.0236402199624455
14964	chr6	83218785	83248037	11.3304470980004	11.4437882693935	11.2074365632804	0.200802927068482	0.00586758134127231	0.0237089261818197
12910	chr4	119808989	119834661	10.9186272008036	10.8086062012645	11.0208491661883	-0.184164173526005	0.00587037480252726	0.0237135718984143
16146	chr7	98084429	98094850	8.92838152461449	9.09195466632925	8.7438622450129	0.272841214170484	0.00587123000951836	0.0237135718984143
6813	chr15	99275142	99282418	8.2887945827496	8.00561041257097	8.52540931583559	-0.358315797801421	0.00589281720609025	0.0237956973945504
1021	chr1	160170879	160176879	8.07692968624293	7.86695524342069	8.26019062830292	-0.296440415649748	0.00589500897837994	0.0237994842375394
11882	chr3	103500826	103514778	9.64569031214707	9.76522627029668	9.51534796853857	0.210386799220564	0.00591946025178811	0.0238931169967432
7502	chr16	94836712	94841062	7.52222432232067	7.75007153201906	7.25151839697193	0.348096877173995	0.00592560407167107	0.023908989587237
4741	chr13	45021415	45037095	9.65323858243181	9.49673018108727	9.79441783101006	-0.240710930297245	0.00592696303847665	0.023908989587237
5852	chr14	62815983	62828187	9.87255163538355	9.67972816313485	10.0426153727039	-0.280127345419687	0.00592811444986315	0.023908989587237
13365	chr5	3666489	3672463	8.3032378194527	8.11190941416783	8.47213791073866	-0.280411232144714	0.00592843168752502	0.023908989587237
15568	chr7	5047309	5059799	10.84661721769	10.6501025057414	11.0195447750605	-0.284034959079913	0.00593254423578518	0.0239204922564196
2529	chr11	32183205	32185965	7.55334943423569	7.76810253172981	7.3009425756358	0.333509637841807	0.00594984849909086	0.0239796794326927
7104	chr16	25275023	25298023	10.6397684705485	10.4988178138178	10.7681656850282	-0.22305402147323	0.00595277191363583	0.0239796794326927
3756	chr12	25710036	25738513	11.0304727572342	10.9059321179199	11.1451115457192	-0.202555718392681	0.00595480130505559	0.0239796794326927
359	chr1	62944696	62949922	8.06867961337082	8.29442078327707	7.80094386232382	0.347108805705591	0.00595489892781696	0.0239796794326927
13200	chr4	140653125	140654712	7.2022997325671	7.48798559218368	6.84571333138318	0.399334542198222	0.00595543808273699	0.0239796794326927
10381	chr2	80280975	80285869	7.7209650793076	7.91784276352219	7.49290979697951	0.312049971098576	0.00595558496857877	0.0239796794326927
1806	chr10	62416894	62425282	8.66679310066478	8.85456882381887	8.45086769189498	0.303410960872289	0.00595704750365488	0.0239796794326927
15673	chr7	25811191	25823539	10.1901789086968	10.0292989413499	10.3349049218094	-0.245693642015945	0.00595733118315749	0.0239796794326927
14035	chr5	113696211	113708932	9.77259815877109	9.9038791126139	9.62816416015388	0.227331605218248	0.00596036874569882	0.0239868190043719
15844	chr7	45865934	45872884	9.68850200679429	9.55639834460461	9.80951751363277	-0.212070031028275	0.00596177100326345	0.0239873758471353
15867	chr7	47127013	47137202	10.4866429830387	10.3140838741351	10.6407499051426	-0.259045562052991	0.00596927861162988	0.0240124923209249
2064	chr10	90963681	90976562	10.3894111050356	10.2472424627037	10.5188180955477	-0.224091211345065	0.00597304347078225	0.0240225454613215
12649	chr4	87716450	87721221	7.87596053452269	8.0565078863412	7.66954220986841	0.295475212710282	0.00598432602662746	0.0240613546957345
6767	chr15	97238644	97248275	10.4633359600583	10.2902890011114	10.6178317644055	-0.25931292150247	0.00598797134150875	0.0240613546957345
2892	chr11	69928655	69968687	12.2629582694017	12.1114434234925	12.4000621949554	-0.235498148959992	0.00598797256736846	0.0240613546957345
2564	chr11	34124000	34133749	9.27913700705708	9.12145970918005	9.4212665194609	-0.245683450405407	0.00598838575600019	0.0240613546957345
18329	chr9	99628092	99632985	8.24564890161148	8.43289485830964	8.03042402072502	0.300932308271872	0.00598903206610727	0.0240613546957345
12454	chr4	45120502	45136518	9.58380767791668	9.73423598290755	9.41584874780571	0.253460281228185	0.00599598793296719	0.0240842021121237
18034	chr9	63787945	63796088	8.95920453389931	8.7739858111076	9.12332693595118	-0.271490556911437	0.00600306054141026	0.0241075086786765
17371	chr8	120434427	120443944	9.31886841711388	9.11848862698647	9.49478076682959	-0.289263794806287	0.0060045275354519	0.0241082987297105
7392	chr16	87737824	87745445	9.09286447760663	9.23950322968947	8.92961697474827	0.250315802744325	0.00601007827256018	0.0241254812891116
8269	chr17	84070481	84078345	8.7181895250025	8.53119521501853	8.88370413163	-0.272211669921361	0.00602110859993079	0.0241646479420779
3442	chr11	107845107	107849921	8.36230333329094	8.53527429020378	8.16573255356679	0.282699057237523	0.0060343000818301	0.024212469609525
12357	chr4	33010906	33018252	8.42243881271012	8.20733461017992	8.6095934621087	-0.300295587699392	0.00603926453675917	0.0242272673099033
9335	chr19	40748851	40787778	11.4805479705072	11.5871368951046	11.3654513190524	0.19037681486281	0.00604550044503427	0.0242471582726765
12980	chr4	126001493	126005549	7.64492197203187	7.85877186708299	7.39376275697163	0.332249773386746	0.00604887498932947	0.0242555669601699
15377	chr6	127042528	127046911	7.80555591119526	8.00998151981465	7.56730496807327	0.32411899164973	0.00605963560004598	0.0242935834502055
5196	chr13	98650417	98661322	9.21143066999852	9.34372282951388	9.06577156285388	0.227856219583991	0.00606858290974028	0.0243243157431807
12999	chr4	127251581	127259981	8.8972436425309	9.07718189543863	8.69162141232221	0.291005476838555	0.00607167874060308	0.0243315858990511
752	chr1	132555881	132563321	8.88791259285505	9.05863633963942	8.69423990638884	0.279298048338518	0.00607958101460732	0.0243581102124197
2954	chr11	74366341	74372799	8.49523799950085	8.3238876675825	8.64838034430812	-0.257577171822016	0.00608286533941535	0.0243625421477905
7167	chr16	31597138	31604535	9.00918769181259	9.16429156921296	8.83537731488843	0.258295518073472	0.0060832545043669	0.0243625421477905
10948	chr2	152717893	152767317	12.5329928308581	12.3518713803732	12.6938909381887	-0.268317406161569	0.00608750085449261	0.0243744047927037
1386	chr1	193565287	193578774	9.46307918794749	9.59996799151196	9.31182706364404	0.234296655592846	0.00609022458817617	0.0243801671501783
12216	chr3	152118328	152125177	8.3304360770004	8.13904405634161	8.49938572533879	-0.277805210772515	0.00610899455147659	0.0244479839916412
9132	chr19	17187648	17196685	9.19244684933638	9.01872750682147	9.34747824691224	-0.259465565325468	0.00610974171833892	0.0244479839916412
2323	chr10	128628232	128634687	8.59911903393349	8.41612844470508	8.76149006538574	-0.268474562898285	0.0061205345827297	0.0244860088207477
6097	chr14	118755528	118767457	9.40364605391569	9.56685974908537	9.21958417585689	0.271611366021998	0.00612958866996789	0.0245170628803626
11435	chr3	37984405	37990767	8.21902910371431	8.40488070551525	8.00564517347634	0.297026118076697	0.00614507782747386	0.0245738373551678
9918	chr2	29741767	29765726	11.2693982141521	11.148246071246	11.3811599358961	-0.19781096632632	0.00615026852696669	0.0245894136029705
5640	chr14	48154196	48159370	7.79531229485067	8.00262264357834	7.55313136331307	0.323250735888396	0.00616163263238276	0.0246296600105291
18039	chr9	63906267	63917636	9.41006824516417	9.57440908380461	9.22457119090241	0.272241621259323	0.0061636240380139	0.0246324322209867
16585	chr7	141268007	141297287	11.7554019488906	11.6223118183342	11.8772446618097	-0.212717377130995	0.0061705308130119	0.0246548430105585
13107	chr4	135023502	135038326	10.8835325842811	10.7575908627245	10.9993573437431	-0.204021154182105	0.00617330475947963	0.0246607347990242
18886	chrX	134615443	134624981	8.94216679015548	9.10352016968517	8.76046806209131	0.271389537607459	0.00618286648413936	0.0246891733704575
1128	chr1	167208832	167211864	7.70133148876255	7.90591946038838	7.46285984496549	0.321404198753567	0.00618302550343983	0.0246891733704575
13277	chr4	150624102	150636039	9.27657301020967	9.43222408726549	9.10207501925728	0.259513121627794	0.00618790441165299	0.0247034576837951
11048	chr2	160414695	160422476	8.88320919914187	9.05626428543874	8.68652972183657	0.28221759594625	0.00619388763629655	0.0247171881072415
660	chr1	119047417	119057173	10.1792416267233	10.3395011667845	9.99892917325158	0.267168423819374	0.00619408602599938	0.0247171881072415
10988	chr2	155530424	155537437	7.9444811865199	7.73581128371554	8.12674803391051	-0.298623936241789	0.00619525074166963	0.0247171881072415
5151	chr13	96709306	96735788	10.7312739932544	10.6181501536684	10.8361689561887	-0.187806948390792	0.00619918369479502	0.0247276812407555
13917	chr5	105184375	105195927	9.43043989975793	9.57467734143937	9.27016354771698	0.245844309390838	0.00621344022622315	0.0247793406290164
5671	chr14	51840504	51857958	9.79371661777004	9.91386242888329	9.66264875816159	0.210607110698981	0.00622824976542523	0.0248331832558835
87	chr1	33682081	33701520	10.5065689738076	10.6222773085367	10.3807649053428	0.203481033635944	0.00623141644874539	0.0248405907962064
4331	chr12	111685234	111691548	8.51617564645241	8.32198285208655	8.6873032804642	-0.279022127471014	0.00623388463468739	0.0248452113569366
5334	chr13	112175797	112185963	9.3764451831018	9.52302688304546	9.21326839951188	0.247952706334623	0.00624095776508103	0.0248654392948996
3601	chr11	118566607	118573303	9.01612104317897	8.77837527281241	9.2201748487047	-0.32169215362701	0.00624195391384473	0.0248654392948996
9567	chr19	58373395	58381588	9.59356248013838	9.72142916879617	9.45325098733783	0.221775968377698	0.0062428904705304	0.0248654392948996
10467	chr2	93104007	93112612	8.90336566777738	9.10525739458953	8.6685514637162	0.319211130551737	0.00625599452427097	0.0249124045480778
5707	chr14	54794590	54806934	9.79642234354331	9.94165352700077	9.63491777262682	0.245803706028685	0.00626607074509133	0.0249472952949629
18055	chr9	64551409	64556751	8.25604015932828	8.4898745522538	7.97683299145555	0.351343105376081	0.00628652213997495	0.0250234697346025
2683	chr11	53713364	53731226	10.6702987110486	10.555374280323	10.7767399291588	-0.189972653681581	0.00629481536055133	0.0250512268248907
2905	chr11	70420608	70431343	9.17364460024713	9.01114556437272	9.31967927690328	-0.245416752616259	0.00629847783571165	0.0250605473467445
1702	chr10	44399405	44420840	10.4594253334492	10.3364679540468	10.5727213803264	-0.200352879676341	0.00630185338729587	0.0250687225817414
919	chr1	152234678	152238676	7.49314435051531	7.70512829533963	7.24455679688348	0.330200381667145	0.00632827459508527	0.0251680303919897
12867	chr4	117700523	117705598	7.55287957337202	7.78030619102171	7.28276764986705	0.344392628864372	0.00632946989098302	0.0251680303919897
12676	chr4	95019402	95029041	8.66307607744428	8.47539867217895	8.82912547276855	-0.274862058161932	0.00633644025115187	0.0251904691090514
6135	chr14	123157218	123163620	8.10995719122969	7.9192814243626	8.2783486456397	-0.276957328312783	0.00634063801023253	0.025198709410382
1252	chr1	181270362	181282515	9.9035592389561	9.74100561721145	10.0496379901216	-0.246841136057619	0.00634116845692525	0.025198709410382
9359	chr19	41830163	41848121	11.1935966695194	11.034852137064	11.3365925810535	-0.242939620102879	0.00634359712306926	0.0252030834830922
495	chr1	82941852	82973243	11.1481225416985	10.998542989056	11.2836401357597	-0.23238028549062	0.00634837187900732	0.0252167747785015
17144	chr8	94378783	94384822	8.77159839534895	8.59748607855541	8.92694261259907	-0.259435027175951	0.0063518402984776	0.0252252724471242
3038	chr11	80148392	80169610	10.9245203385619	10.7823862976737	11.0538986641145	-0.223071261733602	0.00636469139198845	0.0252696190713034
18054	chr9	64540292	64547943	8.518575259093	8.69643707416826	8.31566112474449	0.288935307959822	0.00636566988671171	0.0252696190713034
4487	chr13	19534805	19562944	10.9853175711715	10.8261341727271	11.1286694248159	-0.243398212132345	0.00637280067698669	0.0252901333784183
6334	chr15	51079370	51087829	8.79953637138437	8.63256294839643	8.94917384657168	-0.251441706826795	0.00637350271083697	0.0252901333784183
11303	chr3	8636733	8648993	9.39162514137318	9.52578173919982	9.2437022186886	0.231377536023526	0.00638354817402131	0.0253246991627823
8311	chr17	86274868	86281392	8.61276300521446	8.77297158816267	8.43251507403951	0.268179318397077	0.00638609198032744	0.0253294962789205
4594	chr13	31460135	31468927	8.8804284290761	8.69965859054926	9.04104907653834	-0.268699924871828	0.0063965946682927	0.0253658525301979
14178	chr5	123286623	123298151	9.66035158972289	9.83074575991281	9.46710307054051	0.279646848728431	0.00639840815377578	0.0253677435451244
12400	chr4	41624333	41644346	10.9648521865339	11.080220950846	10.8394494657946	0.203279159902309	0.00640756415311108	0.0253987385258762
7125	chr16	30095667	30102812	8.6136752876495	8.78479960932955	8.41948676011121	0.279097954382121	0.00641400573844053	0.0254189632302908
12185	chr3	146282495	146298468	9.75560621358152	9.88649091181463	9.61165177399153	0.226507215870455	0.00642003962905386	0.0254375641168712
1910	chr10	77174060	77181165	8.4116383418435	8.60462478790257	8.18879063733343	0.306131168579126	0.00643909731962813	0.0255077495364688
10357	chr2	75939498	75963077	10.6408176256441	10.768068319429	10.5012476179833	0.220829139613521	0.00644397339641569	0.0255217385414385
5958	chr14	73066614	73075587	8.80204772328281	8.61837308134578	8.96495695188591	-0.272875245090614	0.00645962696480962	0.0255783976977095
5959	chr14	73089570	73106073	10.29808749387	10.1535297567486	10.4294706527695	-0.225752369756669	0.00646206101575987	0.0255826983767431
16040	chr7	81426110	81467315	12.0067346639869	11.8427743070547	12.1539482226976	-0.248883318498579	0.00646878775365379	0.0256039880660261
9079	chr19	12508732	12517527	9.66763040620532	9.49954856784042	9.81815727185701	-0.252287593898015	0.00647562698931329	0.0256187779582783
6734	chr15	93823790	93826687	7.14108330220504	7.39943790894578	6.82614656544648	0.372659921185735	0.00647653955007698	0.0256187779582783
6138	chr15	4018133	4025436	8.75301634208474	8.57127616095244	8.91440240120054	-0.265966348633673	0.00647657393138833	0.0256187779582783
13952	chr5	107821115	107830669	8.88676576047146	8.7088580877369	9.0451233406748	-0.265193142015766	0.00648343289816776	0.0256381367524833
4289	chr12	108497135	108501812	8.09863468901007	8.28487276843169	7.88474091028985	0.298932907086037	0.00648416968290848	0.0256381367524833
17224	chr8	105577228	105593101	10.1037474487668	10.2229873561745	9.97375706205734	0.209068294278813	0.00649035703762801	0.0256572560335643
10333	chr2	75020397	75023962	7.4276134002622	7.63241902815047	7.18884580349223	0.321502240468942	0.00649505755415242	0.025670490903844
7617	chr17	8621479	8631585	8.71489432871129	8.89239619731469	8.51244872522626	0.287978009485224	0.00649689252849754	0.0256723971056329
18112	chr9	69653717	69659031	8.5009902932074	8.29381952557858	8.68211280081337	-0.293045152134463	0.0064999016957029	0.0256789413577738
9547	chr19	57252238	57258003	8.25201912849138	8.45240857987053	8.01923578142922	0.316501269092255	0.00650308617135644	0.0256861753269873
651	chr1	106492255	106498773	8.51728019318626	8.33715735427663	8.67738997167781	-0.264809383395226	0.00650735242446585	0.0256976782488426
9524	chr19	56297086	56300095	7.11594601669999	7.33813906900341	6.85319068123449	0.339664888167775	0.00651102108646649	0.0257049841602516
16292	chr7	110757118	110776275	10.5180055389894	10.627508462717	10.3995034370442	0.194702486645141	0.00651283209554236	0.0257049841602516
14013	chr5	113010850	113033910	11.0366768521233	11.1768139093318	10.8814484533872	0.23865331905335	0.00651326565291375	0.0257049841602516
4288	chr12	108486891	108494392	8.59567343633021	8.77016256097826	8.39713890310368	0.282952942708515	0.00651763852735343	0.0257157953443901
16524	chr7	135736242	135748034	9.51715705043923	9.63815013042519	9.38508011569128	0.211391562054284	0.0065187149692745	0.0257157953443901
7580	chr17	5567005	5574098	8.48174255098611	8.68180823485334	8.24939623946893	0.314848012259752	0.00652853206173132	0.0257464316952805
16174	chr7	99213182	99226975	9.84847660402899	10.0077983689793	9.66935074233362	0.264352657188493	0.00652919414876362	0.0257464316952805
5597	chr14	34657503	34671277	10.5856833254958	10.4165885301043	10.7370219099513	-0.253488771154589	0.00655237368659834	0.0258324678433631
2505	chr11	29885795	29896927	9.2411877203699	9.09163085643833	9.37668669384925	-0.231390750382288	0.00656196056213375	0.0258648908637044
14962	chr6	83127790	83165123	11.905953365384	11.7655826569481	12.0338692229316	-0.221171046467188	0.00657023924874742	0.0258921450793142
9525	chr19	56312208	56320063	8.90549518968341	9.06571350889627	8.72523493077276	0.265141866576656	0.00657733783020602	0.0259131238599541
11542	chr3	59890877	59906645	9.45644575051317	9.29125941069116	9.60464667618024	-0.251269523524399	0.00657829341679007	0.0259131238599541
6699	chr15	85662620	85675084	10.34615268839	10.2006863385856	10.4782858497078	-0.22624276433911	0.0065892189160021	0.0259507752244872
3354	chr11	102411551	102425969	10.2594149259359	10.127439114375	10.3803231470847	-0.21011244335038	0.00659630456262262	0.0259732913473059
18352	chr9	103005049	103012542	9.18561632611642	9.33894815077945	9.014028687874	0.254922757306455	0.00659902104642282	0.0259785978925656
8001	chr17	45803824	45809442	8.64713629878956	8.81413385127515	8.45824637630242	0.272061188616701	0.00660261049705985	0.0259873381633552
15030	chr6	87275182	87283018	8.60860979915582	8.78624051475213	8.40599651055869	0.287258534939452	0.00660456440760669	0.0259896387916167
11431	chr3	37774487	37781774	8.19152917720655	7.98239415323195	8.37415064117701	-0.29357059350941	0.00661927769112851	0.0260411189028604
14716	chr6	49421829	49457798	11.1890298372169	11.0432635379778	11.3214103986422	-0.227730220607043	0.006620390890263	0.0260411189028604
3793	chr12	32103854	32147964	11.734917594514	11.6060563736426	11.8532067986448	-0.20742481472651	0.00663288224791815	0.0260848471162948
1920	chr10	77703559	77709082	8.41027243166017	8.60279689252087	8.18804081741431	0.306166014979621	0.00664306275298862	0.0261194713049453
14682	chr6	47915097	47919005	7.40104597461036	7.60792521708841	7.15945353594969	0.320644226719733	0.00664847580381233	0.0261353401575299
14672	chr6	43295674	43300823	8.09851715886605	8.27692849312631	7.89488721364447	0.290759359332782	0.00666614847501748	0.0261993853608111
16642	chr7	144834191	144847127	10.6679566277956	10.5506192058991	10.7764643858749	-0.19235136217009	0.00668067471161266	0.0262468012705734
2095	chr10	95156848	95167953	9.64823269115808	9.78104003443269	9.50194869134417	0.228299950540691	0.00668148840765149	0.0262468012705734
2027	chr10	85343709	85349498	8.23929653539561	8.42203726558366	8.03000502040663	0.292616137140624	0.00668307665596914	0.0262468012705734
548	chr1	88730126	88738012	8.47811959629113	8.64814469461808	8.28534581214859	0.275997432738489	0.00668374469364462	0.0262468012705734
13833	chr5	91515021	91521894	9.47398274015352	9.63600126901345	9.29143987049333	0.268012887018519	0.00669961025014151	0.0263036621715837
1192	chr1	177406075	177413543	8.34326729191251	8.51612234370123	8.1468462411462	0.283369318344721	0.00670619678799814	0.0263240762852982
14249	chr5	136209191	136213222	8.05259216461941	8.22329425059672	7.85894736256152	0.280998690268087	0.00671292829016193	0.0263450508724118
219	chr1	43394709	43412753	10.1513285158513	10.0261490167891	10.2665083423156	-0.203479060735175	0.00671587743275986	0.0263511758933946
4886	chr13	54836227	54840089	7.96848138274517	8.14621440652388	7.76573492284072	0.287073063544942	0.00672006023529962	0.0263621379094154
16971	chr8	70638695	70644868	8.53418009487258	8.34313168420502	8.70286202115752	-0.27402709290429	0.00672222850241876	0.0263651942028117
533	chr1	88331442	88339293	8.48368016212498	8.66035492703862	8.28231015458227	0.285961214964649	0.00673004376631995	0.0263881154672385
4590	chr13	31312561	31317845	8.13912827109185	7.93370720610173	8.31891251677944	-0.291996330647314	0.00673085341571744	0.0263881154672385
1508	chr10	20902672	20912853	8.60077453888637	8.4115188925294	8.76805779940524	-0.275567375694719	0.00674208756721876	0.0264266996981092
9399	chr19	43809725	43844333	11.4400972393948	11.5548030796414	11.3154774534593	0.201903071870815	0.0067487496390698	0.0264473506917005
10384	chr2	80433209	80475439	11.9396639582137	11.7946060027455	12.0714601224623	-0.226823010930393	0.00675279392537392	0.0264577365626902
10534	chr2	103280140	103297763	9.98989929490094	9.84940104947504	10.1179210384933	-0.22267131917526	0.00675535094677633	0.0264622921813969
536	chr1	88462637	88485757	10.5650035753991	10.4409170167208	10.6792575426147	-0.200644658367598	0.00676974582436553	0.0265132080067341
13099	chr4	134751405	134793924	12.3103969547794	12.1629655727947	12.444149181668	-0.229408569710894	0.00677803926801321	0.0265402119388535
15617	chr7	19158393	19179080	11.3709990336041	11.202604615964	11.5217764897761	-0.252792499193115	0.00679127005776749	0.026586533503789
9007	chr19	7252094	7272357	10.7935434698335	10.6565274630201	10.918667961921	-0.216102511619812	0.0068040196160529	0.026630716889956
16729	chr8	13951782	13983513	11.4047578712152	11.2668919518047	11.5305906801606	-0.217833323970353	0.00680536260689639	0.026630716889956
2037	chr10	86622996	86632458	8.96239055229965	9.10413492828423	8.80518720834791	0.240237331847095	0.00682755570897775	0.0267120552052543
13467	chr5	29512874	29531023	10.096050567399	9.95865579225999	10.2214908193781	-0.217759012416816	0.00683235960363103	0.0267208041910639
201	chr1	40587428	40599252	9.46955070657011	9.30846525148343	9.61444295886647	-0.244939111046897	0.00683260776327694	0.0267208041910639
12726	chr4	102532894	102548887	9.70086546180044	9.55501566268032	9.83331487773337	-0.226185400192515	0.00683863850769637	0.0267335397690739
9516	chr19	55708971	55787905	13.2557658570118	13.0964683702666	13.3992102098252	-0.243126937207834	0.00683868146787784	0.0267335397690739
8913	chr18	84592105	84601036	8.94505347523561	9.09179004996483	8.78168470124219	0.249694156622648	0.00684053214381934	0.0267352676189348
17857	chr9	53966414	53979122	10.452297067676	10.2808654370924	10.6055043326129	-0.256029112366357	0.00684795121228036	0.0267587535634896
13155	chr4	137457913	137461335	7.43046835800095	7.63419625112547	7.19316515576978	0.31674332746919	0.00686745706981502	0.0268283469227517
7456	chr16	92546328	92562129	9.98362681038827	10.1018143679661	9.85488622050654	0.206564930599419	0.0068685883185442	0.0268283469227517
15750	chr7	34671528	34676742	8.75795664229376	8.91455925444423	8.58226154431077	0.259318192306508	0.00687239291656621	0.0268376841900227
12311	chr4	11826770	11839072	9.46080877888535	9.29168019825724	9.6121744189769	-0.252574768802069	0.00688541469868021	0.0268830046423064
5340	chr13	112761251	112765654	8.16297612770618	7.96817721637457	8.33457411265135	-0.280420189660969	0.00689047983229961	0.0268972473749927
10784	chr2	128977519	128986870	8.93515878384277	8.77581674520828	9.07863925431656	-0.242677194182059	0.00691266885991201	0.0269783142694366
16673	chr8	9769652	9773895	8.13412129634782	7.90248532881452	8.33366037408889	-0.313303630846046	0.00692397775271319	0.0270168942781134
7804	chr17	28882265	28887822	8.35622347384597	8.14563286035021	8.53995340424748	-0.296334118596896	0.0069296854344712	0.0270336073711879
15372	chr6	125574717	125579196	8.16517061147911	8.35160131672259	7.95102259886156	0.299052543584798	0.00693187243980806	0.0270359285043186
18370	chr9	105552524	105555756	7.65500654714835	7.90831342469337	7.34754786023945	0.366209949267243	0.00693312946048361	0.0270359285043186
3092	chr11	83721608	83732480	8.75363419600832	8.58552189187739	8.90418548994981	-0.253948010788868	0.0069404246614227	0.0270588166904563
5276	chr13	107970816	107977316	8.30901032560035	8.09893917615644	8.49234489768189	-0.291837208902875	0.00694293402599818	0.0270618673524561
3611	chr11	119041034	119075079	12.5988693033171	12.375923912819	12.7919289690849	-0.306281851147193	0.00694405890755368	0.0270618673524561
8594	chr18	38860844	38891939	11.5020491534107	11.6160578090091	11.3782519192863	0.20066478875053	0.00696796923233881	0.0271485886598599
4520	chr13	21975999	22015772	12.2789368660248	12.0768833445205	12.4561373607037	-0.287067472193598	0.00696917245117432	0.0271485886598599
17298	chr8	115535769	115552075	9.99141407466419	9.86288046204603	10.1094271917629	-0.206280298344514	0.0069771507460287	0.0271740907057005
456	chr1	75541165	75550727	9.76461272757601	9.89539268150183	9.62078500368255	0.224543903283427	0.00698506738875382	0.0271969104973359
14458	chr5	149553179	149562931	9.41476784568069	9.55411555447615	9.26050754216889	0.235160894026435	0.00698587589833567	0.0271969104973359
1870	chr10	75044951	75048435	7.58020934175239	7.77068565156207	7.3607035490495	0.302197167906985	0.00698844739107422	0.0271977965026372
9944	chr2	31336068	31340335	7.76139995801744	7.99445051557654	7.48331062981387	0.347896293392076	0.00698896957391651	0.0271977965026372
2491	chr11	24121879	24139246	10.228597071931	10.075972415037	10.3666089484855	-0.236271009042126	0.00699776782196572	0.0272264525406083
15588	chr7	16253487	16261498	9.32327025319549	9.45802522248982	9.17461940842054	0.231691427436606	0.00701140883420929	0.0272739348769129
5885	chr14	64541503	64547388	8.38402367245147	8.55270955829807	8.19297018091378	0.274042298129215	0.00701797119757657	0.0272938679013946
16696	chr8	11927347	11931212	8.38069026519879	8.18435165359473	8.55348149175564	-0.285616723946652	0.00702306124418248	0.0273080405401098
6746	chr15	95759764	95763336	7.61104266871914	7.80389027207121	7.3883801692703	0.304877157570601	0.00702449306690638	0.0273080405401098
13185	chr4	138825415	138831045	8.70307930663325	8.85059149634824	8.53874834723359	0.247082049147019	0.00705273683255944	0.0274122245228642
8726	chr18	61103444	61110314	8.88168601715599	9.02241648537591	8.72572905319428	0.239316893589291	0.00705910449761837	0.0274266260747385
18496	chr9	117915662	117957051	11.678138671165	11.8316199797501	11.5063637683283	0.256573872380655	0.00705933233442739	0.0274266260747385
5768	chr14	57126763	57143898	10.748301062903	10.8645917256999	10.6218082445903	0.203676931364442	0.00707798658181596	0.0274934726435295
6313	chr15	38922745	38941219	10.4370338583137	10.5711476207009	10.2891630195099	0.229662756479493	0.00709000229192849	0.02753451064017
11895	chr3	104305748	104309248	7.55417013183274	7.75572245831535	7.31981518249713	0.314685080038189	0.00709267648513925	0.0275392608452246
9502	chr19	54114114	54118813	8.04624785674558	8.22695455441093	7.83962113849249	0.293426207593888	0.00709631216695895	0.0275411084372477
16596	chr7	142061303	142143299	13.1430588151402	12.9935242614896	13.2785394780946	-0.231559675985673	0.00709640201977549	0.0275411084372477
8644	chr18	46634269	46648369	9.56736378778684	9.69730851035956	9.42454576828078	0.222960117357512	0.00709750573615989	0.0275411084372477
17252	chr8	109650370	109655904	7.70637947868596	7.90626689271478	7.47427370523478	0.310918504036829	0.00710246499034963	0.0275524953541545
2248	chr10	120460523	120464187	8.05307575416313	8.2411411180034	7.83676709112712	0.300225347683114	0.0071045719346445	0.0275524953541545
4516	chr13	21673278	21709290	11.4605487653347	11.3110259614703	11.5960197847809	-0.231230873259975	0.00710479541931779	0.0275524953541545
11118	chr2	165125234	165144598	10.2571953495308	10.4205931028355	10.0728992868717	0.268880330035061	0.00710629474496453	0.0275526798702108
10376	chr2	79526078	79531697	8.24670773061101	8.4073571608301	8.06590142416472	0.265861860176357	0.00711161615315248	0.0275676803453188
13694	chr5	64937941	64950326	9.8627720510145	9.67207172139068	10.0311826559424	-0.274805887999582	0.00712673119913429	0.0276206312902531
11758	chr3	95420456	95432030	9.4377451069903	9.26467869596467	9.59225641236777	-0.257175078522731	0.00714434734761026	0.0276832520029185
765	chr1	133150623	133189030	12.0478608052482	11.9258027166165	12.160392961634	-0.198198432110812	0.00715771128816267	0.0277293738595712
10628	chr2	118326925	118332895	8.19211775818642	8.37899554967441	7.97737936280317	0.297122104220148	0.00716365785974997	0.027746747453101
15763	chr7	35493654	35498330	7.61924796224401	7.81414779653359	7.39384370698201	0.306179357541934	0.00716761307134648	0.0277564024650245
15308	chr6	120531557	120542081	9.63133463637101	9.46365986062832	9.78153501880706	-0.250045278168124	0.00717959033051337	0.0277971123791949
15654	chr7	24990305	24997156	8.63202029106657	8.81059860595421	8.42817271028185	0.285497400195057	0.00718405002121336	0.0278080822528092
15111	chr6	91650141	91654984	7.8102988782653	8.05343853016099	7.51770778146918	0.354662326074319	0.00718535409493526	0.0278080822528092
1954	chr10	79533295	79537877	7.7803297754104	7.5251033659683	7.99711907059602	-0.336065362417985	0.00718715618396161	0.027809385772764
13767	chr5	74704964	74717175	9.73104003650142	9.85591050280877	9.59432861283383	0.215932272725114	0.00720060797673043	0.0278512543025746
8216	chr17	79587594	79595309	8.66069699225121	8.81903878101554	8.48280925571092	0.263092349978541	0.00720091179001706	0.0278512543025746
13116	chr4	135391683	135401630	9.74784405225996	9.60677263420995	9.87634145407018	-0.220349232209935	0.00722425732530782	0.0279358557002887
16801	chr8	31086838	31094681	9.82004200757032	9.95040009933462	9.67672443079723	0.224300753834826	0.00722618415468716	0.0279376143963756
9239	chr19	33314795	33323910	8.95573241958776	8.77190271857603	9.11876358177943	-0.26645886817819	0.00724501876762198	0.028004727330081
2642	chr11	49909385	49920287	9.06904869636548	9.24398811909682	8.86993078924507	0.2820226346313	0.00725077338604639	0.0280212641200926
18116	chr9	69883402	69923803	11.67072920552	11.5463168304715	11.7852593161243	-0.201156070047212	0.00725678912783453	0.0280388031061017
13174	chr4	138327333	138335512	9.14480910811691	9.32765042194311	8.9353855925561	0.293448631452923	0.00725833617137053	0.0280390722972606
8552	chr18	36512429	36538595	11.2210073331342	11.1152049097113	11.3195779021579	-0.176900259395644	0.00726281607628922	0.028050668765139
8976	chr19	5612039	5625818	9.99824990741534	9.86147820967105	10.1231706507894	-0.215021323618217	0.0073052862462825	0.0282084470157345
5994	chr14	75787045	75803345	10.4952052210764	10.3261468662349	10.6465146222089	-0.252165405425168	0.00730664026183416	0.0282084470157345
9465	chr19	47310735	47317076	8.83834324896283	8.9993463304229	8.65708872967288	0.26452723850849	0.00730878060855526	0.0282109715618813
3277	chr11	99065758	99095690	11.7353637872978	11.6298267189873	11.8337040108551	-0.176509837132808	0.0073159306647824	0.028232827996524
18087	chr9	67126752	67134337	8.47315937488606	8.6400290625491	8.28443307376422	0.272215397072138	0.00732816636607124	0.0282737394440108
17487	chr8	125684026	125687010	7.55438559727402	7.76332381261249	7.30997874750818	0.319859892902295	0.00732951146343502	0.0282737394440108
1116	chr1	166190329	166198691	8.80897030124846	8.97467397009329	8.62173456456374	0.268894893376435	0.00735874609108018	0.0283807441704147
7320	chr16	49660533	49696608	11.1280612918543	10.9586453146797	11.2796570365348	-0.252838186879746	0.00736409939864021	0.0283956201720424
1922	chr10	77730164	77733910	8.09073730263526	8.26417903964315	7.89355807461621	0.282210617772651	0.00736868157238593	0.0284075172785522
8927	chr18	89467849	89471854	7.30513993326525	7.52063978417423	7.0517001366939	0.333190257948308	0.00737118887735691	0.0284114122062057
1368	chr1	192777779	192788124	9.11588212535468	8.95994301134457	9.25659806141696	-0.236179209295641	0.0073759396485172	0.0284239509825803
4241	chr12	105452456	105456079	7.82981859362479	8.0527549776283	7.56602229532607	0.33499155416371	0.00739276364715746	0.0284830006616731
14023	chr5	113331815	113351535	11.1395433082111	11.2721155307096	10.9935445596421	0.227434142958861	0.00739519562718264	0.0284865877427033
10631	chr2	118510075	118517046	8.87462324774337	8.71310996857333	9.01986147151487	-0.242526759682195	0.00740840943517844	0.0285316969704244
18206	chr9	78649254	78653612	7.50045321085804	7.70944757195225	7.25596948214681	0.320491130954189	0.00742557857430519	0.0285920178051812
17462	chr8	124509605	124519109	9.41775105781783	9.26012180016573	9.5598415430306	-0.23892979855924	0.00744259578881037	0.0286517293054426
12120	chr3	137993158	137999768	8.92317381582604	8.7549251979033	9.07383439853553	-0.249117982968066	0.00745125344664264	0.0286792413635836
3245	chr11	97310292	97312915	7.6839296540179	7.39840711694393	7.92217308492044	-0.349446322607651	0.00745507387065874	0.0286840962891164
6677	chr15	84623264	84628692	7.57485838566542	7.81039786174536	7.29321447414108	0.348054376235342	0.00745553754118823	0.0286840962891164
3545	chr11	116279652	116287832	10.4986570073083	10.3317287285005	10.6482582327767	-0.249921209874467	0.0074748131889841	0.0287468881537081
5104	chr13	94265398	94311234	11.920967931671	11.7946301458702	12.0371275614538	-0.203014179918497	0.00747495085526353	0.0287468881537081
3072	chr11	82702468	82709369	8.70369272938948	8.85098875898145	8.53963004289108	0.245469006801629	0.00747640233556579	0.0287468881537081
13902	chr5	103680575	103688323	8.80546974930517	8.63968724823748	8.95415025695527	-0.248484079829037	0.00749210961993086	0.0288014479393696
13470	chr5	29692058	29697570	8.17767826406798	7.9914561008329	8.34258782053517	-0.268828687200583	0.0074989947885799	0.0288129610661943
6440	chr15	63372811	63379159	8.17291632700143	7.95671046435343	8.36090401370527	-0.296283297162859	0.00749906299520122	0.0288129610661943
9217	chr19	32331510	32398172	12.5935133716409	12.4521392951824	12.7222618008382	-0.221373513489537	0.00749965897397123	0.0288129610661943
15223	chr6	113219877	113227868	8.66560955372973	8.81176850911426	8.50295659022725	0.245821601390976	0.00752147751436643	0.0288860372788177
2620	chr11	46627575	46659991	10.7832848320881	10.664741203853	10.8928232106282	-0.192763343130561	0.00752172381220913	0.0288860372788177
7131	chr16	30213935	30221980	8.77564133599485	8.92544378788644	8.60846242439368	0.248286786387513	0.00752751037137065	0.0289024113571199
17019	chr8	78850915	78855093	7.4771989505704	7.69020800102483	7.227199570724	0.325525244340132	0.00752971912077356	0.0289050443351864
3835	chr12	36047654	36054586	8.81632912368467	8.62246092995646	8.98720472101389	-0.276357270173899	0.00755936513341669	0.0290129809640274
8303	chr17	85959889	85968672	9.08797662595784	9.24659898711818	8.90973460204876	0.261516027741329	0.00756418692616881	0.0290210633294762
14355	chr5	142856557	142862493	8.57227456040963	8.36316721102798	8.75487493041959	-0.288237931176648	0.0075645292318309	0.0290210633294762
10485	chr2	93883315	93887731	7.73744380178907	7.94992065908091	7.48817768236465	0.325160911818629	0.00756876340303808	0.0290314390918067
15647	chr7	24675650	24683866	8.7018978555559	8.86864769144455	8.51332489194451	0.269615794174169	0.00758817358341321	0.0290943029258543
528	chr1	87731902	87738378	8.48502597082401	8.65119873840623	8.29719089805515	0.271477441274691	0.0075882185301111	0.0290943029258543
16747	chr8	22114497	22121897	8.51141153265746	8.66485593936742	8.33968286236536	0.255805592977528	0.00759138017203612	0.0291005462098714
3227	chr11	95806811	95856350	12.3463887946955	12.2065462980354	12.4738659283224	-0.219401570460749	0.00759922417920368	0.0291247325721136
6009	chr14	76497718	76524449	11.1943710652869	11.3069658136032	11.0722393292326	0.198118839971909	0.00760334174885628	0.0291346301335642
12208	chr3	149350885	149355424	8.07840958214449	8.26208323572623	7.86789293126345	0.292690434680179	0.00760735488984048	0.0291441236282363
16387	chr7	120755146	120767353	9.43464000398863	9.57357894069868	9.28088057522041	0.234971445440457	0.00760921727929645	0.0291453753266937
5641	chr14	48184046	48195584	9.51023573919588	9.64089878838204	9.36654941822572	0.222906751667344	0.00762043662506532	0.0291824589804509
14819	chr6	54011223	54069145	12.4906041900497	12.3526562707778	12.6165052971969	-0.217182783542059	0.00763674145882485	0.029238998617518
3035	chr11	79854795	79868469	9.38313050358489	9.213050684139	9.53525743947199	-0.254462979440703	0.00764768951305404	0.0292750099371224
17409	chr8	121781072	121789377	8.60874015430309	8.79891893201419	8.38962958847188	0.301352290674676	0.00766893039193441	0.0293478471074831
5553	chr14	31542879	31549673	8.45001667521207	8.23777195055369	8.63500386297238	-0.291241163169697	0.00766980987687003	0.0293478471074831
15079	chr6	90323828	90326835	7.09395217303333	7.32681367199959	6.81613224375182	0.346736108257719	0.00768544992441186	0.02940176458686
16242	chr7	105496874	105505179	8.77978633884862	8.61730915753771	8.92580336853343	-0.245498167921283	0.00770141832975778	0.0294569162596681
11037	chr2	158340419	158348334	8.97934634812712	9.12190744866559	8.82113759672677	0.23884123520914	0.00771160168743985	0.0294899231162444
4228	chr12	103129051	103134778	7.9937285202704	8.18352608760783	7.77512405815349	0.299097612061308	0.00771451510691345	0.0294951213162994
5901	chr14	65592676	65603067	9.50797320209346	9.34295439875069	9.65603928863434	-0.246682773254959	0.00771621468886954	0.0294956774582185
1454	chr10	18164579	18170145	7.99680567125374	7.7995068805516	8.17033987716582	-0.279736468351314	0.0077187762659439	0.0294995277388944
11963	chr3	108305621	108314869	9.07838266537747	9.23274270235878	8.90550605932354	0.254334126368551	0.00772390821742339	0.0295131979179542
15887	chr7	49422225	49426533	7.68236170627504	7.88211444289956	7.45043760567384	0.312238465036387	0.0077278673721474	0.0295223822173884
16383	chr7	120610591	120618860	8.8513882593684	8.99806632538104	8.68809202108381	0.245454822848979	0.00773503403964729	0.0295438138535854
2835	chr11	66523369	66529233	8.70042353231623	8.459180776943	8.90704646650055	-0.320064940996359	0.00775231595818837	0.0296038640986835
11892	chr3	104128077	104164723	10.9770905681041	10.8155942862039	11.1223150501145	-0.243900397556403	0.00775595910729117	0.0296118181245784
14914	chr6	72093482	72105594	10.2855451703269	10.116066192295	10.4371913457344	-0.251926698250683	0.0077634272964104	0.0296343698026092
18114	chr9	69701957	69787334	13.1849493066394	13.0202405086317	13.3327658156685	-0.247416660450036	0.00777321123028367	0.0296657502392025
14037	chr5	113780950	113811393	11.6436725702393	11.7442957716379	11.5355015069687	0.180183977644463	0.00777874179277807	0.0296774837990429
5940	chr14	70031459	70037199	8.28101540393488	8.06153597497411	8.47147187121212	-0.300740421471557	0.00778065862311023	0.0296774837990429
3265	chr11	98284193	98356157	13.5773737319451	13.4094316550516	13.7277885210884	-0.250833779793603	0.00778097683671624	0.0296774837990429
5125	chr13	95398113	95413656	10.2300733959359	10.0553857508312	10.3858753163987	-0.257441664522925	0.00779447361311494	0.0297229886886294
15399	chr6	127884297	127891808	9.36387584351252	9.49667169673044	9.21760578595965	0.226071317279209	0.00780632578494094	0.0297622051169936
12733	chr4	102727366	102738558	9.93607528936014	10.0715463478263	9.78655243795355	0.231291933687443	0.0078151410005882	0.0297898294939071
16975	chr8	70841269	70865480	11.6279551359962	11.4883388699271	11.7552442762891	-0.218593517226396	0.00781830594182501	0.0297959093313046
16815	chr8	33991565	33999396	9.30561023650757	9.45182863755438	9.14288363502765	0.245616889677212	0.00782085127357714	0.0297996258424454
16329	chr7	113056779	113062260	8.10396397352998	8.30507615358341	7.87020422363138	0.309233670659291	0.00782449317297828	0.0298075182516971
10039	chr2	37726829	37734549	8.87929820029949	8.72827202668621	9.01600193367222	-0.23339048986892	0.00783361813974892	0.0298362911246829
11659	chr3	86860067	86870232	8.69695558761586	8.4693444861239	8.89350232447322	-0.310514637080155	0.00783735742802068	0.029844543865651
15560	chr7	4687190	4695785	9.32430363443233	9.15019981151536	9.47964109191209	-0.255397055211122	0.00784370477925277	0.0298607114473584
13992	chr5	111216852	111222498	8.38426684580512	8.55878198420188	8.1856986224059	0.282350090941806	0.00784474984332837	0.0298607114473584
5700	chr14	54555337	54580860	11.5736504079135	11.4302895567372	11.7040442956861	-0.222716787797662	0.00785172729625232	0.0298812777933773
2509	chr11	30016609	30051197	11.5053110388975	11.3445508548453	11.6499401277923	-0.242818135904161	0.00786666672086366	0.0299321306526206
404	chr1	69252509	69264225	9.49958620402465	9.66026311221852	9.31874508128638	0.263251617247091	0.00787273609071285	0.0299492199369892
4669	chr13	38166185	38181937	9.93064310739177	10.0781799046633	9.76628160223215	0.246927023156129	0.00787460935960982	0.0299503428929929
8343	chr17	87552508	87555476	7.49961567540643	7.71364481554645	7.248209007086	0.328328387948886	0.00788681761735376	0.0299907656901937
4839	chr13	52116505	52141904	10.6448068761332	10.4858036618079	10.7880126152364	-0.240917769287575	0.00789044267567923	0.0299985399722989
3102	chr11	84616677	84626940	8.99077711924751	9.1651907529328	8.79234034579687	0.279226571808223	0.00790278067550681	0.0300394300902151
17894	chr9	56577325	56596091	10.3347998397129	10.4418485459747	10.2191668539414	0.189577457922034	0.0079082076527513	0.0300540394556602
7773	chr17	27234261	27247002	10.0459577633679	10.1648359705734	9.91639716577566	0.205855558033536	0.00791109124510407	0.0300589791272933
14833	chr6	54997049	55014107	10.5859790429398	10.4341557760295	10.7233354192147	-0.232112798381913	0.00791352507571964	0.0300622082490158
12600	chr4	62886551	62896306	9.09279179008603	9.26062680658692	8.90282939444339	0.271489140721779	0.00791758106929861	0.0300715971811523
9631	chr2	4732348	4741787	9.21073050775566	9.38253553906463	9.01566464305411	0.279464549840357	0.00792026327008895	0.0300726555234533
15792	chr7	43683047	43694609	9.20529126591168	9.34796935608519	9.04693839345575	0.237885561204228	0.00792221226356139	0.0300726555234533
2453	chr11	21407266	21448217	11.414366684846	11.2807792439152	11.5366260248747	-0.211654251312516	0.00792261328928114	0.0300726555234533
5274	chr13	107927342	107955273	10.9467488760162	10.7988522404213	11.0808838548569	-0.227473789825736	0.00793748330641892	0.030123074519601
6171	chr15	10504161	10511588	8.58980035538841	8.76323721413171	8.39262743449809	0.279673342075033	0.00794135857943657	0.030131756193348
710	chr1	130635051	130640286	8.43480761157037	8.62993990361007	8.2090922205069	0.305654032924217	0.00794970111978355	0.0301570668097513
12014	chr3	121419728	121431982	10.4352100127821	10.2657191951803	10.5868656650484	-0.251874242085019	0.00795272405949985	0.0301570668097513
13873	chr5	99899687	99905520	8.24298707966382	8.44601362626232	8.00663546211881	0.31123885522723	0.00795279621596528	0.0301570668097513
17528	chr8	128047476	128056979	9.2673418680434	9.09202461288355	9.42364430026365	-0.256685062997398	0.00795504580097207	0.0301595713656909
18308	chr9	97007081	97037958	11.6511829186914	11.7726794327266	11.5185057917227	0.210784153314186	0.00796988048050576	0.0302064556793926
3397	chr11	104470757	104477004	8.40015110010066	8.20388005714829	8.57289000949953	-0.277352074159346	0.00797059539714412	0.0302064556793926
2561	chr11	33951107	33958798	8.9535135814841	8.79309675427337	9.09786475800458	-0.241925800488345	0.00799229302024078	0.0302816460224403
12906	chr4	119668090	119674205	8.28989219961867	8.0654906436992	8.48404229445684	-0.304600881691452	0.00799362698627041	0.0302816460224403
12894	chr4	119144130	119147448	7.78370976095925	7.96395583129011	7.57768530919646	0.289027630511665	0.00803833831603239	0.0304449456994569
18414	chr9	108126152	108141293	10.727434015736	10.5927918958465	10.8505760516971	-0.212035594213395	0.00805924267629183	0.0305167944005303
5227	chr13	102651952	102659226	8.26473851295303	8.42906262754429	8.07926277182991	0.269442797227611	0.00806052428104001	0.0305167944005303
5505	chr14	26563692	26578615	10.1872851885856	10.0578988079939	10.3060167224116	-0.205929889935729	0.00807423491663889	0.0305626056008954
8897	chr18	81409994	81421267	9.11670905259476	8.97408788802618	9.24649081153248	-0.221946875729055	0.00810892353411757	0.0306877885850483
11224	chr2	173181577	173204389	10.4993354418128	10.6101068124726	10.3793462973313	0.194825546270055	0.00811640354007486	0.0307099726449523
11917	chr3	105563575	105571678	8.62859454242413	8.78462464149656	8.45361992517741	0.256139477570671	0.00812409214512248	0.0307329369787282
10281	chr2	72002088	72005392	7.75791407470567	7.95468371420518	7.53000383077912	0.303800168689929	0.00813838948445924	0.0307808876097154
14353	chr5	142698081	142707013	9.857849657981	9.71389870520007	9.98873147421195	-0.222058774818966	0.00814142807182865	0.030786244944259
5430	chr14	19695571	19703043	8.7162997509626	8.87802167722485	8.53413340901844	0.263961411963511	0.00815358813448551	0.0308254489916028
2886	chr11	69682822	69698083	10.3112108749895	10.1930346632894	10.4204354905506	-0.193264926095139	0.00815504396368817	0.0308254489916028
14953	chr6	82893747	82906906	10.5641263851548	10.3933835676059	10.7167833978621	-0.252601108118146	0.00816590380751046	0.0308603521232061
10525	chr2	102724274	102732504	8.66111628954294	8.80917486918494	8.496106812427	0.247059647398902	0.00817220833806845	0.0308780294740595
3766	chr12	26190182	26201469	9.36551830600688	9.19897531260291	9.51481007309285	-0.24650594270825	0.00819317986343865	0.0309511068129383
11809	chr3	98167892	98170174	7.44267921795598	7.64755956454608	7.20380999989557	0.317315198827795	0.0081963272799587	0.0309568349146938
15990	chr7	78921798	78940408	10.2916268346118	10.4098042429188	10.1628982885508	0.20534040423244	0.00820254213418938	0.0309729312043064
18096	chr9	68020828	68038086	9.58053028367723	9.71071770245712	9.43741900376913	0.224416880689041	0.00820385295136983	0.0309729312043064
17324	chr8	116993285	117001453	9.46869536515314	9.61109176049785	9.31068947202284	0.23988044518749	0.0082188392636471	0.0310233393764436
5336	chr13	112225901	112232605	8.47249454742952	8.64023693677435	8.28265084182711	0.271676356191626	0.00822279371353754	0.0310320942313042
667	chr1	119640913	119649099	9.0641749880057	8.85836653643928	9.24425577368688	-0.286163998821125	0.00823036700315049	0.0310545000701378
2717	chr11	55426286	55431458	8.18556242410432	8.38601617124633	7.95269226037613	0.310179417791338	0.00823457151537565	0.0310641885888123
4330	chr12	111665077	111677379	10.6090351946375	10.4483971088807	10.7535654711157	-0.241124325347291	0.00825135284398704	0.031121308749211
12431	chr4	43695483	43700671	7.94223776104153	8.12334083540945	7.73509242809637	0.28890823399822	0.00826102081814477	0.0311515823778203
255	chr1	52965833	52976656	10.0563294818054	9.85277389991433	10.2346837506836	-0.284983494979591	0.00826497090238153	0.0311602866023637
8920	chr18	84912642	84916650	7.71635753598765	7.89916418558439	7.50697951430558	0.292021519353957	0.00827540901210511	0.0311934434241793
11267	chr2	180522184	180530988	9.252109584921	9.38389721718819	9.10706196630857	0.224095430500043	0.00828757100104542	0.031233083802391
10106	chr2	52648161	52659404	9.63516346975646	9.76429291185284	9.49332979207039	0.220587280461989	0.00829507288482778	0.0312551495495625
11315	chr3	9121152	9183409	12.2039851324428	12.0894100245275	12.3101266504219	-0.187996249936984	0.00831738380243111	0.0313329946777174
1113	chr1	166139927	166153302	9.67485196942171	9.53962264064274	9.79848494669753	-0.211955368378695	0.00833777829496453	0.0314035908434475
11021	chr2	157528279	157539806	9.46034392433159	9.60589950080891	9.29843800883968	0.242636794772295	0.00834776777050027	0.0314349770865724
3158	chr11	88222257	88229713	8.86887635415306	8.71549773393514	9.00750433423035	-0.233619536934124	0.00835213299327574	0.0314402000406361
13346	chr4	155651614	155654694	8.31490349627289	8.09254359665955	8.50752418244184	-0.299271034367879	0.00835246791742912	0.0314402000406361
12013	chr3	121409106	121413604	7.83127031367565	8.04191322994964	7.58452609624244	0.322826978886952	0.00836112959539954	0.0314665632740607
13330	chr4	155006881	155065372	12.5544107105435	12.6676481584251	12.4315223535847	0.198112021971174	0.00836299550461052	0.0314673456942908
12389	chr4	41044922	41050303	8.22185531219707	8.42531885105782	7.98491091300526	0.312261368852542	0.00836655413807101	0.0314744957356689
15678	chr7	27317564	27341655	11.5385027108003	11.3968249316903	11.6675029366757	-0.220318576243037	0.00837108290016941	0.0314852917880133
17427	chr8	122838574	122862631	11.0971781507473	11.235819497715	10.9437831647154	0.234021169364654	0.00837741802646536	0.0315028763075661
2902	chr11	70309341	70337473	11.4664039420267	11.5640408118132	11.3616765646251	0.175251306575694	0.00838943726001312	0.0315400414309039
11549	chr3	60201661	60217824	9.82981812923214	9.62937908898707	10.005776124473	-0.281859934055573	0.00839062485824509	0.0315400414309039
12669	chr4	89476827	89488257	9.19365642531816	9.04259834808028	9.33038629329694	-0.230107046044563	0.00839472614150683	0.0315492093939917
8015	chr17	46518000	46526879	9.18746342750824	8.97451039764361	9.37298820899068	-0.292601294337762	0.00839693599535991	0.0315512667305357
5972	chr14	75070281	75095780	11.0117135771908	10.8699300370467	11.1408014656722	-0.220001017242814	0.00840529804554732	0.0315764353931993
5534	chr14	30378463	30404460	10.5420199216489	10.6524539530404	10.4224265285072	0.193793240504709	0.00841965682267115	0.0316241177196667
5451	chr14	20565324	20568332	7.23514864817216	7.47991836968407	6.94019120305227	0.349242742779794	0.00842853798275649	0.0316464448663463
4921	chr13	56598924	56619341	10.5382396160521	10.6657594175112	10.3983457640108	0.218115646782781	0.00842893612937354	0.0316464448663463
14196	chr5	125398483	125403473	8.66691968809427	8.47865626090951	8.83342751473607	-0.269219617766662	0.00843809799148782	0.0316745770926517
14561	chr6	30317832	30324264	8.44110362749008	8.26043349089596	8.60164557732252	-0.260923596666065	0.0084420770100716	0.0316802216579731
1401	chr10	5213647	5218241	7.53725767918175	7.74900427255804	7.28899667792391	0.321707562803662	0.00844294015206428	0.0316802216579731
16576	chr7	140942952	141021983	12.9996193372746	13.1366636383737	12.8481773175221	0.231809140332404	0.00846280125828497	0.0317463422472105
6429	chr15	60299309	60312523	9.50104281042792	9.62570759531919	9.36457791744622	0.215591063903605	0.00846390704309421	0.0317463422472105
14055	chr5	114633665	114664130	11.6978633650414	11.5838203815686	11.8035480897147	-0.186582248203723	0.00847870023618563	0.0317955447110387
1881	chr10	75863657	75871417	9.05720987564881	8.89710484298554	9.2013085825438	-0.241524264383823	0.00848187579259169	0.0318011696301062
4138	chr12	86726748	86746664	10.6666407241885	10.78599566118	10.5365136045123	0.206836150149806	0.008484455968899	0.0318045605043915
5810	chr14	60650187	60657224	8.47952252400707	8.65551797892347	8.2790348560577	0.279051526378447	0.00848773892011096	0.0318105839187966
14040	chr5	114007671	114059326	11.8673549042716	11.9695521273604	11.7573625678521	0.181783260462752	0.00849284534105181	0.031823437656036
7223	chr16	35478155	35498925	11.0678784233854	10.9342338682533	11.1901855945568	-0.21151846422443	0.00850262049769436	0.0318537770283737
10497	chr2	101590582	101638183	12.0081924725965	11.8306322021099	12.1662748198575	-0.259436631672098	0.00850931103075318	0.0318695960248139
4211	chr12	102187957	102194795	8.35159639972706	8.52621430170655	8.15289507449953	0.280165794791559	0.00851020141491948	0.0318695960248139
14218	chr5	134730610	134738583	8.83034114117785	9.02409748770523	8.60646569561571	0.300891136276866	0.00851672708663375	0.0318877418380789
15346	chr6	122704754	122718680	9.89575903979417	10.0242483286395	9.75469740143675	0.219721485919346	0.0085234931017909	0.031892452642777
7605	chr17	7844399	7851552	8.83723565827778	8.66301958986397	8.99266243949372	-0.256093643317452	0.00852399187626835	0.031892452642777
11056	chr2	160907992	160918640	10.2880961433033	10.3979252569369	10.1692119092922	0.193058470266898	0.00852454545609027	0.031892452642777
677	chr1	120094087	120097767	7.95647504822247	8.15390671897644	7.72767569870192	0.306015670847784	0.00852470690008997	0.031892452642777
9348	chr19	41176180	41182981	8.78061877295641	8.94803255647114	8.59119599416443	0.272024697819141	0.00852776980970266	0.0318976238112627
1266	chr1	181722265	181732339	8.89958644399064	9.05685420524239	8.72305347567811	0.257344814902706	0.00854231819802272	0.0319457452374923
15017	chr6	86788572	86806030	10.7122107495113	10.595095970737	10.8205280995514	-0.19005797406899	0.00856635761342639	0.0320272666765467
910	chr1	151873809	151880478	8.26118468186026	8.44252647153437	8.05372685781906	0.284110549148624	0.0085689524541137	0.0320272666765467
9692	chr2	10258469	10273478	9.76943305794963	9.88969478713391	9.63822721958966	0.208169141742941	0.00856917962924832	0.0320272666765467
372	chr1	64137914	64147103	9.21242454649164	9.05850385616054	9.35149511953944	-0.23501370980775	0.00858339461194351	0.0320740788226178
5925	chr14	67936462	67946368	9.03985187269002	8.85069572476801	9.20705741656861	-0.268588310859868	0.0085897513055894	0.0320915137851931
3642	chr11	121688724	121801687	13.068871196534	12.9414819278838	13.185919027298	-0.203415378772289	0.00859225897469201	0.0320945646685061
12961	chr4	124488384	124492979	7.74106289164256	7.95117934302898	7.49504122546554	0.316912278305564	0.00860009733539118	0.0321096638640753
5744	chr14	55993042	56006780	9.46224651135608	9.31598719723743	9.59503351058721	-0.225049073948186	0.00860015428055949	0.0321096638640753
9162	chr19	24858727	24874258	10.1883563506469	10.3147843939281	10.0497754964957	0.216603045553825	0.00860187947113936	0.0321096638640753
1156	chr1	172206382	172216549	9.39057890366816	9.2473226959985	9.52088622836568	-0.221740789298825	0.00860306869428437	0.0321096638640753
10961	chr2	153546903	153553412	8.6380176901671	8.47804229727652	8.78201139468578	-0.24230762497782	0.00861451720839229	0.0321460719815331
16509	chr7	132537892	132543260	7.96004743634413	8.15356911188963	7.73648538905142	0.300322636827812	0.00863165512183352	0.0321981937424756
6835	chr15	100489396	100495557	8.67824393875542	8.49087146058245	8.84405466538662	-0.266217764329855	0.00863187785245356	0.0321981937424756
7849	chr17	31617333	31624564	8.46603412886736	8.64894486356424	8.2565194966659	0.288879316263822	0.00864137719613355	0.0322240559559806
17229	chr8	105981489	105990816	9.62373506665709	9.48446138700274	9.75073942134529	-0.216789197092471	0.00864220690320572	0.0322240559559806
1095	chr1	164842121	164852010	9.16347062606091	9.00289125441235	9.30795338065757	-0.240401695723371	0.00864663942119544	0.0322342505548749
7117	chr16	29850442	29862832	9.3806207917873	9.23908980521732	9.5094993256153	-0.222536533297693	0.00865092336439981	0.0322438873788185
9655	chr2	6228394	6236051	9.06739854392809	8.91002313377041	9.20928276795913	-0.239051015639844	0.00867369513908061	0.0323215300229125
12276	chr4	7808268	7816606	8.85444570334663	8.69438925262684	8.9985050630565	-0.242287330409772	0.0086751606479117	0.0323215300229125
2877	chr11	69273724	69289811	10.2180402954257	10.0891257641109	10.33637441522	-0.20514457741615	0.00867809913417244	0.0323249486675685
15527	chr6	146850529	146854507	7.43515990098204	7.63617835836588	7.20152683485113	0.308220724534499	0.00867948460982817	0.0323249486675685
16777	chr8	25361465	25371228	9.34756821356021	9.4756302898129	9.20702138306529	0.219605136719687	0.00868738509704964	0.03234802467273
15321	chr6	120932533	120952975	10.4243527614791	10.5358893530242	10.3034651480745	0.195663424474711	0.00869228698891672	0.032359928356738
1189	chr1	177293996	177297485	7.57878668735746	7.78405688845641	7.33938704549346	0.316118821679733	0.00871099502920538	0.0324232152695213
1945	chr10	78507456	78515374	8.82771927194951	8.96143031156036	8.68033793880945	0.226906773703326	0.00871294272066295	0.0324241058618553
4821	chr13	51433969	51443116	8.68954163696462	8.84852849771011	8.51083911532253	0.2590525665211	0.0087231935157118	0.0324558889893539
7516	chr16	95609188	95612580	7.56630220792057	7.75227827225859	7.35275411896086	0.29284995901396	0.00873038940797385	0.0324762956828568
9423	chr19	44890110	44916547	11.1362111443828	11.2445523090492	11.0190685227784	0.190034012239274	0.00874341462936427	0.0325183747306887
13628	chr5	38503185	38508739	7.95806747120698	8.13973228997622	7.75018659464933	0.287575614576807	0.00874573826495627	0.0325206439127361
13468	chr5	29534291	29548540	10.0035692321859	9.82783524996816	10.1602027281894	-0.256683932647233	0.00876819333645598	0.0325938662031442
2849	chr11	67955619	67962185	8.41007948344399	8.62805840766957	8.15320137809214	0.32602609701945	0.00877044799861083	0.0325938662031442
16095	chr7	89355011	89360781	8.42120224939268	8.57822381308492	8.24497951124576	0.256926375561459	0.0087705819431718	0.0325938662031442
3700	chr12	15847334	15861071	9.71045963997248	9.57792502247494	9.83183665363086	-0.209017576413937	0.00877727704053182	0.0326080164332114
5520	chr14	27112755	27128570	10.3643395493034	10.217322652889	10.4977506002069	-0.225052584307822	0.00877782580522036	0.0326080164332114
5642	chr14	48204436	48213226	8.75165851315916	8.58901186479633	8.8978123702714	-0.243429036015714	0.00879219621856227	0.0326550082254586
317	chr1	59325565	59335718	8.71005349355067	8.91786542722162	8.46718733657016	0.315291038014649	0.00881401874325922	0.0327296540262799
12351	chr4	32885768	32895252	9.18479340083092	9.03166700055429	9.32321534370342	-0.232514731430491	0.00882286037554847	0.0327560772823815
10761	chr2	127536930	127550418	10.0729274212244	10.2098918289008	9.92158297395373	0.230735331410887	0.00882641997922325	0.0327628837836257
14452	chr5	149325003	149330497	8.54582936158486	8.70336252383733	8.36896183105685	0.256986629593895	0.00883477005630798	0.0327874659559384
13445	chr5	25152105	25159415	8.5638357657297	8.74680282193302	8.3542472026826	0.288582312935626	0.00884985836271909	0.0328370404430197
11211	chr2	172621589	172624582	7.58879565456149	7.82056093316884	7.31253609826883	0.337004722502348	0.00887163765528236	0.0329079461239176
6271	chr15	36689834	36702721	10.0582408694901	9.90675078869956	10.195324519884	-0.229903582111236	0.00887243586680469	0.0329079461239176
504	chr1	86294283	86312019	10.7558201913836	10.6381137463788	10.8646434240365	-0.190209643352572	0.00888454095421567	0.0329464053868814
17047	chr8	82731333	82744136	9.05117659237145	8.88821041094586	9.19758836096368	-0.246084906277529	0.00889944837606819	0.0329906936925674
14350	chr5	142554066	142556657	7.53216894562424	7.7536252848132	7.27044403525306	0.327346022134215	0.00889996057252465	0.0329906936925674
3575	chr11	117521140	117530729	9.07555069017748	9.23081442652151	8.90153949449258	0.255790112627126	0.0089122555905815	0.0330298181709913
8740	chr18	61643847	61686134	11.7501418598089	11.8718290204905	11.6172373247121	0.209790168991187	0.00892629202944617	0.0330753800130533
12907	chr4	119731861	119738187	9.09849286725363	8.90498714721067	9.26908690222137	-0.27321710679447	0.00893451808494491	0.0330993985426839
2721	chr11	57783319	57788146	7.87151276958589	8.08890277151023	7.61545273793838	0.325956838067662	0.00898799868539822	0.0332910279176762
5935	chr14	69865299	69871317	9.25472677752301	9.38704030151458	9.10904176612773	0.225009657059402	0.0089917506358186	0.0332984264033563
7501	chr16	94822259	94826113	7.78032576722658	7.97237248140169	7.55873077839386	0.297032710265813	0.00900161761622606	0.0333284628830188
11376	chr3	27395436	27404303	9.0622164102002	9.21596150984543	8.89011093890779	0.252185092679311	0.00900476140231748	0.033332147901507
7705	chr17	23984632	23992862	9.17095961507668	9.00963012926987	9.31604923212681	-0.240071160291654	0.00900612542488686	0.033332147901507
5988	chr14	75576669	75598514	10.4090314812095	10.5144107567161	10.2953441160148	0.186143627440752	0.00907675279038827	0.0335805154012044
17774	chr9	44286808	44289641	8.92760084701503	8.72664310284452	9.10395830339856	-0.279149344196047	0.0090767713793234	0.0335805154012044
7602	chr17	7175862	7187602	9.8405714148285	9.98326212402655	9.68220299527321	0.237625525975655	0.00908904161986306	0.0336193570265798
5406	chr14	8467649	8476337	8.77187353731226	8.58254506434793	8.93921367548194	-0.268742941143243	0.00909121730433637	0.0336208521471161
5159	chr13	96888128	97012385	13.632950934579	13.4734220264309	13.776582875836	-0.239662239581948	0.00909378097502317	0.0336237812439051
4333	chr12	111753998	111758603	8.63030196584898	8.46793547228985	8.77622961073448	-0.243753448232909	0.00910009748887079	0.0336321827154721
11967	chr3	108362517	108379363	10.1356268330938	10.2755974757927	9.98060263131601	0.234332296259195	0.00910067389664757	0.0336321827154721
249	chr1	52238635	52266967	11.6287198357315	11.4491322840721	11.7884066429142	-0.260138436985593	0.00910136943077427	0.0336321827154721
17552	chr9	13226690	13240195	9.94737563582144	9.79518912061547	10.0850292145778	-0.230955706712504	0.0091272005084457	0.0337210703620383
4171	chr12	98472155	98483820	9.62157088488554	9.47875648557427	9.75151261089695	-0.220646524336853	0.00914565624166183	0.0337826799942584
2575	chr11	35092760	35102459	9.22573272685103	9.08071538633686	9.35749536710748	-0.225343922208665	0.00914804467729702	0.0337849270150652
914	chr1	152079951	152104350	11.2268007003951	11.0585926352033	11.377428772139	-0.248500236166828	0.00915004116894771	0.0337857259426962
16439	chr7	125930216	125937322	9.08585935878475	9.2377117399745	8.91612272552389	0.249211340762196	0.00915293049687846	0.033789820638058
18362	chr9	103737357	103744441	8.475055929757	8.70648382163832	8.19927603592011	0.336396132822018	0.00916459205333662	0.0338262918281361
10989	chr2	155540107	155552352	9.22282603832331	9.0757510247375	9.35628493805382	-0.227187939839876	0.00916986214596574	0.0338391626809807
16013	chr7	79835729	79852386	10.8293058555726	10.7122937238701	10.9375354017954	-0.190187088199635	0.00917339347525679	0.0338456132906102
749	chr1	132530021	132536205	8.69497372689056	8.91137822745233	8.4402808754708	0.324194407906446	0.00917637085800901	0.0338500179813709
9323	chr19	38758262	38772777	9.88116772050736	10.007426052411	9.74279077251841	0.215668387797853	0.00919709010982997	0.0339198548764988
14655	chr6	40837171	40841903	8.00095585271152	7.75183853445525	8.21332465459346	-0.319845807281147	0.00923440694255178	0.0340508664003672
9480	chr19	47934654	47948913	10.4290469471186	10.5565093881353	10.2892221338398	0.217715586329895	0.00923866705740951	0.0340574825009264
5329	chr13	111942485	111959882	10.0501671786984	9.92380635739609	10.1663462796614	-0.200539814355934	0.00923979015739869	0.0340574825009264
16090	chr7	88245511	88276179	10.8676055357425	10.6761186343552	11.0366290899544	-0.27125523449015	0.00924226787371354	0.0340600003835358
3548	chr11	116502014	116510297	9.19345686276289	9.05637004286083	9.31864039967526	-0.214738863967693	0.00924745661005099	0.0340701497145458
11309	chr3	8753139	8758751	8.29363626504404	8.48663253577874	8.07077545362676	0.297838996458805	0.00924861222031404	0.0340701497145458
12114	chr3	137753952	137763334	9.40105440499402	9.5343221778236	9.2542115085616	0.226405168640038	0.00925437568439873	0.0340847654015532
2389	chr11	6483243	6486103	7.21250852249997	7.42639831648169	6.96129423209288	0.324493326798476	0.00925696105713735	0.0340876724686476
17408	chr8	121727009	121734748	9.72874465321771	9.58236345164421	9.86163209650308	-0.226287690233971	0.00925951949079025	0.0340904792271015
1808	chr10	62652417	62676792	10.9821119863159	10.8492014827477	11.1038041498964	-0.208860213474641	0.00926253012964744	0.0340944428312757
588	chr1	91708383	91711907	7.66642126055349	7.86777425176408	7.43233592043481	0.307017296999951	0.0092641889288629	0.0340944428312757
8562	chr18	37766478	37770056	7.47278851469913	7.69107072010925	7.21548880917274	0.326366177308732	0.00927243895916875	0.0341181890279302
3689	chr12	12250250	12261593	9.82452541218593	9.64163371748083	9.98681859793673	-0.26262114360154	0.00928404806833229	0.0341542834442486
5254	chr13	107175390	107186873	9.05664680171642	9.20291132771606	8.89386305853199	0.242095477762905	0.00930418622281481	0.0342217345586826
11396	chr3	31130830	31136951	8.10408208039789	7.87304173628129	8.30317925070567	-0.307165128609048	0.00930637732824495	0.0342231612696688
2541	chr11	32921279	32935054	9.82151373068126	9.95781997689961	9.67097262838151	0.228315212436281	0.00931208003271234	0.034232122835458
10642	chr2	118881955	118905673	11.8974540187761	11.7344917636138	12.0438626189068	-0.242756749966093	0.00931242163441012	0.034232122835458
6444	chr15	63635438	63642739	8.68825800859821	8.5093885669956	8.84737694069989	-0.259317000184132	0.00931589658480421	0.0342382651593724
16693	chr8	11692657	11704646	9.33618407007567	9.48245914025662	9.17338726370205	0.2429509349325	0.00931942505281128	0.0342400747642219
17384	chr8	120945098	120990104	12.0024530306807	12.1069341390557	11.8898104105983	0.184639516439703	0.00931999716697245	0.0342400747642219
1034	chr1	161561933	161571560	8.95231635569851	8.74853819064937	9.13084141628031	-0.28238649495272	0.00932288939156465	0.0342440715623196
9407	chr19	44357331	44360640	7.43389790136269	7.67076114363161	7.15035735510379	0.339636157848253	0.00932676132152021	0.0342516646906215
8302	chr17	85956918	85959874	7.32149980090949	7.56428813741293	7.02941784583892	0.34678356063933	0.00933606802250064	0.0342792097115573
16155	chr7	98432302	98448181	9.88727509167548	10.0090743843971	9.75423677187076	0.208579908899424	0.00933858709084665	0.0342818267692802
9273	chr19	36172971	36183247	9.03261891212892	8.87939092217387	9.17112385097163	-0.231677519501613	0.00936554336422622	0.0343741341151904
17442	chr8	123669040	123674697	8.36464391555142	8.53910740300905	8.16614258345626	0.27725649289656	0.00937644462041689	0.034407490806437
3116	chr11	85254415	85262316	8.98836633306375	8.82978969799997	9.13122601960309	-0.235952776417778	0.00937978264398156	0.0344130861782575
12501	chr4	47255284	47296095	11.6902412312234	11.7850124110736	11.5888040389329	0.170127069012486	0.00938633719318883	0.0344304780806979
14720	chr6	49666195	49676299	9.41839263772724	9.27292887806155	9.55052366227416	-0.223296367668739	0.00939850123451017	0.034468435735221
2873	chr11	69174417	69222933	12.3221559187984	12.1789758105558	12.452400285414	-0.221071563453783	0.00940231398698724	0.034475756792703
3441	chr11	107825171	107841834	10.0295987899241	10.1509569136119	9.89708669718089	0.208473327358022	0.00942515307046567	0.0345498324414495
9455	chr19	46993625	47000018	8.60318761848054	8.76519834227287	8.42065465936034	0.260093924191599	0.00942615693038757	0.0345498324414495
13463	chr5	29381108	29396925	9.89036470801407	9.76933210121205	10.00202470695	-0.195701076874221	0.00943494582766559	0.0345753691568382
3058	chr11	82161449	82172318	9.58988320345171	9.44189227590507	9.72409572639695	-0.224773941207784	0.00944182702789783	0.0345939064020218
17484	chr8	125562258	125578158	9.82564350947473	9.67602407408156	9.96119383394105	-0.227651078335028	0.00944477835063773	0.0345980405938532
11442	chr3	38147641	38160132	9.05338113114517	8.8898740954654	9.20022921572745	-0.246598268658709	0.00950217789636394	0.0348015890187362
8129	chr17	66476659	66483498	9.28323878431011	9.42533950497807	9.12559692768253	0.236235416585246	0.00950515751626283	0.0348057851632553
214	chr1	43208293	43220219	9.87382644659605	9.70705201828536	10.0233041183568	-0.245923199811991	0.00951766314565378	0.0348448551005716
6136	chr14	123236467	123243241	7.95603158454843	7.71068984868778	8.16565220899333	-0.320058871284796	0.00952495385373286	0.0348648214445508
5114	chr13	94917693	94950183	11.227130849662	11.3391536983525	11.1056717683366	0.195438941290124	0.0095465487810437	0.0349371286763263
17357	chr8	120035135	120040190	7.94730878962284	8.16572939592794	7.68981661849583	0.323256778236505	0.00956241505688861	0.0349872275666805
17531	chr8	128288503	128294652	8.06347770718903	7.87071142550323	8.23349697117025	-0.269868082156347	0.0095639252129163	0.0349872275666805
10473	chr2	93326410	93346643	10.8628280192561	10.957591579329	10.7613995567682	0.17005671524232	0.00957848389370321	0.0350337340178441
3014	chr11	78754276	78766840	10.0638734229922	9.93888334702241	10.1788928768435	-0.198912016092571	0.00958910242756169	0.0350658140602492
7267	chr16	38893898	38908293	10.2120820640602	10.3315208695116	10.0818552368717	0.205860298737796	0.00962851476796119	0.0352031558044953
399	chr1	66946311	66953697	8.53235258730357	8.72022727076805	8.31629625376974	0.292866325780804	0.0096310196752106	0.035205532052354
2979	chr11	76540538	76549245	9.03391180253863	8.86963541229364	9.18138002919347	-0.244943104655417	0.00965591797327361	0.0352897491266628
2566	chr11	34162905	34213687	12.0219900468783	11.9136271344536	12.122779227105	-0.178933827686007	0.00966900782748968	0.0353307854366436
15839	chr7	45783238	45793366	9.29519626981012	9.15194453536159	9.42549989391936	-0.219645100501974	0.00968893453254639	0.0353967831555723
119	chr1	36727469	36732554	8.26967044941038	8.06934454448695	8.4455412837794	-0.276634885003973	0.00970251837892968	0.0354395874352784
11965	chr3	108344778	108352031	8.31576652302986	8.49599464730423	8.10976552661139	0.284122146273746	0.00971538089032134	0.0354797409885335
13891	chr5	100857303	100866992	9.57558093749446	9.76937811784544	9.35165094703847	0.299231361035024	0.00971762733559235	0.0354811175841107
8341	chr17	87517221	87529037	10.0088547647023	10.1255473627286	9.88188620242506	0.202055079138843	0.00973429070996839	0.0355273077428674
3912	chr12	64917804	64923340	8.38439140316739	8.16981150221899	8.57114920123987	-0.289648358941405	0.00973489526725155	0.0355273077428674
9463	chr19	47188248	47195196	8.7019757130632	8.8523021559206	8.53414378842284	0.245886284186454	0.00973589375471064	0.0355273077428674
14543	chr6	29220126	29228002	9.16732454539811	8.99972222558718	9.31746679738973	-0.247373601935517	0.00974948280363269	0.0355700565417426
8257	chr17	83528705	83535542	8.29239858541217	8.08543727825739	8.47336103782238	-0.283235345914012	0.00975483636648958	0.0355827482989825
16220	chr7	101836200	101846677	9.58493299472521	9.45425725698197	9.70474926682991	-0.204887994046885	0.0097593539593025	0.0355897945959486
18909	chrX	139834480	139841360	8.39548238733017	8.62525085286815	8.12205775125292	0.335146995305894	0.00976051851372109	0.0355897945959486
16912	chr8	57430461	57471388	11.9378419996481	11.7762186378515	12.083169214692	-0.240743871895026	0.00976399802033394	0.0355956431863077
15310	chr6	120570838	120581229	9.83549926367202	9.69159090787425	9.9663458705823	-0.219595792455687	0.00977255122170028	0.0356199826457941
6091	chr14	118420167	118429024	9.19255157112758	9.32423534887664	9.04762976581142	0.221977729909663	0.0097863152665921	0.0356595335858882
13094	chr4	134600592	134608064	9.11848208876612	9.25799786973517	8.96401575217966	0.23368165441932	0.00978716004262034	0.0356595335858882
13570	chr5	35275721	35283211	9.37768609822162	9.1538407962597	9.57141987725381	-0.299167834755691	0.00979133450252236	0.0356618913172563
18358	chr9	103245495	103253206	8.64257759383882	8.80518861701541	8.45928204487905	0.261299622472737	0.00979317237977394	0.0356618913172563
16977	chr8	70938964	70951162	9.57555863386935	9.44257896230704	9.69730877274977	-0.209604656751941	0.00979614694029316	0.0356618913172563
14757	chr6	51114538	51118306	7.95449059234733	8.13807930544024	7.74408556307466	0.286823407406776	0.00979870109523548	0.0356618913172563
18566	chr9	121264957	121276924	9.14344995264482	9.31239727290027	8.95206092061016	0.269688763589759	0.00979916916929265	0.0356618913172563
14012	chr5	112573167	112579914	9.15889421380201	9.34439524371282	8.94597249067682	0.289016512815453	0.00980149349524739	0.0356618913172563
13859	chr5	96815458	96821722	8.18702973837384	8.3762068163379	7.96924838710076	0.293090998083183	0.00980259124547109	0.0356618913172563
5325	chr13	111637649	111686570	12.2461891512213	12.1036103401017	12.3759358431291	-0.219872683075528	0.00980391717238308	0.0356618913172563
17334	chr8	117802111	117829708	10.808092830131	10.9087271465274	10.6999089209075	0.178700244982001	0.00980548093937554	0.0356618913172563
16775	chr8	25308998	25329635	10.2887674156936	10.3986194503747	10.1698563225778	0.192020957236856	0.00980659733309241	0.0356618913172563
3276	chr11	99028530	99064884	12.4398956949932	12.2841949773642	12.5804175144493	-0.234313847537219	0.00981787556024928	0.0356960651835194
7375	chr16	78278706	78290549	9.34963283303022	9.48830668629898	9.19619804635136	0.233253242471687	0.00983257891139262	0.0357426767208046
13803	chr5	77095613	77109229	9.81424449969669	9.69030326869506	9.92837525828992	-0.196653310490956	0.00984539312735455	0.0357811776565811
1052	chr1	162070094	162076516	8.38534992307252	8.20385176209261	8.5465451615305	-0.258792901740866	0.00984694087677554	0.0357811776565811
797	chr1	134511088	134519036	9.38080327949609	9.20757356797438	9.53544470144823	-0.251082281593544	0.0098609469744373	0.0358252129838908
1644	chr10	41420248	41434793	9.92366771441338	10.0398514925493	9.79730135965133	0.200014442202681	0.00986876088244394	0.0358467392895509
15170	chr6	99993316	99998092	8.01885985896885	8.19103578598853	7.82331556384171	0.273503028043969	0.00987196257644717	0.0358481420265678
4245	chr12	105705735	105712548	8.15511135619268	8.33333938388457	7.95172025829032	0.278895228927686	0.00987353471742682	0.0358481420265678
11680	chr3	87584026	87600295	9.90910351520393	9.77112140534775	10.0350330978025	-0.215420025039941	0.00987481355787431	0.0358481420265678
5550	chr14	31299541	31309222	8.94866813446096	9.1380715542641	8.73058662459528	0.293399327715931	0.00988004691201954	0.0358602811901356
11114	chr2	164923274	164974645	12.7933782522107	12.6663467693063	12.910123990813	-0.201700711386048	0.00988694942630817	0.0358784728799049
8916	chr18	84785781	84792637	8.57390788823707	8.73217597788559	8.39611318798037	0.257421718747639	0.00989220011597192	0.0358906645002927
2538	chr11	32808159	32821105	9.81777784752312	9.92676463878044	9.69988001260365	0.191264848545162	0.00989479056139106	0.0358932014649543
7869	chr17	32533553	32545958	9.83443405952904	9.71344085322629	9.94606052601783	-0.195530098892728	0.00990384466826686	0.0359191798125429
4604	chr13	32385524	32401710	10.0567263943355	9.9297066685828	10.1734622035806	-0.200979162502531	0.00990898807822733	0.0359309676608094
12723	chr4	102451177	102469033	10.2420284176726	10.1138157632412	10.3597709399165	-0.203489439233609	0.00991475601434086	0.0359414051095119
17768	chr9	44053925	44065689	10.2895100740068	10.1160754154768	10.4443147587123	-0.252373934164323	0.00991565399406735	0.0359414051095119
16847	chr8	35732697	35748059	9.68117945586109	9.8006059016129	9.5509673233713	0.204774794901692	0.00992457052881979	0.035966855846185
2576	chr11	35104140	35128028	10.904946698004	10.7628678035521	11.0342793358601	-0.219561099519733	0.00993189076285593	0.0359865129416271
4820	chr13	51404135	51413424	10.3130469553424	10.1721222244067	10.441422658979	-0.217257950229778	0.00993875661091476	0.0360045164570627
14533	chr6	28899665	28904413	8.08807682728626	8.32400509324666	7.80587631350922	0.338191895154108	0.00994466638101267	0.0360190502376411
15509	chr6	145802540	145808735	8.38876476575175	8.54731888829063	8.21060892319141	0.25573524469272	0.00995771348250916	0.0360594245725131
13478	chr5	30214860	30220775	8.54569432189544	8.36439892906608	8.70672964383096	-0.257752880440942	0.00996733627590088	0.0360873855742699
2806	chr11	62237644	62265151	11.163811602533	11.0603553333424	11.260342809874	-0.172600964169454	0.00997102234216106	0.0360938457051068
10294	chr2	72580882	72590920	9.49253560643676	9.35520503342946	9.61792234706207	-0.215076960809272	0.00998409150001705	0.0361342625054965
11972	chr3	108468702	108500619	11.1253508364164	11.2346600574919	11.0070755687168	0.19088682734826	0.00999872927095456	0.036180339911048
4600	chr13	31716068	31728238	9.17769527388764	9.03370911811521	9.30860618636631	-0.221195771942367	0.0100029762244168	0.0361888078084647
6532	chr15	76282614	76290032	9.36818902600355	9.22693393777034	9.49683877687507	-0.21596279136263	0.0100184422131958	0.0362378530139591
986	chr1	156178762	156220199	11.8655526084678	11.724489625665	11.9940430126342	-0.217696598604605	0.0100363258851208	0.0362956228989533
2762	chr11	59549966	59561383	9.26428486024845	9.4113689349305	9.1004851401806	0.241482495587582	0.0100386154987277	0.0362969867689755
13382	chr5	19906674	19910516	7.6926779362147	7.88564003252574	7.46986271532823	0.299668449301598	0.0100463118472714	0.0363178957236883
5120	chr13	95241390	95256984	10.1651634671996	10.2750747374186	10.0461829570162	0.192017266905324	0.0100575896632609	0.0363517414243056
4279	chr12	108089001	108093003	7.96333497063814	8.13890059841731	7.76340510189314	0.279017612441238	0.0100620658934157	0.036360995542867
13337	chr4	155308938	155332322	10.6852257381531	10.7873702169462	10.5752945006892	0.180761895484593	0.0100943831575705	0.0364708353222026
1031	chr1	161486953	161504988	10.0581296713059	9.86400147153839	10.229207158767	-0.272294146625301	0.01009778725474	0.0364761903897431
7543	chr16	97177278	97183280	7.96243978292946	7.76347825642106	8.13725852931986	-0.276779543248337	0.0101148175614618	0.0365307559465241
7657	chr17	15265850	15271252	8.14375213401764	8.3190424477132	7.94417934784133	0.277318764703801	0.0101389416322736	0.0366109157608298
1956	chr10	79576809	79580475	7.73993459794261	7.94424837107981	7.50183563915508	0.309553578478493	0.0101513118073409	0.0366486107649844
5195	chr13	98642042	98646915	8.22738581795347	8.4094457196212	8.01898722662132	0.285592423445464	0.0101563101217446	0.036659682350816
15204	chr6	103543327	103546946	7.80146737462693	8.00264046087853	7.56762528820089	0.304509577304416	0.0101929329776028	0.0367848783004227
16706	chr8	12733516	12744693	9.14606853778623	9.28544285494845	8.99177561968236	0.230580237135841	0.010207996438268	0.0368322365783056
15064	chr6	88844701	88850455	8.87817050756133	9.01951942864386	8.72145352206148	0.235879292133541	0.0102115547702909	0.0368380722268296
14303	chr5	139082679	139087877	7.78343109451472	7.99428362683804	7.53639901354523	0.316024484255945	0.010215592267697	0.0368445627184727
9278	chr19	36308804	36327141	10.1735112727013	10.0494599071586	10.2877354053251	-0.197549433454729	0.0102172366082155	0.0368445627184727
5281	chr13	108305330	108316344	9.84592293253781	9.72357369964776	9.95870249392219	-0.195662133581117	0.0102426626739738	0.0369292353513202
6283	chr15	37244453	37256178	9.3357133047727	9.47107461721092	9.18632415720697	0.227444812710219	0.0102447185728782	0.0369296322496973
8289	chr17	85472287	85476225	8.00843338297732	8.21154380088828	7.77196802648898	0.304569390472086	0.0102552826633754	0.0369606930627045
7523	chr16	95687226	95703641	10.3220425145466	10.2129810909287	10.4234356660346	-0.179180015114098	0.0102625476569026	0.0369744864029315
9624	chr2	4492998	4496766	7.67876097689042	7.86349773866822	7.46684599158639	0.286382121983977	0.0102630061842375	0.0369744864029315
3504	chr11	113792519	113810256	10.9182078231644	11.0395041377379	10.7857694282469	0.208090876177714	0.0102729386350522	0.0370032458444971
8810	chr18	68350680	68355613	8.04867334373785	8.23005511151378	7.8411631745511	0.28395058191321	0.0102803316379484	0.0370228489860766
3857	chr12	40489146	40496069	8.47740605205587	8.64999781616145	8.28132502008096	0.274157040636773	0.0102830023631228	0.0370254414436933
18190	chr9	77688759	77692613	7.72409212861997	7.91744969118885	7.50074918010491	0.297443441289884	0.0102857781216656	0.0370284110339702
7878	chr17	32830670	32842983	9.88706843746995	9.73956574966321	10.0208793403891	-0.224620165846818	0.0103000013670649	0.0370725822009339
7902	chr17	34249637	34291770	12.0350830806177	11.8855126579267	12.1705931818091	-0.227019393466455	0.0103040825970328	0.0370802395921662
9729	chr2	13342255	13350606	8.7421655849524	8.5698127525532	8.89610800577053	-0.250448286547826	0.0103096916202489	0.0370933909498965
6437	chr15	61293425	61304388	9.21025463679197	9.03499121145492	9.36651429204233	-0.252968522590577	0.0103209083109337	0.0371267094073562
13532	chr5	33216845	33223518	8.15961301605876	8.36925216207786	7.91424589141871	0.313269499486713	0.0103303021751911	0.037153459348674
9582	chr19	59373720	59403468	11.1441821858419	11.2395707809757	11.0420373062088	0.170170830753524	0.0103329049491202	0.0371557792780129
15082	chr6	90422746	90437888	10.5205262440784	10.6326454972306	10.3989538147772	0.195568783100461	0.0103362995486392	0.0371573289928463
6615	chr15	80344603	80351974	8.60353671395838	8.82320753576311	8.34430394254755	0.322121987573475	0.0103372515455097	0.0371573289928463
8374	chr18	5353593	5362859	8.97465349847268	8.82698197161904	9.10860331434422	-0.226610280108368	0.0103413738933511	0.0371651079571882
12507	chr4	47506364	47516717	9.19063464752601	9.33440121704238	9.03093961169499	0.236680708767523	0.0103490807774704	0.0371857637401761
15842	chr7	45838938	45845546	9.15903696596582	9.29797044741751	9.00528421947475	0.230355723474287	0.0103524769393213	0.0371909255785309
4960	chr13	63928672	63943916	9.76173330982103	9.88277542106342	9.62959794036714	0.208191954793044	0.0103689692678023	0.0372431240979597
3330	chr11	101686583	101698446	9.98313534060292	9.84836604806211	10.1063837315397	-0.208828696166137	0.0103790449439887	0.0372722599795576
14541	chr6	29101212	29110128	8.62409911040698	8.77340653309242	8.45753662974534	0.24397442684579	0.0103865333079415	0.0372920952802539
7524	chr16	95728594	95750888	11.2284378811971	11.0674708694418	11.3732343182967	-0.238861351754656	0.0104124799106252	0.0373781835112079
15261	chr6	115516443	115524892	9.65718516708984	9.51264829742136	9.7885510910923	-0.220835369361875	0.0104334900860578	0.0374465220013788
16135	chr7	97451852	97464807	9.38656678928611	9.22965995403157	9.52807010473446	-0.232786283809894	0.0104393872469937	0.0374606032446007
7940	chr17	36071531	36101314	11.4358424041969	11.2498564471537	11.6005667553146	-0.263818782969367	0.0104584513819133	0.0375196375185363
18067	chr9	65241323	65246497	8.54283911517717	8.69260674798598	8.37570357727445	0.246593162295962	0.0104597925133345	0.0375196375185363
11933	chr3	106619396	106632983	9.59457969651708	9.42850268348809	9.74349699242999	-0.243369671806748	0.0104657970704208	0.0375340821238692
9141	chr19	21310328	21315528	7.92041197785522	8.11223368406754	7.69911665502608	0.298308886847133	0.0104698406708431	0.0375359775772472
264	chr1	53464233	53474626	8.56636685439958	8.40276353210779	8.71329258398751	-0.241189718155001	0.0104702811156513	0.0375359775772472
3744	chr12	25241820	25249776	8.67345727498954	8.82657736697506	8.50213480810502	0.250839729624806	0.0104876781478258	0.0375854963059831
2933	chr11	72469888	72506863	11.8092962906663	11.7109526164287	11.9013618871477	-0.165301736934526	0.0104880546096468	0.0375854963059831
15650	chr7	24856948	24862627	8.42008650505577	8.58520183891384	8.23360181763344	0.264248554183523	0.0104930348982952	0.0375962449187739
1726	chr10	52229282	52239039	9.67143899183892	9.51381249333657	9.81352723548641	-0.234699489231365	0.0104989874058705	0.0376104722491536
13152	chr4	137396614	137415331	10.307391716503	10.4162069579534	10.1896946212861	0.189434933253213	0.0105038022890673	0.0376206196724302
13442	chr5	25000486	25007561	8.66891587826805	8.84741356526071	8.46517339175221	0.280856465397356	0.0105402995866004	0.0377441413051782
9224	chr19	32592807	32610719	10.5467117395904	10.409447257349	10.6720433901573	-0.213301416880494	0.0105422674039069	0.0377441413051782
9579	chr19	59204315	59215772	9.06621935100057	9.2438499057788	8.8636062717181	0.27764245647311	0.0105443372276469	0.0377444315811978
6637	chr15	81943047	81947344	8.08012166075152	7.86040418629175	8.27075726869313	-0.293424547256775	0.010564842506563	0.0378107007226211
17134	chr8	92852213	92857137	8.41394041342163	8.59101153368512	8.21205514786964	0.277501714322185	0.010568736680171	0.0378175063071201
11676	chr3	87398657	87406187	8.67418344352955	8.81760189205832	8.51491790872723	0.237103132237115	0.0105725987380554	0.0378241944296992
18141	chr9	71584711	71601968	10.2156732942495	10.3252728825857	10.0970579691005	0.191101374182308	0.0105749043043247	0.037825312625665
11462	chr3	51345097	51353772	9.29146786569971	9.10754069568631	9.4545756624726	-0.260543559154202	0.0105795252099107	0.0378347105631987
1307	chr1	184160461	184184388	10.24793323557	10.1219743399151	10.3637725191649	-0.198967432043027	0.010596523494095	0.0378883608504952
16407	chr7	122201478	122230316	11.0713209374484	11.1744787277142	10.9602150365994	0.181411109163653	0.0106082359785026	0.0379230948645699
2467	chr11	22281497	22292271	9.7814886805189	9.59672608726025	9.94525294606246	-0.261944172343843	0.0106150411551255	0.0379402760985172
11432	chr3	37852492	37866358	9.38149863090169	9.2487997936919	9.50301334801152	-0.207374576351751	0.0106247790858265	0.0379679311372435
10998	chr2	156397969	156410698	9.64876810371813	9.76804139419909	9.5187380377905	0.204781563978118	0.0106402963404726	0.0380162244438686
3606	chr11	118960552	118965690	7.82290121001264	8.04503426100116	7.56022984434525	0.323627490696397	0.0106476813566167	0.0380354497397381
4730	chr13	44130419	44141145	8.90783347530819	8.74849943424829	9.05130746239684	-0.23851902833652	0.0106529862796899	0.0380426243778229
16927	chr8	61614805	61622427	8.747750508911	8.91944078360426	8.55283261545573	0.271393122354042	0.0106575730718336	0.0380426243778229
1385	chr1	193423423	193440121	10.0670924788016	10.1850858691291	9.93858226896501	0.201897926472982	0.0106580106028556	0.0380426243778229
15575	chr7	13039629	13046390	9.50289314716174	9.37479849026662	9.62053615961957	-0.200944486795997	0.0106592905901669	0.0380426243778229
11607	chr3	73053599	73059723	8.67416788760249	8.86975749429879	8.44784005602911	0.297598749223553	0.0106597121261005	0.0380426243778229
17751	chr9	43147687	43161329	9.62687442440844	9.75610988665201	9.48491281105368	0.217499370018829	0.0106999979778785	0.0381792182030751
9647	chr2	5934914	5948554	9.85348103500291	9.70142404030072	9.99102865828358	-0.227711607714252	0.0107064998203743	0.0381952368591888
8305	chr17	86152581	86161225	9.57894233540299	9.72333433852992	9.41847507675692	0.23761253546363	0.0107175932884242	0.038226099691549
12719	chr4	102249342	102256395	8.53769912478652	8.36635423757614	8.69083712154874	-0.250683027831775	0.0107191792274843	0.038226099691549
17482	chr8	125525553	125528697	7.31550675561874	7.55053319139094	7.03459676880627	0.334979758479693	0.0107244585379931	0.0382377416104772
4802	chr13	48705372	48708615	7.45594994637794	7.64848372621656	7.23370590915813	0.294834658611664	0.0107362159986211	0.0382669700198365
10622	chr2	117569811	117574155	7.58394544772075	7.78097829813658	7.35568182695179	0.30260428763622	0.0107366887273107	0.0382669700198365
13737	chr5	72313736	72318870	7.88362057934258	8.07685977883063	7.6604356151599	0.291947350667854	0.0107388393106618	0.0382674486062807
7867	chr17	32474551	32493302	10.7061199792035	10.5907577645022	10.8129366020643	-0.186355854288577	0.0107547785612972	0.0383170531846929
7232	chr16	36419929	36426821	8.32022998666504	8.1460322878644	8.47564215039821	-0.254828961376199	0.0107853872102472	0.0384188933677331
4783	chr13	46596612	46604231	8.94699485336668	9.09553881745761	8.78138213283904	0.241271367146224	0.0108007806527335	0.0384665070385116
16782	chr8	25552877	25560100	8.71289307369125	8.87180844739138	8.53428088737683	0.253848077006185	0.0108078468991881	0.0384844514633566
4956	chr13	63718041	63726052	9.10126957517926	8.94815022043636	9.23968576165091	-0.228613104026984	0.0108204126202385	0.0385219679458837
4281	chr12	108300406	108312936	10.5822022443472	10.6999156498232	10.4540241180784	0.202593624717679	0.0108341140099567	0.0385635127147351
6015	chr14	76904358	76914734	9.15020292974105	9.2854463192284	9.00095742283756	0.225994937891806	0.010849729304709	0.038611853079706
9706	chr2	11304335	11309541	8.15564468953901	7.96677567083379	8.32262590783225	-0.263052643609215	0.0108596839002118	0.0386363204474742
6188	chr15	12537459	12558551	10.7141819127076	10.5936274111039	10.8254348977485	-0.193259548661551	0.0108606759885808	0.0386363204474742
15069	chr6	89006451	89041935	11.4390298609231	11.5346871483761	11.3365768004883	0.1706801061208	0.010875259010441	0.0386809484181335
4550	chr13	24948919	24960066	9.57750519930091	9.44734523323856	9.69688776603954	-0.20313391277184	0.010888893209995	0.0387221855410333
11364	chr3	19692574	19699054	8.58842551798926	8.39889438028128	8.7559239106085	-0.266804703045642	0.0109022074950108	0.0387622697729131
9379	chr19	42496762	42505549	8.99637067295027	9.13494116738937	8.84306243169434	0.230126161749063	0.0109047893842746	0.0387641876239272
6318	chr15	39158217	39165979	8.38533710097147	8.5353161069089	8.21793822200403	0.244105924175734	0.0109244915324238	0.0388269522085901
18040	chr9	63922681	63934218	10.0384452261625	10.1569065731308	9.90937966909047	0.20309986773756	0.010933321246181	0.0388510585903894
8914	chr18	84696608	84703076	8.59096045237906	8.74815118636656	8.4145245579269	0.254674346020673	0.0109455333237989	0.0388854515950609
8349	chr17	87740911	87748830	9.06996592506591	9.23237414659648	8.88692808559849	0.261479953924435	0.0109470977328843	0.0388854515950609
16525	chr7	135808522	135811723	7.73006670344552	7.91690560595304	7.51537967829003	0.28609791399771	0.0109607714181811	0.038926736666478
17274	chr8	111898424	111903371	8.77034124216281	8.91465907053987	8.60996560618129	0.24036906770289	0.0109657412323387	0.0389371006264837
11677	chr3	87440126	87458463	10.4121307059733	10.300110890963	10.516075813096	-0.18195664727088	0.0109690076488381	0.0389414134244854
3288	chr11	99371634	99379756	8.96514395697913	9.10178948696652	8.81418883010082	0.227681242687363	0.0109749821988318	0.0389488983941213
6452	chr15	64355108	64450055	13.2076603824493	13.0673321847999	13.335540942123	-0.21611730000544	0.01097522043373	0.0389488983941213
18387	chr9	106904510	106910025	8.31502002691129	8.47675234786647	8.13284049219994	0.257158076879389	0.0109780449187875	0.0389516385331218
3636	chr11	121126104	121145779	10.8848074662719	10.73149561099	11.0233809127768	-0.229905761261987	0.0109843779613768	0.0389668241736394
5474	chr14	24502542	24510923	9.51803400150557	9.36798121705691	9.65393985450861	-0.224849392695192	0.0109891897574632	0.0389766085604363
13887	chr5	100709155	100724864	10.0373352815533	9.89313942718328	10.1684194888661	-0.218777905640125	0.0109930285832897	0.0389829389914529
18173	chr9	74921870	74927836	7.99877738100737	8.18236393292038	7.7883751915762	0.283671346526293	0.0110036601463824	0.0390133506292156
3791	chr12	32062590	32074451	9.81811645618631	9.66954733211274	9.95280427628084	-0.225499272750265	0.01100577108479	0.0390135467721759
15126	chr6	94960773	94969084	8.71511010301825	8.8684227179057	8.54354652647445	0.248992164315938	0.0110104018374806	0.0390226734777862
592	chr1	91837392	91874672	11.3738815484925	11.2526342176521	11.4857242620875	-0.19398233035419	0.0110134906301029	0.0390263328358332
10855	chr2	132760852	132764278	7.7149997290806	7.91362359179861	7.48459685616923	0.299210435963616	0.0110169410106129	0.0390312718761288
10325	chr2	74599960	74624421	10.3198674551248	10.1978690116529	10.4323489155784	-0.194740354470357	0.011050293501892	0.0391421277290794
15132	chr6	97055253	97064942	9.88506455845949	10.0158063240939	9.7412830282581	0.21970109598884	0.0110663919415319	0.0391852673460138
2899	chr11	70241310	70261483	11.3083229739428	11.169717341392	11.4347716373252	-0.213813203432302	0.0110666016636616	0.0391852673460138
3080	chr11	82933059	82947766	11.1944690091905	11.0307821150128	11.3414621231096	-0.240801916252927	0.0110764328482862	0.0392127623629219
7495	chr16	94530292	94542868	10.1210738987043	9.99007250618697	10.2411638625109	-0.203870500534498	0.0110848580769748	0.0392352706905828
16911	chr8	57405274	57426202	10.8752720498447	10.68488217967	11.0434405602925	-0.266597905692428	0.0110959415743603	0.0392671779115766
1048	chr1	162000374	162010735	9.29448927200684	9.16122875608907	9.41647475681706	-0.209097390979521	0.0111142724591942	0.0393235406345975
8020	chr17	46754055	46770178	10.2054332370985	10.0778027014245	10.3226847008365	-0.201162148641074	0.0111167893722089	0.0393235406345975
7493	chr16	94313544	94353284	11.4924476703798	11.3808744881678	11.5960081292061	-0.181938312799668	0.0111180841480189	0.0393235406345975
13959	chr5	108047997	108054635	9.05175202598182	8.87849511555067	9.20641511724432	-0.249605896236725	0.0111214536868185	0.0393281292196996
11033	chr2	158222229	158236176	9.99023782932815	10.1078399507584	9.86219165537687	0.20071308029827	0.0111238533422565	0.039329286993794
9534	chr19	56660231	56677721	10.3241040732259	10.1801595078483	10.454980609952	-0.219959803309354	0.0111261571885731	0.0393301056587686
7159	chr16	31376763	31380126	7.21091616874184	7.43155589623879	6.95033196254885	0.318565715857387	0.0111421069167446	0.0393791521737236
16008	chr7	79707087	79733733	11.0643755219891	10.9537680574404	11.1671035289143	-0.180056509448163	0.0111460858034085	0.0393858801829996
5629	chr14	47361316	47368289	8.77437883547629	8.55421775596256	8.96534813934356	-0.290032919417352	0.0111492064746742	0.0393895736565232
8202	chr17	79014401	79041655	10.8395825257586	10.6848214582524	10.9793386587197	-0.231249324936913	0.0111571457653318	0.0394102865215397
13980	chr5	110624437	110638856	9.85356287347232	9.97020601851243	9.72665286101777	0.200154963422601	0.0111611205378996	0.0394169904519533
367	chr1	63443689	63449079	8.23551945730147	8.04248023772727	8.40575093891903	-0.271518899476621	0.0111679346162681	0.0394326554945747
11311	chr3	8960414	8966269	8.52434918000897	8.35276903203854	8.67767502483823	-0.248237356204656	0.0111697115727295	0.0394326554945747
6016	chr14	76939834	76948950	9.10375211959098	9.24931842715769	8.94183292396199	0.239990919556819	0.0111854388377342	0.0394808338667207
10149	chr2	59571332	59583981	9.34834890257129	9.47385353432118	9.21087687859166	0.212271836822726	0.0111905624414829	0.0394915739265346
7287	chr16	44826982	44837678	9.39927825233796	9.52306524837955	9.26386461314221	0.208782845568203	0.0112203345182922	0.0395892784574583
3224	chr11	95687764	95712729	11.1713687250013	11.0620867460712	11.2729524675377	-0.178512729698487	0.0112342059902067	0.0396294415458061
4624	chr13	34105870	34153203	11.9886682170313	11.8617217776096	12.1053421298466	-0.200170307157555	0.0112358936170495	0.0396294415458061
4955	chr13	63663237	63679377	9.71776100316467	9.58924646048871	9.83575804579178	-0.20075071356935	0.0112452024247876	0.0396549046488374
12094	chr3	133736014	133747657	9.03096488856147	8.88071696931285	9.16703077073081	-0.226380098337245	0.0112494880194037	0.0396626478023896
8508	chr18	34508523	34555814	11.7903141471937	11.6824515655188	11.8906703785462	-0.1769216069501	0.0112595053563255	0.0396825520191045
3264	chr11	98074236	98082570	9.27721943438749	9.14121596732165	9.4014990766956	-0.20965941342042	0.0112610457510835	0.0396825520191045
2714	chr11	55376659	55390843	9.88044174798371	9.99971331307127	9.75041373291293	0.204014081469991	0.0112614060369301	0.0396825520191045
16318	chr7	112415596	112431846	10.6572108748505	10.7763138964662	10.5273831699819	0.203842926348131	0.0112794895399792	0.0397388958565556
5453	chr14	20660544	20672106	10.5309065325724	10.3913233933961	10.6581681405143	-0.214609909386425	0.0112860774582002	0.0397539502288468
5882	chr14	64392621	64401916	8.899932334664	9.0330414572141	8.75328206191483	0.222419897751114	0.0112879518300888	0.0397539502288468
15125	chr6	94810658	94820440	9.30962776646352	9.43658205437564	9.17041429986992	0.213379879875083	0.0113036725368995	0.0398019296990382
15065	chr6	88853060	88861681	9.85163724012633	9.95939474040664	9.7351767216788	0.187959850837516	0.0113208962748303	0.0398551827861257
7802	chr17	28790446	28798279	8.54311928815298	8.34975249369145	8.71360537516217	-0.271715190828676	0.0113380324355855	0.03990810786257
10311	chr2	73621647	73626071	7.8814062622165	8.05293884230514	7.68669166182248	0.268294408023525	0.0113409395627312	0.039910938616925
13424	chr5	24384566	24390876	8.6150433337438	8.76958748194687	8.44193570704671	0.251759792401322	0.0113552280540914	0.0399538140968857
7740	chr17	25944884	25956348	10.6265480806672	10.5191717801876	10.7264832520681	-0.176121327368385	0.0113762165059771	0.0400202433859017
14534	chr6	28907284	28915228	8.64133576812558	8.83237712814453	8.42107886800668	0.291368523174977	0.0113792353458244	0.040023444705041
1900	chr10	76621338	76628789	9.25448438408959	9.3831009913594	9.11326925702227	0.215680682966958	0.0114111835191021	0.0401258233239895
12946	chr4	123334542	123346277	9.79735442348573	9.65087724640897	9.93032094661634	-0.221258733780276	0.0114125714896936	0.0401258233239895
4382	chr12	115231960	115241464	8.91147398424131	8.74035836720607	9.06442886320762	-0.246240140759834	0.0114279752526778	0.0401725397889557
3664	chr12	8427027	8430884	7.56050351019481	7.7524257433979	7.33907431880937	0.290594968108192	0.0114469533647523	0.0402269359693925
1929	chr10	77891909	77916160	11.2288248087712	11.3253211134522	11.1254086308188	0.171505512157145	0.0114476885594968	0.0402269359693925
6030	chr14	78063722	78069856	8.37951294076693	8.55302632161208	8.18224107849727	0.270681266674342	0.0114826510371938	0.0403423239605517
14536	chr6	28974529	28988491	10.3979470133295	10.2816624459963	10.5055538720411	-0.187251245074099	0.0115288750432498	0.0404972273636567
8314	chr17	86302958	86321961	10.4642153576361	10.5733346010622	10.3461624978302	0.190006885984494	0.0115338777869432	0.0405073032047362
12691	chr4	97875659	97916731	11.472820460729	11.3275891620868	11.6047596848149	-0.220790533026521	0.0115372597699807	0.0405116842135917
3210	chr11	94979485	94989172	9.43772963823133	9.28171859936274	9.57850412839341	-0.229943386343289	0.0115508736942551	0.0405519851726356
7227	chr16	35653997	35664322	9.56071553013035	9.69859137050591	9.40825725250887	0.228111662418273	0.0115623695052172	0.0405848364785496
8073	chr17	50716751	50728653	9.08117002659006	8.93760565403053	9.21173223822572	-0.217903414153047	0.0115814881861158	0.0406444275673615
5312	chr13	109962868	110021375	12.2004624777152	12.3293149891021	12.0589628774922	0.21691840877844	0.011605299732141	0.0407204628612136
8854	chr18	77174200	77189554	10.5038876205708	10.6185109916678	10.3793651785133	0.197658625914861	0.0116242074245155	0.0407784775086827
493	chr1	82822390	82826809	8.01003628990505	8.17718502408163	7.82095286611949	0.268218567661045	0.0116261310816946	0.0407784775086827
13809	chr5	77433022	77442310	8.99919471527554	9.13621614400992	8.84778063038025	0.227404132449022	0.0116298180583651	0.0407838723077809
9371	chr19	42276924	42282566	8.48594671548089	8.64021527967951	8.31318486370787	0.249654222667508	0.0116356694822095	0.0407968540740541
18153	chr9	72426059	72435796	9.31316564078641	9.17869250677304	9.43616632657111	-0.207819182876706	0.0116397070057974	0.0408034723426356
9405	chr19	44188708	44199045	9.52225657316266	9.66133033887938	9.3683319712345	0.230062485416542	0.0116683851915519	0.0408964510711845
12184	chr3	146259399	146275160	10.2251705746231	10.0973972880454	10.3425424926928	-0.199857961394925	0.0116862758284949	0.0409515932328295
9873	chr2	27201077	27209593	9.04336892433505	9.17520290460146	8.89826515153694	0.219813444580232	0.0116906512592718	0.0409593631622152
4621	chr13	33201497	33211287	8.75889040061346	8.60360671501961	8.8990725076298	-0.231917689587327	0.0116956230623584	0.0409692192876522
18977	chrX	169845265	169854437	8.59366358697411	8.80663564870707	8.34371519131543	0.313496610714177	0.0117117059853911	0.0410179863252885
7325	chr16	50171421	50181731	8.96569618489195	9.09613126195736	8.82228553634437	0.218549780673267	0.0117247992161261	0.0410507331840787
14537	chr6	29007193	29030729	10.9817900543314	11.0828751490666	10.8730849865438	0.177497316002394	0.0117253819796033	0.0410507331840787
3801	chr12	32782763	32789507	8.48242695613737	8.6357151657591	8.31089394799617	0.248881871660824	0.0117332823477639	0.0410708162445981
18298	chr9	96443066	96448050	8.14561361180527	7.94238719185383	8.32371522395697	-0.275657196845211	0.0117412744075077	0.0410820742191658
5993	chr14	75678448	75687491	8.78075969991732	8.926895435611	8.61813549783059	0.236840441959186	0.0117428477645232	0.0410820742191658
11177	chr2	168029502	168034344	7.82247167165912	8.00370975153905	7.61514962394994	0.280181012632516	0.0117429923936443	0.0410820742191658
17597	chr9	16499294	16503698	8.44526693760251	8.26598279228669	8.60471387548435	-0.254505201725244	0.0117491682087461	0.0410961045768138
7695	chr17	23573139	23588440	10.5141150687021	10.3973769318751	10.6221101842353	-0.186550804107277	0.0117572504221306	0.0411167967130305
1930	chr10	77917205	77939115	10.4291312818718	10.5473090027345	10.3004023649135	0.201497600419436	0.0117653124444038	0.0411374106268128
18665	chrX	36691076	36703283	9.01663011927848	8.81387900657201	9.19436671724689	-0.274345010286808	0.0117787633703336	0.0411768557755685
14751	chr6	50979023	50986682	8.41848015538365	8.58658844669872	8.22816749113556	0.263919909163894	0.0117935347791215	0.0412209017629738
1205	chr1	178345993	178365688	10.3952934378412	10.2759728153019	10.5054948591821	-0.190392209661153	0.011809074613912	0.0412637011462573
18000	chr9	62257142	62282427	10.6991339283785	10.5801134600885	10.8090792935794	-0.190588039478688	0.0118101282800184	0.0412637011462573
2461	chr11	21604964	21614103	8.80267676539275	8.655663086827	8.93608516688565	-0.223251405335508	0.0118197264276717	0.0412896351685589
6390	chr15	58272491	58281063	8.95760710010839	9.09146208026155	8.8100508433855	0.221523340481505	0.0118319585979176	0.0413192495472891
5846	chr14	62517665	62524266	8.84602930855082	8.65867469197001	9.01182605199317	-0.264320797441956	0.0118325581584655	0.0413192495472891
7367	chr16	76456690	76460015	7.28502935448185	7.49915084785132	7.03349516116472	0.313325108395656	0.0118452132317656	0.0413558318479909
1340	chr1	189803814	189807641	7.64776052832191	7.86465880214459	7.39238294686056	0.317203315923514	0.0118644707643976	0.0414154479745268
12639	chr4	86628294	86645197	9.81668785261888	9.93623981992565	9.68632647218144	0.205114624415214	0.0118682586701808	0.0414210520966092
8203	chr17	79045970	79062806	10.4074531120304	10.2905032689819	10.5156293711831	-0.187116181983351	0.0118959704727651	0.0414984538268784
10156	chr2	60387447	60397873	9.21758909083908	9.05974378769394	9.35985506979837	-0.235770791663773	0.0118971807565348	0.0414984538268784
1374	chr1	193001295	193005416	7.59902240802608	7.78272477036332	7.38846802708709	0.281798085145011	0.0118990385473824	0.0414984538268784
6552	chr15	77328676	77332777	8.26472852500254	8.42636212848934	8.08267427211827	0.256143973779977	0.0118991825557654	0.0414984538268784
4182	chr12	99153244	99156336	7.57636578352484	7.76991250362435	7.35277029541999	0.294287293604663	0.0119075860611179	0.0415201315182723
8043	chr17	48053732	48069140	10.599580875154	10.7104310719512	10.479499226383	0.191918704704644	0.0119170589230101	0.0415405874044681
16652	chr7	145287506	145295032	8.80458137125368	8.96590061107865	8.62292594609913	0.259266614508934	0.0119196036792745	0.0415405874044681
16590	chr7	141658861	141670098	9.39923317937676	9.51888321962782	9.26875516822282	0.20352536908526	0.011920018915893	0.0415405874044681
18462	chr9	114053092	114062418	10.0318808887052	10.1911773118236	9.85278706846671	0.25557654314411	0.0119229442504005	0.0415431538330001
11433	chr3	37879933	37906117	10.9500907850128	10.8207191186604	11.0688099294192	-0.202871419858738	0.0119421785200508	0.0416025341652062
18002	chr9	62316123	62330142	10.1008367909965	9.96651772352654	10.2237085795506	-0.207731398281381	0.0119477729164184	0.0416143846908983
13753	chr5	73467479	73473768	8.32892955654923	8.50221746874465	8.13194918573828	0.269704513264368	0.0119523276259888	0.0416226102777323
6577	chr15	78945049	78955814	10.0090988184585	9.87458416976549	10.132134232491	-0.207294693035819	0.0119603598168092	0.0416429405546179
11714	chr3	89600746	89615347	9.69087277079421	9.84427136860725	9.51920148851026	0.247404128155196	0.0119668124214137	0.0416577646636117
2650	chr11	50344467	50367027	10.6228363814054	10.5157058229348	10.7225586695704	-0.175331739314216	0.011978114899592	0.0416894631724477
7808	chr17	29088137	29098092	10.1147275851296	9.97112580269121	10.245320732162	-0.218110537783442	0.0119861500573215	0.0417091003706581
13538	chr5	33452579	33467407	9.66489373381312	9.83619068539635	9.47048280072976	0.268784163695983	0.0119881523010664	0.0417091003706581
4835	chr13	51997474	52005238	8.38078507542735	8.19946338727818	8.54184113787921	-0.258193352806274	0.0120175771648666	0.0418038117690623
13451	chr5	27795239	27808758	9.60228802312709	9.47447565682163	9.7196929131463	-0.199732124105898	0.0120277978418264	0.0418309892280165
13762	chr5	74118067	74199658	12.8861022627821	12.9995036648977	12.7630207724468	0.195284510261355	0.0120297981561997	0.0418309892280165
16463	chr7	127345811	127371653	11.2755433533081	11.1363105895833	11.4025136870785	-0.213554625933827	0.0120322389462562	0.0418318122295287
15294	chr6	119404050	119407770	8.08131837386248	7.89004572174811	8.25017502963936	-0.263479677775612	0.0120713759134637	0.0419601911101882
12432	chr4	43707809	43710248	7.52408338032064	7.75631112643398	7.24716589269059	0.325577303690153	0.0120809876443932	0.0419853217923278
3735	chr12	24467207	24470751	7.74341459694867	7.91990863324907	7.54227942676263	0.276534116402113	0.0120837277846384	0.0419853217923278
3844	chr12	39927538	39934707	8.24863160320752	8.05506344702378	8.41927414629096	-0.266116618746418	0.0120852422652135	0.0419853217923278
1621	chr10	40272689	40281425	9.36452949088642	9.20918978583923	9.50475724146154	-0.23188342486778	0.012107950839416	0.04205651518691
15716	chr7	29279953	29322012	12.1894383842751	12.0537507666612	12.3134542632969	-0.209396322975241	0.012110655377584	0.0420582119691065
11489	chr3	52208562	52222669	9.8098295554049	9.69039149611045	9.92013113304575	-0.191596563477743	0.0121140883963964	0.0420624375549227
137	chr1	37669576	37672890	7.44685744324537	7.63599249969793	7.22913180588422	0.289832410680558	0.0121239835669057	0.0420777272113264
876	chr1	138880861	138944408	12.4311887015725	12.2759195943312	12.5713589299039	-0.23099927499286	0.0121240856506459	0.0420777272113264
1267	chr1	181889741	181904349	9.90706516832807	10.0213849239506	9.78290099948582	0.196418478739225	0.0121251430591045	0.0420777272113264
819	chr1	135470255	135477056	8.54645089411125	8.74315297257963	8.31863133066984	0.293312027761821	0.0121301348748486	0.0420873546233548
17161	chr8	95002990	95007820	8.27851178380056	8.48320343246957	8.0398991807282	0.302740205949548	0.0121378070091393	0.0421054376540411
4895	chr13	55393247	55416105	11.3986777062971	11.2919539650627	11.4980474249677	-0.174953713324298	0.0121397837000323	0.0421054376540411
2723	chr11	57797445	57801431	8.18279322037011	8.00585137510731	8.34038531992265	-0.251697092343408	0.0121439353808696	0.0421121413472544
5714	chr14	54967532	54980688	9.37271713775453	9.56455441055803	9.15140108682038	0.289999861309736	0.0121855453076091	0.0422487147228923
7920	chr17	35062223	35088295	11.8725810326895	11.7234249982778	12.0077509582117	-0.224162662430428	0.0121991173201308	0.0422880452271712
1063	chr1	162362935	162374360	9.34421059548424	9.47642705039919	9.19864327270941	0.220471305281011	0.0122117665606461	0.0423239469376928
16733	chr8	14859392	14863404	7.7418709246984	7.92486444890649	7.5322476159218	0.279385241401533	0.0122139342103242	0.0423239469376928
15292	chr6	119284870	119290787	8.4740559885329	8.64261871168636	8.28316052323157	0.263786995566934	0.0122316279458247	0.0423775222314362
4832	chr13	51860178	51883278	10.9798613035258	10.8663376940306	11.0850998782151	-0.183290045956461	0.0122383895902383	0.0423916090624085
7755	chr17	26495033	26501618	8.46853769637821	8.30631495310127	8.61434923863988	-0.236067335261299	0.0122401611076452	0.0423916090624085
10694	chr2	121818063	121833196	10.0951721705163	9.97658280616986	10.2047495959914	-0.189939842780343	0.0122482231400671	0.042411791092015
7651	chr17	15100460	15104035	7.61815024148605	7.79205213626215	7.42037585361731	0.272235441397843	0.0122528617365705	0.0424201136261168
11860	chr3	101960823	101975714	9.58751775707913	9.71526816212371	9.44734629057949	0.213091124820136	0.0122882412302157	0.0425348404720526
8967	chr19	5094188	5098195	7.96212960163981	7.76056622862253	8.1389531397246	-0.274627136425777	0.0123179015762927	0.0426297326798794
5237	chr13	104109721	104114347	8.64226898873014	8.39476461641419	8.85346527695179	-0.308517507761306	0.0123411440765082	0.0427023834873382
10621	chr2	117552564	117563924	9.33028006492675	9.4532043649107	9.19589823595075	0.208058074175684	0.0123759943387252	0.042815165248754
8947	chr19	4397629	4431190	11.3598057143369	11.240015540621	11.470407503327	-0.190369892698023	0.0123849388568877	0.0428383004492204
8461	chr18	25501670	25512504	9.62477596648193	9.75244512946301	9.48470231522	0.215994676226986	0.0123875039242129	0.0428393653384908
15130	chr6	97012958	97021856	8.92371307768767	8.76463523364525	9.06697933937932	-0.234335454894986	0.0123969174261603	0.0428641092787568
9689	chr2	9842688	9856056	9.67522221725511	9.5538763041146	9.78714880041506	-0.192778334965499	0.0124125870975844	0.0429033068403219
5867	chr14	63466583	63472380	8.60010719141528	8.43140369503741	8.75113233561825	-0.245150543441525	0.0124127750598139	0.0429033068403219
8109	chr17	57209918	57234593	11.1008061299988	10.9907410441804	11.2030661493197	-0.178711620611384	0.0124202410857771	0.0429212956239918
2542	chr11	33074447	33079801	8.31970329181753	8.47455596794345	8.14620837874613	0.247427212392012	0.0124457656809665	0.0430016724666054
8288	chr17	85452086	85468622	10.3423660972857	10.4795490573536	10.190754707191	0.226414323206824	0.0124487052093885	0.0430040000307579
17401	chr8	121382804	121399008	10.3522204783157	10.4781099863457	10.2142864857226	0.212143699049803	0.0124677984725617	0.043062119601592
18200	chr9	78362711	78401405	11.8196224242047	11.6850245063887	11.9427274897703	-0.207882707523281	0.0124809402242185	0.0430926450553955
8933	chr19	3661330	3665572	7.51377018657189	7.72011269697238	7.27290984722436	0.30375931163384	0.012481177610491	0.0430926450553955
7483	chr16	93643915	93650591	8.34904915633368	8.55143273643923	8.11356895654962	0.300274967826803	0.0124865261510148	0.0431032702473826
10516	chr2	102234389	102251959	10.215450313972	10.3264609973392	10.0951802965554	0.191038723182252	0.012490018015531	0.0431074835273255
11257	chr2	180011816	180024696	10.556300135156	10.6763992398132	10.4252878639726	0.203948744948373	0.0125128166137217	0.0431783175476044
1991	chr10	81437582	81483336	12.6895252503696	12.55569617345	12.8119869282981	-0.207182356874486	0.0125218851509406	0.0431945650054375
3691	chr12	12415869	12425035	9.20183756566913	9.33030844400459	9.0607981196273	0.215367442451756	0.0125220768565213	0.0431945650054375
11663	chr3	86977699	86992499	10.1643948435694	10.0225899234134	10.2935004519657	-0.215442201486856	0.0125302912995188	0.0432150460791507
9693	chr2	10274776	10288750	10.3272724923304	10.4331396761233	10.2130170036123	0.184407263251634	0.0125380041415622	0.0432337900804341
3207	chr11	94916005	94919842	7.51381534149967	7.70003646564006	7.29994393714707	0.285940887541813	0.0125683752690364	0.0433306438203528
3197	chr11	94529844	94535914	8.34561074716937	8.50683967266004	8.16406986579529	0.254521148507141	0.0125733557024939	0.043339941496119
15850	chr7	46175404	46182736	9.15814360228695	9.28410836909894	9.02011924455893	0.211439324215374	0.0125799886648796	0.0433549309734427
18351	chr9	102822999	102851025	11.0941548960867	11.2054218004447	10.9735840487841	0.191254721133944	0.0125955239697384	0.043400589945836
12954	chr4	123955583	123960360	8.07604497708186	8.24787475116213	7.88094720464272	0.267617637706865	0.012603514008635	0.0434202382228868
6350	chr15	53355593	53360472	8.25879518803094	8.08213974354566	8.41616011979991	-0.248562467103337	0.0126234228101384	0.0434809331240683
4121	chr12	85779000	85802632	10.5268237980777	10.4204547923809	10.6258859325116	-0.174534796158505	0.0126284089201275	0.0434902146425512
9933	chr2	30756246	30794114	12.1116216941199	11.9962084904384	12.218482026857	-0.185242817057297	0.0126454695252068	0.0435410678735303
8697	chr18	57293376	57298579	7.92235304904496	8.10340062500424	7.71528034938052	0.278574610746567	0.0126512629035537	0.0435531142112362
15826	chr7	45405055	45421082	11.391372477157	11.2283079681944	11.5378635901666	-0.238013661571208	0.0126599910693803	0.0435752576180212
1313	chr1	184475670	184487980	9.50226499892865	9.61956821021693	9.37457314021961	0.200611504648705	0.0126678475888246	0.0435943933614329
12884	chr4	118605067	118611262	8.69580937836903	8.8476215061924	8.52612304841268	0.245675758746251	0.0126838312257812	0.0436414852853702
2740	chr11	58601468	58607422	8.48185787921335	8.64422386717831	8.29887369755574	0.25651042322385	0.0126997279983152	0.0436882613159371
7964	chr17	43233586	43242615	8.97587357173435	9.11919251100903	8.81673076587076	0.232068422878928	0.0127189885542917	0.0437465900275284
8665	chr18	53777736	53787908	9.30370399655029	9.14408320459523	9.44741040301998	-0.233606670216648	0.012738092574864	0.0438043593002977
8950	chr19	4497875	4538719	11.6909990314397	11.5845764668826	11.7901076147636	-0.174151834178925	0.012766894174165	0.0438954500962823
329	chr1	60037539	60061667	10.6946949582057	10.5230395569419	10.8480808787145	-0.246089580966166	0.0127795173440324	0.0439308928948364
17328	chr8	117049575	117067709	10.6210481226948	10.7294865828827	10.5037917378376	0.187088781253671	0.0127856847212721	0.043944134430464
3477	chr11	109333522	109344599	9.68956240152645	9.80851277627366	9.55991606990973	0.203102755725561	0.0127912762150532	0.0439553922298561
6065	chr14	103052168	103060826	9.19994127692909	9.34066257105635	9.04399558161665	0.230470087580815	0.0127980742104847	0.043970791173206
8377	chr18	5547432	5573138	10.5344291530676	10.4090167682797	10.6498060959422	-0.197840500084195	0.012801062684221	0.0439730984043132
4335	chr12	111946767	111957236	9.09870512645864	9.243579994257	8.93764116277511	0.237063303257369	0.012803856284281	0.0439747355083909
8324	chr17	86737058	86761184	11.3364586743624	11.1681011565684	11.4872065535254	-0.242950144798663	0.0128330202498422	0.0440669244294834
10597	chr2	112729554	112736234	8.65368972743149	8.81508608243188	8.47193648583924	0.256964364287942	0.0128540352252961	0.044127747780414
7661	chr17	15347691	15353924	8.26624564801431	8.44176339884549	8.06637788694992	0.270477865851103	0.012855383185516	0.044127747780414
6007	chr14	76459237	76467785	9.4953559246607	9.62349544790363	9.35471579246016	0.215190560619979	0.0129063706367979	0.0442947573807933
10146	chr2	59017250	59025634	9.06214613048498	8.89326839096529	9.21331086669299	-0.242285321016595	0.0129113514874411	0.0443038401518976
11941	chr3	107236072	107277417	12.0867812654469	12.195341759723	11.9693821681183	0.187988060897349	0.0129348658181143	0.0443765036807647
16967	chr8	70440600	70451688	9.7442141990368	9.88914926309131	9.58307581589429	0.236065889934791	0.0129586953624432	0.0444499972024838
939	chr1	152963302	152975378	9.25210684247728	9.39001448302238	9.09960967472949	0.225686566571232	0.012960971838271	0.0444499972024838
7916	chr17	34882490	34885615	7.53472937747244	7.71852985865308	7.32404603217402	0.278606113689913	0.012972233948731	0.0444805832182413
15268	chr6	116333640	116344546	9.77131494642635	9.60329195181046	9.92179462690886	-0.242542224594562	0.0130055310241366	0.0445820865532911
6721	chr15	89025689	89031369	8.28246392150821	8.44848295801372	8.094825309553	0.259782494447123	0.0130065342349741	0.0445820865532911
5485	chr14	25394617	25401499	8.15553031855728	7.92319504285206	8.35558782459216	-0.297866724430042	0.0130114005644795	0.0445907134910179
266	chr1	53647770	53654581	8.28366729894476	8.06865971443518	8.47074883583187	-0.282688449458431	0.0130176911534836	0.0446042174403258
1640	chr10	41336960	41340400	7.76484736360717	7.95105043076775	7.55099978676456	0.281156014739436	0.0130252552704972	0.0446220793824489
18894	chrX	134946299	134961785	9.42393261839897	9.56794928181608	9.26392888141406	0.236171211076351	0.0130541071447951	0.0447128495760812
12981	chr4	126019385	126028818	9.38372301224112	9.51883507820225	9.23463743844979	0.221942060828297	0.01306617173512	0.0447460976832989
13540	chr5	33530413	33551596	10.2630898056775	10.1231232282107	10.3906700251859	-0.21287589053398	0.0130696122615089	0.0447498053601258
17833	chr9	51268572	51284034	10.5132626924096	10.3608248123741	10.6511218532066	-0.226076462664578	0.0130857058783089	0.044796827536873
1193	chr1	177425402	177440721	10.4852781892957	10.2933107203266	10.654675941416	-0.264258040860966	0.0130940636714861	0.0448173551706283
15007	chr6	86118909	86126148	8.53047056969589	8.70500647652332	8.33187544828743	0.269219631066124	0.0131184921636963	0.0448928710376473
16295	chr7	110874256	110878310	7.52372181876194	7.71276769967507	7.30611440163127	0.287211318740066	0.0131370684285741	0.0449483363450349
2800	chr11	61956563	61978930	11.0668848984794	10.9481186347515	11.1766133291579	-0.189092019031937	0.0131464136038579	0.0449684710508716
4030	chr12	77803232	77820091	10.0310695778308	10.1483384523619	9.90341841016728	0.200090045827811	0.0131476919680324	0.0449684710508716
33	chr1	13473948	13482110	8.63497791990917	8.43922537107299	8.80731522417248	-0.267471101392263	0.0131511564146501	0.0449722157826387
3718	chr12	17170261	17180295	10.138074903494	9.99243915492291	10.2703477974748	-0.217743086285128	0.0131596287505524	0.0449930812568428
11284	chr2	181052687	181080284	10.7609719410918	10.8664942345186	10.6471180879979	0.18326017915515	0.0131728799706179	0.0450302753894737
9758	chr2	18021785	18054397	11.9530634997322	11.7596952830205	12.1235506919519	-0.265798673764717	0.013181740782822	0.0450524506243794
17507	chr8	126991014	126995517	8.02723648529536	8.21001760462499	7.81789196832018	0.277929888989606	0.0131842156489759	0.0450527959672152
18476	chr9	114797547	114815432	10.3361959020851	10.2169421426917	10.4463402922359	-0.189722238699961	0.0132063095721919	0.0451201709038037
17027	chr8	79391355	79403598	9.45086856313609	9.31041321960773	9.57885468985863	-0.212157830457442	0.013215451461636	0.0451414429722569
1238	chr1	180629271	180635061	8.6569312798577	8.48059020798659	8.81404676397614	-0.24690634917387	0.0132201274094135	0.0451414429722569
15923	chr7	66055923	66059567	7.58262450072196	7.78921773366659	7.34142225747289	0.299808351230772	0.0132224147404292	0.0451414429722569
4694	chr13	41527340	41533707	7.91953875043379	7.71180281430721	8.1010929162317	-0.27688069141468	0.013224118332991	0.0451414429722569
9022	chr19	9157266	9172186	9.4555746739288	9.3259851874183	9.57447719957585	-0.202043188903829	0.0132244282062147	0.0451414429722569
9734	chr2	13586038	13607204	10.3288734753182	10.187263800308	10.4578172452323	-0.215444220834761	0.0132418240846624	0.0451926954329812
14717	chr6	49457929	49466840	8.80263696307196	8.65312595296917	8.93809830277376	-0.223852562144118	0.0132451208295276	0.0451958195295945
5301	chr13	109530548	109545313	10.0157366844993	10.1560040769077	9.86034832285961	0.229897958582984	0.0132476327186319	0.0451962648511441
16131	chr7	97323787	97331631	9.30219569036246	9.12956538437981	9.45635938086488	-0.247923111431744	0.0132567796047347	0.0452193422211107
9377	chr19	42427456	42437090	10.3645747209967	10.230027219176	10.4876376163338	-0.206743030354213	0.01326433450813	0.0452369819640251
14378	chr5	144056188	144064815	8.86963684837728	9.0115812969915	8.71218732765041	0.233547351308849	0.0133001745958768	0.0453449162508376
1832	chr10	66872954	66878784	8.14391190402843	7.95490256653418	8.31100275918719	-0.263070899487581	0.0133007613029355	0.0453449162508376
15623	chr7	19336179	19343935	9.34340053256182	9.17167962729836	9.49683874117556	-0.244801853155185	0.0133217414771671	0.0454082851104803
1332	chr1	189575311	189578859	7.83985712959232	8.02053901546935	7.63326286385912	0.275619149357313	0.0133330529490764	0.0454386805387899
212	chr1	43171200	43183327	9.6978259082431	9.55780555945078	9.82545079573175	-0.213519047226363	0.0133423163510499	0.0454620865397802
2735	chr11	58354859	58365398	9.18394598401197	9.30776851140279	9.04848981920014	0.208878947679026	0.0133769362102937	0.0455718672294317
86	chr1	33672642	33679791	8.77191362844365	8.90516478238819	8.62509091186701	0.22147653924852	0.0133915616618398	0.0456101907398925
13473	chr5	29978702	29986761	8.59903467644691	8.44120362561421	8.74128907972057	-0.23141759246862	0.0133929918854218	0.0456101907398925
6996	chr16	18729600	18740249	9.4861152327094	9.36375675850966	9.59890264554852	-0.19435530963013	0.0133985256180713	0.0456173457814179
18656	chrX	20915619	20922319	8.6783547844953	8.49238993047642	8.84306258644955	-0.259187860704498	0.0133999000332686	0.0456173457814179
17656	chr9	32368110	32416063	12.2609446065532	12.1403232215995	12.3722545448256	-0.191184421066294	0.0134073183686351	0.0456269876833802
5359	chr13	113652592	113677657	10.7405499724108	10.8401606567229	10.6335482127695	0.175329288075061	0.013407540455778	0.0456269876833802
14794	chr6	52481161	52489904	8.67758941648286	8.51509078681071	8.82362376514602	-0.235366386362824	0.0134114924803706	0.0456322545329785
13537	chr5	33423478	33451243	11.9306069407515	11.8200876067618	12.0332589271532	-0.178983826357779	0.0134654135809091	0.0458041896835246
9282	chr19	36670217	36689580	9.71050748568565	9.85812864287178	9.5460412543282	0.238198089006289	0.0134668517010415	0.0458041896835246
2647	chr11	50080728	50099962	10.1967219346297	10.3103760243909	10.0733426918727	0.19446186354902	0.0134732636161499	0.0458177871655454
1167	chr1	172589403	172618849	10.9770982240711	11.0816609163752	10.8643607639052	0.18151847329006	0.0134859743516449	0.0458527959906609
13742	chr5	72605106	72611016	8.32266383232878	8.1578493615102	8.47056542675993	-0.238331608215369	0.0134949675026781	0.045867500141542
15762	chr7	35489086	35493321	7.79438216795162	7.97362430985917	7.58966880862601	0.275404558669737	0.0134951325565293	0.045867500141542
11064	chr2	162962729	162975820	9.74873299036959	9.86686743198863	9.62005542947426	0.201092724751383	0.0135131597720035	0.0459205477731162
10243	chr2	70165490	70175603	9.13322909851966	8.99736309841026	9.25739395632379	-0.20971137978554	0.0135172057778851	0.0459260738378951
3287	chr11	99341478	99370257	10.9223518499907	11.034187520233	10.8011127975088	0.191629477585554	0.0135197023768963	0.0459263346001636
505	chr1	86316055	86319792	6.66184488960511	6.93134447154922	6.33016438034952	0.347646978439754	0.0135332309920143	0.0459640642443521
12621	chr4	64062649	64071201	8.45180198726038	8.27946727282418	8.60572995735434	-0.247967232107765	0.0135398141786316	0.0459781952578726
14180	chr5	123478680	123495797	10.5402956761222	10.4303785942341	10.6424279343763	-0.178008090092161	0.0135516498656449	0.0460101543470616
10894	chr2	145936630	145945135	9.02081435083979	9.146980476712	8.88254816514372	0.211564080494044	0.0135584826741742	0.0460251194192725
1131	chr1	167381674	167394051	9.40090003076709	9.53360625024551	9.25473872812209	0.218064285219961	0.013565371932605	0.0460385493432594
9176	chr19	27213189	27222000	9.93580390124372	9.76608906428028	10.0876388410596	-0.243832781448529	0.0135685988244961	0.0460385493432594
4640	chr13	36655218	36664097	8.66717051211465	8.52108142136267	8.79981720910603	-0.220727936116121	0.013569716266726	0.0460385493432594
6484	chr15	73354150	73369838	9.79918893942979	9.65382646583122	9.93123640114013	-0.218485455969726	0.0135828106215364	0.0460747386570401
4893	chr13	55158740	55165106	8.20343178845037	8.41674777962172	7.95300921039109	0.306382786547371	0.0135983156858408	0.0461190910295877
17981	chr9	61013118	61300054	14.9885250436783	14.8069202341444	15.1498043761865	-0.254834806983975	0.0136117648054621	0.0461564560019412
4508	chr13	21403826	21431474	11.2503551240156	11.1168251249294	11.3725663550022	-0.205885245185399	0.013640401455723	0.0462452981829522
6181	chr15	12075436	12085068	9.04221136970785	8.9079143969414	9.16506467102004	-0.208068935734225	0.0136473718765155	0.0462538625780968
1120	chr1	166273585	166286848	9.81245070129407	9.95176351630702	9.65823316600263	0.22716490780312	0.0136478018039592	0.0462538625780968
5891	chr14	65287415	65314684	10.5411909547067	10.6546891705819	10.4179953980936	0.193388773473767	0.0136572135262569	0.0462774960747777
1643	chr10	41393148	41396808	7.75061458238208	7.93831282299676	7.53479166866577	0.285951276884242	0.0136622018143649	0.0462861349937223
14729	chr6	49920814	49929255	8.9246983290607	9.05412204843914	8.78250949262975	0.215304805192419	0.0136705235963183	0.0463060623477645
17286	chr8	115130470	115178915	12.2196411971091	12.1071611652641	12.323982419599	-0.181261726682269	0.0136744895668738	0.0463112308154351
14940	chr6	73096386	73105390	8.7327189021975	8.87363828109474	8.57652986145782	0.230825566013206	0.0136999789582515	0.0463892775465931
14009	chr5	112387556	112401756	10.5363047163866	10.6390777970678	10.4256449931172	0.179512031614526	0.0137047727239683	0.046397231810238
158	chr1	38784748	38809022	10.6067327439991	10.4997332077096	10.7063415016194	-0.174192817409838	0.0137198127477701	0.0464398655501923
9652	chr2	6171546	6182202	9.20868868307537	9.33825347214155	9.06632953509539	0.215913931363608	0.0137398096438808	0.0464992594920138
8491	chr18	32632563	32670508	11.2437800791245	11.1234250340037	11.3548631917979	-0.19088822438725	0.013760764144721	0.0465618724732858
17386	chr8	121000961	121004888	7.66694396117153	7.86179997459075	7.44159834533622	0.287833142357124	0.0138244573132842	0.0467690508643176
13189	chr4	138937285	138943181	8.29510542163936	8.10067694781692	8.46641598623237	-0.263443097234078	0.013832436333042	0.0467877043601505
17780	chr9	44725479	44729455	8.15684871607303	7.96465563739207	8.32642206460331	-0.261298151974105	0.0138634446478227	0.0468798644951059
12695	chr4	98310210	98322874	10.2693725992662	10.4239489609018	10.0962245446908	0.24675101713332	0.0138646229733405	0.0468798644951059
14739	chr6	50229020	50232704	7.5942247754106	7.81519453769432	7.33317973831629	0.313064446821193	0.0138783213385659	0.0469178234208484
1356	chr1	191447290	191473208	11.1493249474501	11.0207043651337	11.2674113682459	-0.199473234195712	0.0138951335742287	0.0469662938744945
2910	chr11	70689704	70698137	9.35259123947615	9.19393736319811	9.49551359990659	-0.230664650165677	0.0139309925198319	0.0470791145003364
6794	chr15	98490768	98496820	8.36189864864655	8.52162119180414	8.18226588541838	0.252715121462334	0.0139465591897501	0.0471233304009732
12128	chr3	138173873	138190364	10.1389049708364	10.252573463166	10.0155087535084	0.193804983169415	0.0139820895965281	0.0472283076430966
8998	chr19	6922424	6939764	11.4599735980762	11.2801633680388	11.6198363945676	-0.252322379395623	0.0139826050185236	0.0472283076430966
5351	chr13	113374324	113412925	11.3918896489603	11.4929721470845	11.2831875841993	0.176831769091498	0.0139920960749894	0.0472519557458794
18415	chr9	108167633	108200418	11.8971089845575	11.7743467001752	12.0102393853736	-0.192963034243944	0.013994666804956	0.0472519557458794
4054	chr12	80553482	80577073	10.5671909659962	10.6892067679376	10.4338942645586	0.205153800742771	0.0139981329383559	0.0472519557458794
136	chr1	37646712	37652569	8.41878588672125	8.57535595428639	8.24313176187897	0.246631501582265	0.0139995651593382	0.0472519557458794
5953	chr14	70635493	70645338	10.2667193813964	10.134813102515	10.3875692469456	-0.20230535118838	0.014002290272374	0.0472527501919249
16649	chr7	145071540	145084153	9.36928418207374	9.22766741667708	9.49823382990218	-0.216949481885202	0.014005754010789	0.0472560365103581
1017	chr1	159901594	159969657	12.5476033511132	12.3868829522692	12.6922002440659	-0.234331702236221	0.0140138856789175	0.0472721658647456
17999	chr9	62234129	62254689	10.3474414487388	10.2299899115463	10.456046778957	-0.18680313956859	0.0140155159555785	0.0472721658647456
14884	chr6	70909026	70939386	11.2587756947154	11.3634916333	11.1458600567093	0.181736037475466	0.0140261459377232	0.0472996133177057
9893	chr2	28444784	28467959	10.5918911047106	10.4834151377054	10.6927780751462	-0.176561622291293	0.0140324693643645	0.0473125308343
1835	chr10	66968619	66976338	8.56098418111993	8.383083291842	8.71933638819813	-0.249209755111014	0.014082516964037	0.0474728400462627
5587	chr14	34216244	34223993	9.76937005089826	9.87785904539782	9.65205457198862	0.186148923714388	0.0140856086598515	0.0474748298269084
8946	chr19	4247406	4255475	9.07129624257204	8.9031255151801	9.22189437929213	-0.239880556644626	0.0140912032487273	0.047485253277272
1091	chr1	164746693	164761452	10.0367502420122	9.85400002121233	10.1989320487418	-0.254458033938699	0.0140993954033735	0.0474901135557624
13459	chr5	28257441	28268364	9.72576572170657	9.60562991937825	9.83666206029855	-0.191574787322925	0.0141000426709095	0.0474901135557624
13160	chr4	137670346	137675533	8.28176841159032	8.45702634883335	8.08223760741232	0.27004923913723	0.0141001522675969	0.0474901135557624
15770	chr7	37360384	37362499	7.44278621850449	7.66694485177498	7.1772754776969	0.314907648243167	0.0141092944492157	0.0475071241881217
15863	chr7	46957845	46987749	11.4470157757763	11.2877555153026	11.5904299481675	-0.232440422104087	0.0141102091284284	0.0475071241881217
15475	chr6	137140263	137142848	7.65879402689854	7.87477359010393	7.40469000117948	0.308303961115026	0.0141138107404125	0.0475108219301683
17001	chr8	72644342	72648542	8.16466997624324	7.94798953567374	8.35301617829743	-0.285826664103024	0.0141262305351892	0.0475441974334733
4861	chr13	53200009	53203237	7.76248864653515	7.95971825639291	7.53396076543977	0.292229411570421	0.0141320358395873	0.0475553028722566
5676	chr14	51940338	51951858	9.34895523663637	9.4648917155849	9.22288140237202	0.197646338022388	0.0141551991435529	0.047624804918541
1360	chr1	191688350	191710184	10.1472290894897	10.0178544615274	10.2659507275963	-0.201593789963889	0.014165056984516	0.0476495243724086
8808	chr18	68192872	68250374	12.4117105768496	12.249186026361	12.5577658552581	-0.235881837682465	0.0141686036834534	0.0476530089151624
2904	chr11	70364680	70382537	10.9168178079062	10.7641344519628	11.0548776715817	-0.225947964922641	0.0141729092326019	0.0476590439981487
2366	chr11	5440852	5444465	7.85915791014396	7.59102620577608	8.08518026412207	-0.31572991054043	0.0141782469864012	0.0476685473082211
18245	chr9	86743050	86747043	8.11399136239324	8.28605262870468	7.91859500191737	0.262734967649475	0.0141823947399362	0.0476740470721307
15816	chr7	44968877	44976196	8.81084364995635	8.66412003653648	8.94401318249818	-0.219883982494862	0.014190951881444	0.0476943643984285
7097	chr16	25090519	25109263	10.431531502602	10.2747380693749	10.572942598848	-0.229794815645176	0.0142298577521896	0.0478088999851198
1264	chr1	181644229	181664722	10.1451990073996	10.2658137163568	10.0135728631355	0.202606029589259	0.0142300688137384	0.0478088999851198
18088	chr9	67264581	67271715	8.87589808070021	9.01813561726163	8.71808779618523	0.230330247164625	0.0142490083614517	0.0478640583525648
13149	chr4	137162367	137166317	7.63846939985568	7.82848648929681	7.41957353312817	0.281932977345737	0.0142572368589137	0.0478832239152934
2274	chr10	122445613	122455521	10.1311982550338	10.2648246287523	9.98391979396843	0.220484382418244	0.014265812378939	0.0478996817760113
11404	chr3	32689992	32696016	8.56237115951806	8.71126394171914	8.39632464113058	0.239564938923529	0.0142671848400754	0.0478996817760113
2719	chr11	57587010	57594893	8.78394502765496	8.92192505326412	8.6313593292391	0.224756322500087	0.0142775342762697	0.0479259503058583
7136	chr16	30393322	30431021	11.6790348453521	11.5825966144807	11.7694285214315	-0.160847417496145	0.0142844253115528	0.0479406026503908
15759	chr7	35252663	35264768	9.65697190136951	9.77450751754758	9.52900457376439	0.200149487392345	0.0142902019333806	0.0479515103418724
10099	chr2	52067420	52072137	8.15309936191799	7.96451404421821	8.31985885485864	-0.260490458458181	0.0143000522082592	0.0479760811137619
9136	chr19	17834393	17838728	8.45728695389942	8.29505988801214	8.60310198770376	-0.237931034118291	0.014305399593192	0.0479790394903247
6639	chr15	82207333	82218364	10.8425456613854	10.7242185424721	10.9518991652229	-0.18756656089283	0.0143059900140022	0.0479790394903247
10133	chr2	58583158	58586319	7.31573151626529	7.52048549098459	7.07703416320991	0.300099081316674	0.0143249397227596	0.0480341044166526
3650	chr12	3978060	3990494	9.48478025184086	9.34197047965925	9.61471814779589	-0.215533353864228	0.0143641715930764	0.0481571476179115
3437	chr11	107740228	107743831	7.69283566399495	7.899563991139	7.45144913801342	0.299014241424702	0.0143776455171136	0.0481900287318155
7939	chr17	36055525	36068956	10.0015403052965	9.86190072153428	10.1288488246456	-0.210738368168881	0.0143790575219069	0.0481900287318155
3916	chr12	69073806	69079234	8.06937534334569	8.24201181833186	7.87323658022024	0.268299745426019	0.0143906998390279	0.048220531822901
825	chr1	135642345	135645643	7.52869083395263	7.71082052692198	7.32020075437658	0.275125038061798	0.0143962516937328	0.0482306197520486
1698	chr10	44143395	44159754	10.1872246510046	10.2891209827419	10.0775808022302	0.177702556811548	0.0144076614350759	0.0482538275523597
2111	chr10	95756358	95778750	10.3605314319196	10.2572133787056	10.4569423034374	-0.169026450548067	0.0144082639095433	0.0482538275523597
12374	chr4	35011007	35018558	8.36111020038879	8.1985159847345	8.50722172651923	-0.234054171053997	0.014413635494221	0.0482615042253562
9330	chr19	40613732	40622039	8.78230516802317	8.62214387882705	8.92644943486276	-0.231890290959583	0.0144156418912242	0.0482615042253562
4884	chr13	54803742	54809205	8.08111540908058	8.28913374594166	7.83796711671313	0.298373575059668	0.0144348587096242	0.0483173163051073
13681	chr5	64037506	64049387	9.98437429886	9.86441040807233	10.095124148338	-0.188742597348672	0.0144405872753237	0.0483279678889734
17476	chr8	125222699	125238154	9.72713321478865	9.84807436063219	9.59511816961532	0.204063304838818	0.0144448655655795	0.0483337629705807
16233	chr7	104188107	104196643	8.94136413843599	9.11668629017394	8.74175006629846	0.268299574652106	0.0144506809575277	0.0483446983770349
13141	chr4	136891512	136898281	8.38815423021732	8.58318457265343	8.16257530922936	0.28754960974319	0.014476767767115	0.0484234359274014
3497	chr11	113588802	113592356	7.5374245206134	7.72866510246814	7.3169026363302	0.284982305252863	0.014488626899451	0.0484545638633797
4934	chr13	58542819	58549459	8.41594905207151	8.55696160890533	8.25964551728845	0.230001714115585	0.0145117505160103	0.0485197199699232
1143	chr1	170980341	170991333	9.66178609659641	9.53244231727823	9.78048175942445	-0.199439477334299	0.0145132225232759	0.0485197199699232
3237	chr11	96833245	96843847	9.77254585192649	9.64859589319204	9.88668401052799	-0.192802413005697	0.014519057734026	0.0485306792416483
17045	chr8	82385395	82393294	8.2563750982691	8.0913785578043	8.40442326475197	-0.238613611205447	0.0145244450413981	0.0485401377779
10717	chr2	125133770	125144005	9.54411117054575	9.39699051715127	9.67760764382087	-0.219939895254278	0.0145383570165774	0.0485780770805673
17255	chr8	109765467	109777128	9.45655892094979	9.59461763322894	9.30387697347421	0.225596641536102	0.0145676491452029	0.0486613167340343
3925	chr12	69932194	69937006	8.12849838189695	8.29755048959882	7.93697482042413	0.264588825419506	0.0145683967375933	0.0486613167340343
6468	chr15	66737762	66745635	8.43719546588688	8.27319355659022	8.58444251433668	-0.236770908293827	0.0145819469872149	0.0486894773453888
16397	chr7	121001553	121009654	9.01767623106506	9.1541248955973	8.86696136345265	0.221656935859892	0.0145819584399173	0.0486894773453888
1276	chr1	182135068	182143342	9.07564794498625	8.91635348810693	9.21908984145195	-0.231090307715519	0.0145966287603516	0.048729888697047
14808	chr6	53562969	53582654	10.3390326872758	10.223644133952	10.4458718890584	-0.182853520714939	0.0146072636480493	0.0487497220502106
9469	chr19	47550538	47557554	8.65625656233995	8.79666833947238	8.50069095695956	0.229252404051132	0.0146095670382958	0.0487497220502106
13258	chr4	150114333	150126677	10.116245856754	10.2378135311339	9.98348385563915	0.204246997527406	0.0146102755161809	0.0487497220502106
2506	chr11	29899253	29911313	8.87521602165584	8.72162310656238	9.01401900672829	-0.227172221794125	0.01463161546142	0.0488123448483547
3085	chr11	83525063	83530021	8.23317632760981	8.0293904250899	8.41170732444219	-0.272383967398249	0.0146454953465135	0.0488500625977996
13588	chr5	35824337	35833523	8.93612302444108	9.09297245552742	8.76011711717262	0.248428898429839	0.0146759913494087	0.0489431804288222
1430	chr10	13136128	13156976	10.2487557520324	10.1414549621976	10.3486255167064	-0.173856989641582	0.0146829705185377	0.0489577132241048
11105	chr2	164511909	164521453	9.7378986410854	9.59924691905812	9.86438565750584	-0.209153135595483	0.0146855768011087	0.0489577132241048
4217	chr12	102524268	102530241	8.39882921184479	8.55691653458176	8.22126266258451	0.24866963186602	0.0146880878390881	0.0489577132241048
13383	chr5	20324803	20328383	7.27205918574094	7.4656366643228	7.04842262542986	0.287400415642756	0.0147116657210311	0.0490276916100875
1958	chr10	79591237	79627376	11.6395659728402	11.7344951447543	11.5379477504021	0.167060276004013	0.0147267658410364	0.0490693976293944
3478	chr11	109347180	109356025	9.46330050224785	9.32638454184949	9.58834156534388	-0.207553525030244	0.0147339986204065	0.0490795970078213
1637	chr10	40923516	40928020	7.911167474867	8.0730828180513	7.72875561612134	0.252702508241866	0.0147349988803712	0.0490795970078213
3969	chr12	73494879	73534752	11.6453622653788	11.7358072462236	11.5488656340531	0.161036280534568	0.0147403803458974	0.0490889065774324
3927	chr12	70109619	70130907	11.0134598023065	10.8724385695427	11.1419155707124	-0.212672428387353	0.0147485938554746	0.0491022834918536
4198	chr12	100233577	100250331	9.92245227882134	10.0523806197786	9.77965405001044	0.214655728323214	0.0147495715362799	0.0491022834918536
12033	chr3	122406307	122427648	11.0092568402978	11.1392482637637	10.8663823985321	0.215327044923364	0.0147582068208021	0.0491224144601899
10379	chr2	79580665	79586443	7.77418273283618	7.95148255278012	7.57200001179283	0.269354560120555	0.0147654315283792	0.0491378441131175
5604	chr14	41068628	41077872	9.2805407989848	9.41798239506975	9.1286133912983	0.225160281767226	0.0147854247679932	0.0491942550159503
625	chr1	93172649	93181159	9.20020879501576	9.3437201215553	9.04082869280558	0.231890011597122	0.0147875665138309	0.0491942550159503
11438	chr3	38039220	38050815	9.43211609208818	9.30231055169537	9.55120046159281	-0.200448413601034	0.0147943271754854	0.0492081204808162
11780	chr3	97007374	97085379	12.8767571725388	12.7637911886059	12.9815164060107	-0.181256641156699	0.0148064286508221	0.0492397423101372
8576	chr18	38275947	38292198	10.7908988881902	10.6582684458287	10.9123562575464	-0.203288510125936	0.0148173166553396	0.0492673182904153
6834	chr15	100429420	100439180	9.38183294744739	9.25222429621549	9.50075160529631	-0.19923865703372	0.0148279223271407	0.049293946023262
11155	chr2	167113309	167136881	10.4544731073658	10.5863851338547	10.3092747665167	0.218046898279158	0.0148675010985089	0.0494168657353066
944	chr1	153090199	153101886	9.34200635262381	9.19832562678646	9.47266477560842	-0.214159264367215	0.0148720212168257	0.0494227505185172
721	chr1	130917153	131054203	13.814865393641	13.6350963901155	13.9746956112687	-0.251332206592014	0.0148744797387518	0.0494227505185172
13360	chr5	3260147	3275990	10.0716202054655	9.9590339082584	10.1760528587027	-0.180374382734522	0.0148819478523774	0.0494389092053687
8692	chr18	57124570	57139232	10.2167763579816	10.3248226626709	10.0999784011933	0.186786246263286	0.0149106525640637	0.0495255994073092
11954	chr3	107980364	107988145	8.63681751062787	8.79347814311435	8.4610493607398	0.248124341812131	0.0149230877939317	0.0495582297884566
2125	chr10	97297130	97310388	9.46233814294298	9.61636470344602	9.2898798101493	0.245943122419089	0.0149272008348834	0.0495632163480146
4752	chr13	45244824	45248257	7.48730791705071	7.68102779841257	7.26348117778036	0.289236167530007	0.0149341665746365	0.0495776714045873
13179	chr4	138442337	138499030	12.6143734047178	12.4849226420394	12.7331591456551	-0.200232925386841	0.0149472784803076	0.049612521559594
3461	chr11	108747211	108758759	9.32388918683136	9.45828456393109	9.17567586811922	0.219973440863877	0.0149812334752116	0.0497165291355204
4618	chr13	33143736	33152580	8.75556973335469	8.59906459541033	8.89674632697093	-0.226733639962872	0.0149951054567548	0.0497513603578196
10145	chr2	59008526	59014942	8.21951968281988	8.03049887266283	8.38661950120394	-0.257252159297991	0.0149972672963539	0.0497513603578196
9413	chr19	44582265	44605073	10.9381604626106	11.0301422268672	10.8399124423163	0.162971091039726	0.0149995934436716	0.0497513603578196
2536	chr11	32753321	32762359	8.84939582842693	8.98831435143815	8.69566140460089	0.225509962895922	0.0150316250223394	0.0498488924163865
5527	chr14	30000018	30012265	10.0580039223525	9.92621862817944	10.1787522386342	-0.202355717771753	0.0150350724535327	0.0498516142724663
1061	chr1	162311948	162327576	10.0349390475495	10.1537603265307	9.90544607326698	0.200648783378005	0.0150498822957	0.0498920028104962
17683	chr9	37050278	37056806	8.33898865768041	8.47908799418177	8.18380654829005	0.227451607347949	0.0150549138911186	0.0498999669471779
13485	chr5	30502407	30511851	8.95009950469152	9.10272637985272	8.7793943966384	0.242880674120802	0.0150662428513004	0.0499287974637386
4950	chr13	63463611	63474562	9.20603028825456	9.05733422941348	9.34082240658222	-0.21918673050468	0.015072217371384	0.0499398766570352
4583	chr13	30497159	30518090	10.394612221355	10.2828937470175	10.4982978327282	-0.17974360748166	0.0150897930075122	0.0499816176892151
1939	chr10	78371995	78377722	8.60393894628601	8.43500095705592	8.75515194348619	-0.238043548357948	0.015090082162348	0.0499816176892151
430	chr1	74186981	74196300	8.5757602541336	8.35405910382392	8.76788666135316	-0.28643500781218	0.0150938459700655	0.0499853607862281
